video_id,file,load_ok,missing_fields,null_fields,schema_ok,author,channel_id,title,publish_date,title_date,publish_date_parsed,date_match,length_seconds,length_valid,description_chars,keyword_count,watch_url,youtube_id,duplicate_watch_url,duplicate_youtube_id
L21_V001,media-info-aic25-b1\media-info\L21_V001.json,True,,,True,60 Giây Official,UCRjzfa1E0gA50lvDQipbDMg,60 Giây Sáng - Ngày 01082024 - HTV Tin Tức Mới Nhất 2024,01/08/2024,2024-08-01,2024-08-01,True,1262,True,1221,31,https://youtube.com/watch?v=Rzpw5WR7nAY,Rzpw5WR7nAY,False,False
L21_V002,media-info-aic25-b1\media-info\L21_V002.json,True,,,True,60 Giây Official,UCRjzfa1E0gA50lvDQipbDMg,60 Giây Sáng - Ngày 02082024 - HTV Tin Tức Mới Nhất 2024,02/08/2024,2024-08-02,2024-08-02,True,1057,True,1221,31,https://youtube.com/watch?v=qqC4FLMNLdI,qqC4FLMNLdI,False,False
L21_V003,media-info-aic25-b1\media-info\L21_V003.json,True,,,True,60 Giây Official,UCRjzfa1E0gA50lvDQipbDMg,60 Giây Sáng - Ngày 03082024 -  HTV Tin Tức Mới Nhất 2024,03/08/2024,2024-08-03,2024-08-03,True,1198,True,1222,31,https://youtube.com/watch?v=JrDeTiLY0u8,JrDeTiLY0u8,False,False
L21_V005,media-info-aic25-b1\media-info\L21_V005.json,True,,,True,60 Giây Official,UCRjzfa1E0gA50lvDQipbDMg,60 Giây Sáng - Ngày 05082024 - HTV Tin Tức Mới Nhất 2024,05/08/2024,2024-08-05,2024-08-05,True,943,True,1221,31,https://youtube.com/watch?v=GT5KeMmD5Sw,GT5KeMmD5Sw,False,False
L21_V006,media-info-aic25-b1\media-info\L21_V006.json,True,,,True,60 Giây Official,UCRjzfa1E0gA50lvDQipbDMg,60 Giây Sáng - Ngày 06082024 - HTV Tin Tức Mới Nhất 2024,06/08/2024,2024-08-06,2024-08-06,True,1036,True,1221,31,https://youtube.com/watch?v=HphV3ZNfA5A,HphV3ZNfA5A,False,False
L21_V007,media-info-aic25-b1\media-info\L21_V007.json,True,,,True,60 Giây Official,UCRjzfa1E0gA50lvDQipbDMg,60 Giây Sáng - Ngày 07082024 - HTV Tin Tức Mới Nhất 2024,07/08/2024,2024-08-07,2024-08-07,True,842,True,1221,31,https://youtube.com/watch?v=XGkqs8JOkUE,XGkqs8JOkUE,False,False
L21_V008,media-info-aic25-b1\media-info\L21_V008.json,True,,,True,60 Giây Official,UCRjzfa1E0gA50lvDQipbDMg,60 Giây Sáng - Ngày 08082024 - HTV Tin Tức Mới Nhất 2024,08/08/2024,2024-08-08,2024-08-08,True,1349,True,1221,31,https://youtube.com/watch?v=VfiS267Cq8Q,VfiS267Cq8Q,False,False
L21_V009,media-info-aic25-b1\media-info\L21_V009.json,True,,,True,60 Giây Official,UCRjzfa1E0gA50lvDQipbDMg,60 Giây Sáng - Ngày 09082024 - HTV Tin Tức Mới Nhất 2024,09/08/2024,2024-08-09,2024-08-09,True,1160,True,1221,31,https://youtube.com/watch?v=jRmRk5Fhfnk,jRmRk5Fhfnk,False,False
L21_V010,media-info-aic25-b1\media-info\L21_V010.json,True,,,True,60 Giây Official,UCRjzfa1E0gA50lvDQipbDMg,60 Giây Sáng - Ngày 10082024 - HTV Tin Tức Mới Nhất 2024,10/08/2024,2024-08-10,2024-08-10,True,1133,True,1221,31,https://youtube.com/watch?v=JafrhS13ukg,JafrhS13ukg,False,False
L21_V011,media-info-aic25-b1\media-info\L21_V011.json,True,,,True,60 Giây Official,UCRjzfa1E0gA50lvDQipbDMg,60 Giây Sáng - Ngày 11082024 - HTV Tin Tức Mới Nhất 2024,11/08/2024,2024-08-11,2024-08-11,True,1005,True,1221,31,https://youtube.com/watch?v=uQuY24hJrqQ,uQuY24hJrqQ,False,False
L21_V012,media-info-aic25-b1\media-info\L21_V012.json,True,,,True,60 Giây Official,UCRjzfa1E0gA50lvDQipbDMg,60 Giây Sáng - Ngày 12082024 - HTV Tin Tức Mới Nhất 2024,12/08/2024,2024-08-12,2024-08-12,True,932,True,1221,31,https://youtube.com/watch?v=cwMcSunEakw,cwMcSunEakw,False,False
L21_V013,media-info-aic25-b1\media-info\L21_V013.json,True,,,True,60 Giây Official,UCRjzfa1E0gA50lvDQipbDMg,60 Giây Sáng - Ngày 13082024 - HTV Tin Tức Mới Nhất 2024,13/08/2024,2024-08-13,2024-08-13,True,1127,True,1221,31,https://youtube.com/watch?v=uBi2IfecQ1U,uBi2IfecQ1U,False,False
L21_V014,media-info-aic25-b1\media-info\L21_V014.json,True,,,True,60 Giây Official,UCRjzfa1E0gA50lvDQipbDMg,60 Giây Sáng - Ngày 14082024 - HTV Tin Tức Mới Nhất 2024,14/08/2024,2024-08-14,2024-08-14,True,1117,True,1221,31,https://youtube.com/watch?v=wL_-KhpMU7I,wL_-KhpMU7I,False,False
L21_V015,media-info-aic25-b1\media-info\L21_V015.json,True,,,True,60 Giây Official,UCRjzfa1E0gA50lvDQipbDMg,60 Giây Sáng - Ngày 15082024 - HTV Tin Tức Mới Nhất 2024,15/08/2024,2024-08-15,2024-08-15,True,1304,True,1221,31,https://youtube.com/watch?v=4MADNqa2Ihw,4MADNqa2Ihw,False,False
L21_V016,media-info-aic25-b1\media-info\L21_V016.json,True,,,True,60 Giây Official,UCRjzfa1E0gA50lvDQipbDMg,60 Giây Sáng - Ngày 16082024 - HTV Tin Tức Mới Nhất 2024,16/08/2024,2024-08-16,2024-08-16,True,1055,True,1221,31,https://youtube.com/watch?v=m513jMSeLds,m513jMSeLds,False,False
L21_V017,media-info-aic25-b1\media-info\L21_V017.json,True,,,True,60 Giây Official,UCRjzfa1E0gA50lvDQipbDMg,60 Giây Sáng - Ngày 17082024 - HTV Tin Tức Mới Nhất 2024,17/08/2024,2024-08-17,2024-08-17,True,950,True,1221,31,https://youtube.com/watch?v=LT--fELSd9s,LT--fELSd9s,False,False
L21_V018,media-info-aic25-b1\media-info\L21_V018.json,True,,,True,60 Giây Official,UCRjzfa1E0gA50lvDQipbDMg,60 Giây Sáng - Ngày 18082024 - HTV Tin Tức Mới Nhất 2024,18/08/2024,2024-08-18,2024-08-18,True,1144,True,1221,31,https://youtube.com/watch?v=1tKajOFGqSQ,1tKajOFGqSQ,False,False
L21_V019,media-info-aic25-b1\media-info\L21_V019.json,True,,,True,60 Giây Official,UCRjzfa1E0gA50lvDQipbDMg,60 Giây Sáng - Ngày 19082024 - HTV Tin Tức Mới Nhất 2024,19/08/2024,2024-08-19,2024-08-19,True,1101,True,1221,31,https://youtube.com/watch?v=vipckUPsGpg,vipckUPsGpg,False,False
L21_V021,media-info-aic25-b1\media-info\L21_V021.json,True,,,True,60 Giây Official,UCRjzfa1E0gA50lvDQipbDMg,60 Giây Sáng - Ngày 21082024 - HTV Tin Tức Mới Nhất 2024,21/08/2024,2024-08-21,2024-08-21,True,1030,True,1221,31,https://youtube.com/watch?v=hTTaBTWWipY,hTTaBTWWipY,False,False
L21_V022,media-info-aic25-b1\media-info\L21_V022.json,True,,,True,60 Giây Official,UCRjzfa1E0gA50lvDQipbDMg,60 Giây Sáng - Ngày 22082024 - HTV Tin Tức Mới Nhất 2024,22/08/2024,2024-08-22,2024-08-22,True,978,True,1221,31,https://youtube.com/watch?v=RC2t4XXAFfE,RC2t4XXAFfE,False,False
L21_V023,media-info-aic25-b1\media-info\L21_V023.json,True,,,True,60 Giây Official,UCRjzfa1E0gA50lvDQipbDMg,60 Giây Sáng - Ngày 23082024 - HTV Tin Tức Mới Nhất 2024,23/08/2024,2024-08-23,2024-08-23,True,1180,True,1221,31,https://youtube.com/watch?v=lIIsVPGK6uo,lIIsVPGK6uo,False,False
L21_V024,media-info-aic25-b1\media-info\L21_V024.json,True,,,True,60 Giây Official,UCRjzfa1E0gA50lvDQipbDMg,60 Giây Sáng - Ngày 24082024 - HTV Tin Tức Mới Nhất 2024,24/08/2024,2024-08-24,2024-08-24,True,1202,True,1221,31,https://youtube.com/watch?v=wgPPoa7OcmE,wgPPoa7OcmE,False,False
L21_V025,media-info-aic25-b1\media-info\L21_V025.json,True,,,True,60 Giây Official,UCRjzfa1E0gA50lvDQipbDMg,60 Giây Sáng - Ngày 25082024 - HTV Tin Tức Mới Nhất 2024,25/08/2024,2024-08-25,2024-08-25,True,1180,True,1221,31,https://youtube.com/watch?v=-YKaIUk1T0U,-YKaIUk1T0U,False,False
L21_V026,media-info-aic25-b1\media-info\L21_V026.json,True,,,True,60 Giây Official,UCRjzfa1E0gA50lvDQipbDMg,60 Giây Sáng - Ngày 26082024 - HTV Tin Tức Mới Nhất 2024,26/08/2024,2024-08-26,2024-08-26,True,1152,True,1221,31,https://youtube.com/watch?v=pj1VkEuMYM4,pj1VkEuMYM4,False,False
L21_V027,media-info-aic25-b1\media-info\L21_V027.json,True,,,True,60 Giây Official,UCRjzfa1E0gA50lvDQipbDMg,60 Giây Sáng - Ngày 27082024 - HTV Tin Tức Mới Nhất 2024,27/08/2024,2024-08-27,2024-08-27,True,1160,True,1221,31,https://youtube.com/watch?v=XjYeGkh1ZSg,XjYeGkh1ZSg,False,False
L21_V028,media-info-aic25-b1\media-info\L21_V028.json,True,,,True,60 Giây Official,UCRjzfa1E0gA50lvDQipbDMg,60 Giây Sáng - Ngày 28082024 - HTV Tin Tức Mới Nhất 2024,28/08/2024,2024-08-28,2024-08-28,True,1019,True,1221,31,https://youtube.com/watch?v=YiF5LpNRak4,YiF5LpNRak4,False,False
L21_V029,media-info-aic25-b1\media-info\L21_V029.json,True,,,True,60 Giây Official,UCRjzfa1E0gA50lvDQipbDMg,60 Giây Sáng - Ngày 29082024 - HTV Tin Tức Mới Nhất 2024,29/08/2024,2024-08-29,2024-08-29,True,1156,True,1221,31,https://youtube.com/watch?v=dlpQXX_hYxk,dlpQXX_hYxk,False,False
L21_V030,media-info-aic25-b1\media-info\L21_V030.json,True,,,True,60 Giây Official,UCRjzfa1E0gA50lvDQipbDMg,60 Giây Sáng - Ngày 30082024 - HTV Tin Tức Mới Nhất 2024,30/08/2024,2024-08-30,2024-08-30,True,1060,True,1221,31,https://youtube.com/watch?v=5HtjWheNDPM,5HtjWheNDPM,False,False
L21_V031,media-info-aic25-b1\media-info\L21_V031.json,True,,,True,60 Giây Official,UCRjzfa1E0gA50lvDQipbDMg,60 Giây Sáng - Ngày 31082024 - HTV Tin Tức Mới Nhất 2024,31/08/2024,2024-08-31,2024-08-31,True,1101,True,1221,31,https://youtube.com/watch?v=fjL7m7SAoLA,fjL7m7SAoLA,False,False
L22_V001,media-info-aic25-b1\media-info\L22_V001.json,True,,,True,60 Giây Official,UCRjzfa1E0gA50lvDQipbDMg,60 Giây Chiều - Ngày 01082024 - HTV Tin Tức Mới Nhất 2024,02/08/2024,2024-08-01,2024-08-02,False,1163,True,1222,31,https://youtube.com/watch?v=GZdi9xpiItU,GZdi9xpiItU,False,False
L22_V002,media-info-aic25-b1\media-info\L22_V002.json,True,,,True,60 Giây Official,UCRjzfa1E0gA50lvDQipbDMg,60 Giây Chiều - Ngày 02082024 -  HTV Tin Tức Mới Nhất 2024,03/08/2024,2024-08-02,2024-08-03,False,1187,True,1223,31,https://youtube.com/watch?v=tIiV66LvrZg,tIiV66LvrZg,False,False
L22_V003,media-info-aic25-b1\media-info\L22_V003.json,True,,,True,60 Giây Official,UCRjzfa1E0gA50lvDQipbDMg,60 Giây Chiều - Ngày 03082024 - HTV Tin Tức Mới Nhất 2024,04/08/2024,2024-08-03,2024-08-04,False,1225,True,1222,31,https://youtube.com/watch?v=aJJUkV1L_Cw,aJJUkV1L_Cw,False,False
L22_V004,media-info-aic25-b1\media-info\L22_V004.json,True,,,True,60 Giây Official,UCRjzfa1E0gA50lvDQipbDMg,60 Giây Chiều - Ngày 04082024 - HTV Tin Tức Mới Nhất 2024,05/08/2024,2024-08-04,2024-08-05,False,1304,True,1222,31,https://youtube.com/watch?v=1KESxskpr4g,1KESxskpr4g,False,False
L22_V005,media-info-aic25-b1\media-info\L22_V005.json,True,,,True,60 Giây Official,UCRjzfa1E0gA50lvDQipbDMg,60 Giây Chiều - Ngày 05082024 - HTV Tin Tức Mới Nhất 2024,06/08/2024,2024-08-05,2024-08-06,False,1041,True,1222,31,https://youtube.com/watch?v=1YDOImIQJ-U,1YDOImIQJ-U,False,False
L22_V006,media-info-aic25-b1\media-info\L22_V006.json,True,,,True,60 Giây Official,UCRjzfa1E0gA50lvDQipbDMg,60 Giây Chiều - Ngày 06082024 - HTV Tin Tức Mới Nhất 2024,07/08/2024,2024-08-06,2024-08-07,False,1287,True,1222,31,https://youtube.com/watch?v=VE8zB4YjGw4,VE8zB4YjGw4,False,False
L22_V007,media-info-aic25-b1\media-info\L22_V007.json,True,,,True,60 Giây Official,UCRjzfa1E0gA50lvDQipbDMg,60 Giây Chiều - Ngày 07082024 - HTV Tin Tức Mới Nhất 2024,08/08/2024,2024-08-07,2024-08-08,False,1201,True,1222,31,https://youtube.com/watch?v=Oz4rR9DZreg,Oz4rR9DZreg,False,False
L22_V008,media-info-aic25-b1\media-info\L22_V008.json,True,,,True,60 Giây Official,UCRjzfa1E0gA50lvDQipbDMg,60 Giây Chiều - Ngày 08082024 - HTV Tin Tức Mới Nhất 2024,09/08/2024,2024-08-08,2024-08-09,False,1096,True,1222,31,https://youtube.com/watch?v=DU9TutI7xnU,DU9TutI7xnU,False,False
L22_V009,media-info-aic25-b1\media-info\L22_V009.json,True,,,True,60 Giây Official,UCRjzfa1E0gA50lvDQipbDMg,60 Giây Chiều - Ngày 09082024 - HTV Tin Tức Mới Nhất 2024,10/08/2024,2024-08-09,2024-08-10,False,1077,True,1222,31,https://youtube.com/watch?v=Six0zgQNSNI,Six0zgQNSNI,False,False
L22_V010,media-info-aic25-b1\media-info\L22_V010.json,True,,,True,60 Giây Official,UCRjzfa1E0gA50lvDQipbDMg,60 Giây Chiều - Ngày 10082024 - HTV Tin Tức Mới Nhất 2024,11/08/2024,2024-08-10,2024-08-11,False,1091,True,1222,31,https://youtube.com/watch?v=TWcfxEOHxYk,TWcfxEOHxYk,False,False
L22_V011,media-info-aic25-b1\media-info\L22_V011.json,True,,,True,60 Giây Official,UCRjzfa1E0gA50lvDQipbDMg,60 Giây Chiều - Ngày 11082024 - HTV Tin Tức Mới Nhất 2024,12/08/2024,2024-08-11,2024-08-12,False,1096,True,1222,31,https://youtube.com/watch?v=6puiLImJz6c,6puiLImJz6c,False,False
L22_V012,media-info-aic25-b1\media-info\L22_V012.json,True,,,True,60 Giây Official,UCRjzfa1E0gA50lvDQipbDMg,60 Giây Chiều - Ngày 12082024 - HTV Tin Tức Mới Nhất 2024,13/08/2024,2024-08-12,2024-08-13,False,1205,True,1222,31,https://youtube.com/watch?v=CpLUbAWRtEc,CpLUbAWRtEc,False,False
L22_V013,media-info-aic25-b1\media-info\L22_V013.json,True,,,True,60 Giây Official,UCRjzfa1E0gA50lvDQipbDMg,60 Giây Chiều - Ngày 13082024 - HTV Tin Tức Mới Nhất 2024,14/08/2024,2024-08-13,2024-08-14,False,1267,True,1222,31,https://youtube.com/watch?v=RCCBx1TjnvQ,RCCBx1TjnvQ,False,False
L22_V014,media-info-aic25-b1\media-info\L22_V014.json,True,,,True,60 Giây Official,UCRjzfa1E0gA50lvDQipbDMg,60 Giây Chiều - Ngày 14082024 - HTV Tin Tức Mới Nhất 2024,15/08/2024,2024-08-14,2024-08-15,False,1139,True,1222,31,https://youtube.com/watch?v=LUKnehqHaCI,LUKnehqHaCI,False,False
L22_V015,media-info-aic25-b1\media-info\L22_V015.json,True,,,True,60 Giây Official,UCRjzfa1E0gA50lvDQipbDMg,60 Giây Chiều - Ngày 15082024 - HTV Tin Tức Mới Nhất 2024,16/08/2024,2024-08-15,2024-08-16,False,1308,True,1222,31,https://youtube.com/watch?v=_RBnR5oex_8,_RBnR5oex_8,False,False
L22_V016,media-info-aic25-b1\media-info\L22_V016.json,True,,,True,60 Giây Official,UCRjzfa1E0gA50lvDQipbDMg,60 Giây Chiều - Ngày 16082024 - HTV Tin Tức Mới Nhất 2024,17/08/2024,2024-08-16,2024-08-17,False,1437,True,1222,31,https://youtube.com/watch?v=nE-KgYA_OWk,nE-KgYA_OWk,False,False
L22_V017,media-info-aic25-b1\media-info\L22_V017.json,True,,,True,60 Giây Official,UCRjzfa1E0gA50lvDQipbDMg,60 Giây Chiều - Ngày 17082024 - HTV Tin Tức Mới Nhất 2024,18/08/2024,2024-08-17,2024-08-18,False,1103,True,1222,31,https://youtube.com/watch?v=t00BJlaDZwI,t00BJlaDZwI,False,False
L22_V018,media-info-aic25-b1\media-info\L22_V018.json,True,,,True,60 Giây Official,UCRjzfa1E0gA50lvDQipbDMg,60 Giây Chiều - Ngày 18082024 - HTV Tin Tức Mới Nhất 2024,19/08/2024,2024-08-18,2024-08-19,False,1377,True,1222,31,https://youtube.com/watch?v=YfF-qad2zIU,YfF-qad2zIU,False,False
L22_V019,media-info-aic25-b1\media-info\L22_V019.json,True,,,True,60 Giây Official,UCRjzfa1E0gA50lvDQipbDMg,60 Giây Chiều - Ngày 19082024 - HTV Tin Tức Mới Nhất 2024,20/08/2024,2024-08-19,2024-08-20,False,1034,True,1222,31,https://youtube.com/watch?v=cncdOlbRN6k,cncdOlbRN6k,False,False
L22_V020,media-info-aic25-b1\media-info\L22_V020.json,True,,,True,60 Giây Official,UCRjzfa1E0gA50lvDQipbDMg,60 Giây Chiều - Ngày 20082024 - HTV Tin Tức Mới Nhất 2024,21/08/2024,2024-08-20,2024-08-21,False,1299,True,1222,31,https://youtube.com/watch?v=60qHcTBp6VY,60qHcTBp6VY,False,False
L22_V021,media-info-aic25-b1\media-info\L22_V021.json,True,,,True,60 Giây Official,UCRjzfa1E0gA50lvDQipbDMg,60 Giây Chiều - Ngày 21082024 - HTV Tin Tức Mới Nhất 2024,22/08/2024,2024-08-21,2024-08-22,False,1271,True,1222,31,https://youtube.com/watch?v=1feJrcoo5Rk,1feJrcoo5Rk,False,False
L22_V022,media-info-aic25-b1\media-info\L22_V022.json,True,,,True,60 Giây Official,UCRjzfa1E0gA50lvDQipbDMg,60 Giây Chiều - Ngày 22082024 - HTV Tin Tức Mới Nhất 2024,23/08/2024,2024-08-22,2024-08-23,False,1138,True,1222,31,https://youtube.com/watch?v=s11qoPYYbKA,s11qoPYYbKA,False,False
L22_V023,media-info-aic25-b1\media-info\L22_V023.json,True,,,True,60 Giây Official,UCRjzfa1E0gA50lvDQipbDMg,60 Giây Chiều - Ngày 23082024 - HTV Tin Tức Mới Nhất 2024,24/08/2024,2024-08-23,2024-08-24,False,1243,True,1222,31,https://youtube.com/watch?v=gkFo9B1NhOc,gkFo9B1NhOc,False,False
L22_V024,media-info-aic25-b1\media-info\L22_V024.json,True,,,True,60 Giây Official,UCRjzfa1E0gA50lvDQipbDMg,60 Giây Chiều - Ngày 24082024 - HTV Tin Tức Mới Nhất 2024,25/08/2024,2024-08-24,2024-08-25,False,1268,True,1222,31,https://youtube.com/watch?v=TE5ED6iwn9g,TE5ED6iwn9g,False,False
L22_V025,media-info-aic25-b1\media-info\L22_V025.json,True,,,True,60 Giây Official,UCRjzfa1E0gA50lvDQipbDMg,60 Giây Chiều - Ngày 25082024 - HTV Tin Tức Mới Nhất 2024,26/08/2024,2024-08-25,2024-08-26,False,1129,True,1222,31,https://youtube.com/watch?v=p6h043fMCUA,p6h043fMCUA,False,False
L22_V026,media-info-aic25-b1\media-info\L22_V026.json,True,,,True,60 Giây Official,UCRjzfa1E0gA50lvDQipbDMg,60 Giây Chiều - Ngày 26082024 - HTV Tin Tức Mới Nhất 2024,27/08/2024,2024-08-26,2024-08-27,False,1136,True,1222,31,https://youtube.com/watch?v=eJ7gQYMrrWs,eJ7gQYMrrWs,False,False
L22_V027,media-info-aic25-b1\media-info\L22_V027.json,True,,,True,60 Giây Official,UCRjzfa1E0gA50lvDQipbDMg,60 Giây Chiều - Ngày 27082024 - HTV Tin Tức Mới Nhất 2024,28/08/2024,2024-08-27,2024-08-28,False,1107,True,1222,31,https://youtube.com/watch?v=VY7KrHcJmzg,VY7KrHcJmzg,False,False
L22_V028,media-info-aic25-b1\media-info\L22_V028.json,True,,,True,60 Giây Official,UCRjzfa1E0gA50lvDQipbDMg,60 Giây Chiều - Ngày 28082024 - HTV Tin Tức Mới Nhất 2024,29/08/2024,2024-08-28,2024-08-29,False,1115,True,1222,31,https://youtube.com/watch?v=mjy8h-iT-ms,mjy8h-iT-ms,False,False
L22_V029,media-info-aic25-b1\media-info\L22_V029.json,True,,,True,60 Giây Official,UCRjzfa1E0gA50lvDQipbDMg,60 Giây Chiều - Ngày 29082024 - HTV Tin Tức Mới Nhất 2024,30/08/2024,2024-08-29,2024-08-30,False,1056,True,1222,31,https://youtube.com/watch?v=8bsmllSKjjQ,8bsmllSKjjQ,False,False
L22_V030,media-info-aic25-b1\media-info\L22_V030.json,True,,,True,60 Giây Official,UCRjzfa1E0gA50lvDQipbDMg,60 Giây Chiều - Ngày 30082024 - HTV Tin Tức Mới Nhất 2024,31/08/2024,2024-08-30,2024-08-31,False,1118,True,1222,31,https://youtube.com/watch?v=MusUd666cwE,MusUd666cwE,False,False
L22_V031,media-info-aic25-b1\media-info\L22_V031.json,True,,,True,60 Giây Official,UCRjzfa1E0gA50lvDQipbDMg,60 Giây Chiều - Ngày 31082024 - HTV Tin Tức Mới Nhất 2024,01/09/2024,2024-08-31,2024-09-01,False,1190,True,1222,31,https://youtube.com/watch?v=rhRq9JBtpWY,rhRq9JBtpWY,False,False
L23_V001,media-info-aic25-b1\media-info\L23_V001.json,True,,,True,HTV Sports,UC_OBG47Y3PswSHnMWSlrgZA,DIỄN BIẾN VÒNG ĐUA CUỐI CÙNG - CHẶNG 1 CÚP TRUYỀN HÌNH 2024 RIKUNOV CHIẾN THẮNG TẠI MÉT CUỐI CÙNG,02/04/2024,,2024-04-02,,176,True,892,13,https://youtube.com/watch?v=3oVaFPFt9vI,3oVaFPFt9vI,False,False
L23_V002,media-info-aic25-b1\media-info\L23_V002.json,True,,,True,HTV Sports,UC_OBG47Y3PswSHnMWSlrgZA,RIKUNOV QUÁ MẠNH MẼ Ở NHỮNG MÉT CUỐI  DIỄN BIẾN NHỮNG VÒNG ĐUA CUỐI - CHẶNG 2 CÚP TRUYỀN HÌNH 2024,03/04/2024,,2024-04-03,,436,True,892,13,https://youtube.com/watch?v=6J0loXv8wJw,6J0loXv8wJw,False,False
L23_V003,media-info-aic25-b1\media-info\L23_V003.json,True,,,True,HTV Sports,UC_OBG47Y3PswSHnMWSlrgZA,🔥🔥 QUÁ KHỦNG KHIẾP VỚI CÚ HATTRICK CỦA ANH LONG - PETR RIKUNOV  DIỄN BIẾN NHỮNG VÒNG ĐUA CUỐI,04/04/2024,,2024-04-04,,310,True,892,13,https://youtube.com/watch?v=Btr8jXBzZXE,Btr8jXBzZXE,False,False
L23_V004,media-info-aic25-b1\media-info\L23_V004.json,True,,,True,HTV Sports,UC_OBG47Y3PswSHnMWSlrgZA,MARTIN LAAS MANG VỀ CHIẾN THẮNG CHẶNG ĐẦU TIÊN CHO VĨNH LONG  DIỄN BIẾN NHỮNG KM CUỐI CHẶNG 4,05/04/2024,,2024-04-05,,397,True,892,13,https://youtube.com/watch?v=FYpPfAIjWPs,FYpPfAIjWPs,False,False
L23_V005,media-info-aic25-b1\media-info\L23_V005.json,True,,,True,HTV Sports,UC_OBG47Y3PswSHnMWSlrgZA,DIỄN BIẾN VÒNG ĐUA CUỐI CÙNG - CHẶNG 5 VÒNG ĐUA HỒ HOÀN KIẾM  CÚP TRUYỀN HÌNH TP.HCM 2024,06/04/2024,,2024-04-06,,243,True,892,13,https://youtube.com/watch?v=WD9qm6XOPTA,WD9qm6XOPTA,False,False
L23_V006,media-info-aic25-b1\media-info\L23_V006.json,True,,,True,HTV Sports,UC_OBG47Y3PswSHnMWSlrgZA,ANH LONG RIKUNOV TRỞ LẠI ĐẦY MẠNH MẼ ĐỂ GIÀNH CHIẾN THẮNG CHẶNG LẦN 4  DIỄN BIẾN NHỮNG KM CUỐI,07/04/2024,,2024-04-07,,357,True,892,13,https://youtube.com/watch?v=q0lRq2DkCc8,q0lRq2DkCc8,False,False
L23_V007,media-info-aic25-b1\media-info\L23_V007.json,True,,,True,HTV Sports,UC_OBG47Y3PswSHnMWSlrgZA,TẬP ĐOÀN LỘC TRỜI AN GIANG XUẤT SẮC GIÀNH CHIẾN THẮNG ĐỒNG ĐỘI TÍNH GIỜ  CÚP TRUYỀN HÌNH TPHCM 2024,09/04/2024,,2024-04-09,,395,True,892,13,https://youtube.com/watch?v=fnFwv6pOkyA,fnFwv6pOkyA,False,False
L23_V008,media-info-aic25-b1\media-info\L23_V008.json,True,,,True,HTV Sports,UC_OBG47Y3PswSHnMWSlrgZA,MARTIN LAAS XUẤT SẮC CÓ CHIẾN THẮNG CHẶNG LẦN THỨ 2 CHO VĨNH LONG  CHẶNG 8 TP. SẦM SƠN - TP. VINH,10/04/2024,,2024-04-10,,247,True,892,13,https://youtube.com/watch?v=bpTRldeMipQ,bpTRldeMipQ,False,False
L23_V009,media-info-aic25-b1\media-info\L23_V009.json,True,,,True,HTV Sports,UC_OBG47Y3PswSHnMWSlrgZA,KHỦNG LONG RIKUNOV KHẲNG ĐỊNH SỨC MẠNH TRƯỚC ĐỐI THỦ MARTIN LAAS  DIỄN BIẾN NHỮNG KM CUỐI CHẶNG 9,11/04/2024,,2024-04-11,,314,True,851,13,https://youtube.com/watch?v=rkNjXQOanI0,rkNjXQOanI0,False,False
L23_V010,media-info-aic25-b1\media-info\L23_V010.json,True,,,True,HTV Sports,UC_OBG47Y3PswSHnMWSlrgZA,MARTIN LAAS XUẤT SẮC GIÀNH CHIẾN THẮNG CHẶNG LẦN 3  DIỄN BIẾN NHỮNG KM CUỐI CÙNG CHẶNG 10 TẠI HUẾ,13/04/2024,,2024-04-13,,312,True,829,13,https://youtube.com/watch?v=GQgS2AQurD4,GQgS2AQurD4,False,False
L23_V011,media-info-aic25-b1\media-info\L23_V011.json,True,,,True,HTV Sports,UC_OBG47Y3PswSHnMWSlrgZA,MARTIN LAAS TIẾP TỤC LẤY CHIẾN THẮNG CHẶNG LẦN THỨ 4  Diễn biến những km cuối cùng Chặng 11,13/04/2024,,2024-04-13,,405,True,892,13,https://youtube.com/watch?v=bjsc2VpUQE0,bjsc2VpUQE0,False,False
L23_V012,media-info-aic25-b1\media-info\L23_V012.json,True,,,True,HTV Sports,UC_OBG47Y3PswSHnMWSlrgZA,ANH LONG - RIKUNOV LẠI KHẲNG ĐỊNH SỨC MẠNH TẠI TP. ĐÀ NẴNG  DIỄN BIẾN NHỮNG KM CUỐI CÙNG CHẶNG 12,14/04/2024,,2024-04-14,,417,True,892,13,https://youtube.com/watch?v=NbBziotw1IA,NbBziotw1IA,False,False
L23_V013,media-info-aic25-b1\media-info\L23_V013.json,True,,,True,HTV Sports,UC_OBG47Y3PswSHnMWSlrgZA,MARTIN LAAS XUẤT SẮC GIÀNH THÊM 1 CHIẾN THẮNG CHẶNG TẠI TP TAM KỲ  DIỄN BIẾN NHỮNG KM CUỐI CHẶNG 13,16/04/2024,,2024-04-16,,371,True,892,13,https://youtube.com/watch?v=QzJpVmt19cA,QzJpVmt19cA,False,False
L23_V014,media-info-aic25-b1\media-info\L23_V014.json,True,,,True,HTV Sports,UC_OBG47Y3PswSHnMWSlrgZA,HẤP DẪN CHO ĐẾN NHỮNG MÉT CUỐI CÙNG - CHÚC MỪNG TRẦN TUẤN KIỆT CÓ THẮNG CHẶNG LẦN 2,18/04/2024,,2024-04-18,,320,True,892,13,https://youtube.com/watch?v=qTtuy9jWMPY,qTtuy9jWMPY,False,False
L23_V015,media-info-aic25-b1\media-info\L23_V015.json,True,,,True,HTV Sports,UC_OBG47Y3PswSHnMWSlrgZA,LỜI KHẲNG ĐỊNH ĐẦY MẠNH MẼ TỪ ANH LONG - RIKUNOV  DIỄN BIẾN NHỮNG KM CUỐI CHẶNG 15,18/04/2024,,2024-04-18,,370,True,892,13,https://youtube.com/watch?v=6dJAWIYPpYs,6dJAWIYPpYs,False,False
L23_V016,media-info-aic25-b1\media-info\L23_V016.json,True,,,True,HTV Sports,UC_OBG47Y3PswSHnMWSlrgZA,NỖ LỰC TUYỆT VỜI CỦA LÊ NGUYỆT MINH - GIÚP TP.HCM NEW GROUP CÓ CHIẾN THẮNG CHẶNG ĐẦU TIÊN,19/04/2024,,2024-04-19,,336,True,892,13,https://youtube.com/watch?v=AxrWuYGHZ7U,AxrWuYGHZ7U,False,False
L23_V017,media-info-aic25-b1\media-info\L23_V017.json,True,,,True,HTV Sports,UC_OBG47Y3PswSHnMWSlrgZA,CHÚC MỪNG SAVVA NOVIKOV CÓ CHIẾN THẮNG CHẶNG ĐẦU TIÊN RẤT XUẤT SẮC  DIỄN BIẾN KM CUỐI CHẶNG 17,20/04/2024,,2024-04-20,,318,True,916,13,https://youtube.com/watch?v=tzvLHlMcNFI,tzvLHlMcNFI,False,False
L23_V018,media-info-aic25-b1\media-info\L23_V018.json,True,,,True,HTV Sports,UC_OBG47Y3PswSHnMWSlrgZA,MARTIN LAAS KHẲNG ĐỊNH SỨC MẠNH LẦN NỮA TẠI VÒNG ĐUA HỒ XUÂN HƯƠNG - ĐÀ LẠT DIỄN BIẾN NHỮNG KM CUỐI,21/04/2024,,2024-04-21,,508,True,892,13,https://youtube.com/watch?v=wCWJOKPj6i0,wCWJOKPj6i0,False,False
L23_V019,media-info-aic25-b1\media-info\L23_V019.json,True,,,True,HTV Sports,UC_OBG47Y3PswSHnMWSlrgZA,NÓI GÌ NỮA VỀ SỰ XUẤT SẮC CỦA ANH LONG - PETR RIKUNOV ĐÂY QUÝ VỊ !  DIỄN BIẾN NHỮNG KM CUỐI CÙNG,23/04/2024,,2024-04-23,,541,True,892,13,https://youtube.com/watch?v=I46KHfjIPQk,I46KHfjIPQk,False,False
L23_V020,media-info-aic25-b1\media-info\L23_V020.json,True,,,True,HTV Sports,UC_OBG47Y3PswSHnMWSlrgZA,NGUYỄN VĂN NHÃ CÓ CHIẾN THẮNG CHẶNG ĐẦU TIÊN RẤT TUYỆT VỜI !  DIỄN BIẾN NHỮNG KM CUỐI CHẶNG 20,24/04/2024,,2024-04-24,,385,True,892,13,https://youtube.com/watch?v=kmU6jBK9H54,kmU6jBK9H54,False,False
L23_V021,media-info-aic25-b1\media-info\L23_V021.json,True,,,True,HTV Sports,UC_OBG47Y3PswSHnMWSlrgZA,Rikunov cùng Martin Laas tiếp tục so kè khẳng định sức mạnh tại đích đến Mỹ Tho (Tiền Giang),25/04/2024,,2024-04-25,,544,True,892,13,https://youtube.com/watch?v=Iupvfa7uLyw,Iupvfa7uLyw,False,False
L23_V022,media-info-aic25-b1\media-info\L23_V022.json,True,,,True,HTV Sports,UC_OBG47Y3PswSHnMWSlrgZA,MARTIN LAAS CÓ THÊM CHIẾN THẮNG CHẶNG ĐẦY NẮNG NÓNG TẠI TP. CẦN THƠ  DIỄN BIẾN NHỮNG KM CUỐI C22,27/04/2024,,2024-04-27,,365,True,892,13,https://youtube.com/watch?v=A4GVOdnoIDU,A4GVOdnoIDU,False,False
L23_V023,media-info-aic25-b1\media-info\L23_V023.json,True,,,True,HTV Sports,UC_OBG47Y3PswSHnMWSlrgZA,NẮNG NÓNG CỠ NÀO ĐỂ CẢN BƯỚC ANH LONG - PETR RIKUNOV TẠI QUÊ NHÀ AN GIANG  CTH TPHCM 2024,27/04/2024,,2024-04-27,,395,True,892,13,https://youtube.com/watch?v=5RJWBk50rRo,5RJWBk50rRo,False,False
L23_V024,media-info-aic25-b1\media-info\L23_V024.json,True,,,True,HTV Sports,UC_OBG47Y3PswSHnMWSlrgZA,🎉🎉 CHÚC MỪNG TRẦN TUẤN KIỆT - ĐỨA CON CỦA ĐỒNG THÁP CÓ CHIẾN THẮNG CHẶNG ĐẦY CẢM XÚC TẠI QUÊ NHÀ ❤,28/04/2024,,2024-04-28,,400,True,908,13,https://youtube.com/watch?v=1kLJ8ynvRsY,1kLJ8ynvRsY,False,False
L23_V025,media-info-aic25-b1\media-info\L23_V025.json,True,,,True,HTV Sports,UC_OBG47Y3PswSHnMWSlrgZA,CHÚC MỪNG MARTIN LAAS CÓ CHIẾN THẮNG CHẶNG ĐẦY NGOẠN MỤC TẠI QUẢNG TRƯỜNG THỐNG NHẤT VÀO TRƯA 3004,30/04/2024,,2024-04-30,,860,True,840,13,https://youtube.com/watch?v=TwCnb13Y7no,TwCnb13Y7no,False,False
L24_V002,media-info-aic25-b1\media-info\L24_V002.json,True,,,True,HTV Sports,UC_OBG47Y3PswSHnMWSlrgZA,Màn trình diễn xứng danh Bộ đội cụ Hồ đội Tinh Anh Đường - Quận 5  Lân Sư Rồng Cúp Chợ Lớn - HTV,12/01/2024,,2024-01-12,,703,True,203,13,https://youtube.com/watch?v=W0yPC1ytRj8,W0yPC1ytRj8,False,False
L24_V003,media-info-aic25-b1\media-info\L24_V003.json,True,,,True,HTV Sports,UC_OBG47Y3PswSHnMWSlrgZA,Đoàn Nam Hoa - Lạc Long Quân diệt ngư tinh   Múa Rồng truyền thống  Cúp Chợ Lớn - HTV 2024,12/01/2024,,2024-01-12,,763,True,203,13,https://youtube.com/watch?v=bXMhsn050N4,bXMhsn050N4,False,False
L24_V004,media-info-aic25-b1\media-info\L24_V004.json,True,,,True,HTV Sports,UC_OBG47Y3PswSHnMWSlrgZA, Vươn cao con Rồng Đất Việt  - Hải Nam Liên Hữu  Múa rồng truyền thống   Cúp Chợ Lớn - HTV 2024,12/01/2024,,2024-01-12,,936,True,203,13,https://youtube.com/watch?v=rCw_cJVKuXU,rCw_cJVKuXU,False,False
L24_V005,media-info-aic25-b1\media-info\L24_V005.json,True,,,True,HTV Sports,UC_OBG47Y3PswSHnMWSlrgZA,Nam Sư Vượt Thiên Cấm hái thuốc về trị bệnh cho dân làng  Đoàn Lân Hưng Sủi – Sóc Trăng,13/01/2024,,2024-01-13,,625,True,227,13,https://youtube.com/watch?v=6hvzIEeylqY,6hvzIEeylqY,False,False
L24_V006,media-info-aic25-b1\media-info\L24_V006.json,True,,,True,HTV Sports,UC_OBG47Y3PswSHnMWSlrgZA,Nam Sư Oai Dũng Vượt Tam Sơn Hái Linh Chi  Đoàn Lân Oai Dũng Đường Q6 – TPHCM  Cúp Chợ Lớn - HTV,13/01/2024,,2024-01-13,,569,True,203,13,https://youtube.com/watch?v=WHsQgL962oY,WHsQgL962oY,False,False
L24_V007,media-info-aic25-b1\media-info\L24_V007.json,True,,,True,HTV Sports,UC_OBG47Y3PswSHnMWSlrgZA,Nam Sư Thông Thiên Đại Náo Đào Viên  Đoàn Lân Trung Liên Đường – Đồng Nai  Cúp Chợ Lớn - HTV 2024,13/01/2024,,2024-01-13,,570,True,203,13,https://youtube.com/watch?v=JVIr6RtExPg,JVIr6RtExPg,False,False
L24_V008,media-info-aic25-b1\media-info\L24_V008.json,True,,,True,HTV Sports,UC_OBG47Y3PswSHnMWSlrgZA,Kim Sư Du Hí Giúp Tiểu Kê  Đoàn Lân Huỳnh Lân Đường - Đồng Nai  Cúp Chợ Lớn - HTV 2024,13/01/2024,,2024-01-13,,562,True,203,13,https://youtube.com/watch?v=w8L5bDbC9yo,w8L5bDbC9yo,False,False
L24_V009,media-info-aic25-b1\media-info\L24_V009.json,True,,,True,HTV Sports,UC_OBG47Y3PswSHnMWSlrgZA,"Kim Lân Thượng Sơn Hái Linh Chi  Đoàn Lân Huỳnh Kim Lân, Thủ Đức – TPHCM  Cúp Chợ Lớn - HTV 2024",13/01/2024,,2024-01-13,,517,True,203,13,https://youtube.com/watch?v=QzeUHVoIBN8,QzeUHVoIBN8,False,False
L24_V010,media-info-aic25-b1\media-info\L24_V010.json,True,,,True,HTV Sports,UC_OBG47Y3PswSHnMWSlrgZA,Nam Sự Vượt Trường Sơn Hái Linh Chi  Đoàn Lân Bảo Hân Đường – Đồng Nai  Cúp Chợ Lớn - HTV 2024,13/01/2024,,2024-01-13,,469,True,203,13,https://youtube.com/watch?v=UhbihgZrtJI,UhbihgZrtJI,False,False
L24_V011,media-info-aic25-b1\media-info\L24_V011.json,True,,,True,HTV Sports,UC_OBG47Y3PswSHnMWSlrgZA,Ăn Linh Chi Hái Bông Hoa tưởng nhớ anh hùng Nguyễn Trung Trực  Đình Nguyễn Trung Trực – Kiên Giang,13/01/2024,,2024-01-13,,650,True,272,13,https://youtube.com/watch?v=Q1YCXZ4bS0Q,Q1YCXZ4bS0Q,False,False
L24_V012,media-info-aic25-b1\media-info\L24_V012.json,True,,,True,HTV Sports,UC_OBG47Y3PswSHnMWSlrgZA,"ĐÓN CHỜ NHÂN VẬT BÍ ẨN? Khán giả ơi, hôm nay là ngày cuối cùng của giải đấu Cúp Chợ lớn HTV 2024",13/01/2024,,2024-01-13,,97,True,533,13,https://youtube.com/watch?v=Hi1GqK7fop8,Hi1GqK7fop8,False,False
L24_V013,media-info-aic25-b1\media-info\L24_V013.json,True,,,True,HTV Sports,UC_OBG47Y3PswSHnMWSlrgZA,Hồng Sư Vượt Trường Sơn Hái Linh Chi  Đoàn Lân Minh Hào Đường - Quận 5  Cúp Chợ Lớn - HTV 2024,13/01/2024,,2024-01-13,,522,True,203,13,https://youtube.com/watch?v=uRq1WNxJfqw,uRq1WNxJfqw,False,False
L24_V014,media-info-aic25-b1\media-info\L24_V014.json,True,,,True,HTV Sports,UC_OBG47Y3PswSHnMWSlrgZA,Nam Sư Lên Tàu Tháo Neo Giúp Dân Đốt Tàu Chống Giặc  Đoàn Lân Tình Nghĩa – Kiên Giang  Cúp Chợ Lớn,13/01/2024,,2024-01-13,,526,True,316,13,https://youtube.com/watch?v=UHo6ZQgGPQA,UHo6ZQgGPQA,False,False
L24_V015,media-info-aic25-b1\media-info\L24_V015.json,True,,,True,HTV Sports,UC_OBG47Y3PswSHnMWSlrgZA,"Nam Sư Đằng Sơn bái Thần Long, thỉnh gươm thần  Đoàn Lân Nam Hoa – Bình Thuận  Cúp Chợ Lớn - HTV",14/01/2024,,2024-01-14,,597,True,203,13,https://youtube.com/watch?v=xXi9CeI7tXI,xXi9CeI7tXI,False,False
L24_V016,media-info-aic25-b1\media-info\L24_V016.json,True,,,True,HTV Sports,UC_OBG47Y3PswSHnMWSlrgZA,Mãnh Hổ Du Sơn ăn Linh Chi Hồi Long Châu  Đoàn Hải Nam Liên Hữu Q5 – TPHCM  Cúp Chợ Lớn - HTV 2024,14/01/2024,,2024-01-14,,564,True,203,13,https://youtube.com/watch?v=B8IK8eEDIWw,B8IK8eEDIWw,False,False
L24_V017,media-info-aic25-b1\media-info\L24_V017.json,True,,,True,HTV Sports,UC_OBG47Y3PswSHnMWSlrgZA,Ấn tượng với Lân lên Mai Hoa Thung tại Cúp Chợ Lớn - HTV 2024  Thể Thao 365  HTV Thể Thao,15/01/2024,,2024-01-15,,115,True,260,13,https://youtube.com/watch?v=6kfXCVJRRtU,6kfXCVJRRtU,False,False
L24_V018,media-info-aic25-b1\media-info\L24_V018.json,True,,,True,HTV Sports,UC_OBG47Y3PswSHnMWSlrgZA,Chú Lân lên núi giúp người dân lấy củi về nung gạch  Tân Dương - Vĩnh Long  Cúp Chợ Lớn - HTV 2024,15/01/2024,,2024-01-15,,660,True,203,13,https://youtube.com/watch?v=sPA1G6L7C5E,sPA1G6L7C5E,False,False
L24_V019,media-info-aic25-b1\media-info\L24_V019.json,True,,,True,HTV Sports,UC_OBG47Y3PswSHnMWSlrgZA,Nam Sư giúp Mai An Tiêm mang dưa hấu về dâng Vua Hùng  Đoàn Lân Lâm Vũ - Tây Ninh  Cúp Chợ Lớn HTV,15/01/2024,,2024-01-15,,520,True,203,13,https://youtube.com/watch?v=bYbi_sE3o1M,bYbi_sE3o1M,False,False
L24_V020,media-info-aic25-b1\media-info\L24_V020.json,True,,,True,HTV Sports,UC_OBG47Y3PswSHnMWSlrgZA,Chú Lân Dũng Cảm Vượt Trường Sơn Hái Linh Chi  Đoàn Lân Phúc Tâm - Đồng Nai Cúp Chợ Lớn - HTV 2024,15/01/2024,,2024-01-15,,497,True,203,13,https://youtube.com/watch?v=OM123EoSATk,OM123EoSATk,False,False
L24_V021,media-info-aic25-b1\media-info\L24_V021.json,True,,,True,HTV Sports,UC_OBG47Y3PswSHnMWSlrgZA,Nam Sư Vượt Quan Sơn Mang Hương Sen Về Kính Dâng Lên Lăng Bác  Đoàn Lân Tứ Kỳ - Hà Nội ,15/01/2024,,2024-01-15,,567,True,316,13,https://youtube.com/watch?v=6xfbfbPJFBE,6xfbfbPJFBE,False,False
L24_V022,media-info-aic25-b1\media-info\L24_V022.json,True,,,True,HTV Sports,UC_OBG47Y3PswSHnMWSlrgZA,Nam Sư Vượt Núi Hái Chuối Về Cho Hầu Tôn  Hiền Dũng Đường - Bình Dương  Cúp Chợ Lớn - HTV 2024,16/01/2024,,2024-01-16,,591,True,203,13,https://youtube.com/watch?v=uMgomPdFdMY,uMgomPdFdMY,False,False
L24_V023,media-info-aic25-b1\media-info\L24_V023.json,True,,,True,HTV Sports,UC_OBG47Y3PswSHnMWSlrgZA,Nam Sư Vượt Trường Sơn Hái Linh Chi  Đoàn Lân Tân Hoa Đường - Vĩnh Long  Cúp Chợ Lớn - HTV 2024,16/01/2024,,2024-01-16,,605,True,203,13,https://youtube.com/watch?v=b4M0rNuddJs,b4M0rNuddJs,False,False
L24_V024,media-info-aic25-b1\media-info\L24_V024.json,True,,,True,HTV Sports,UC_OBG47Y3PswSHnMWSlrgZA,Oai Triển Thần Phong Hiển Tinh Sư  Đoàn Lân Ngọc Long - Bình Định  Cúp Chợ Lớn - HTV 2024,16/01/2024,,2024-01-16,,564,True,203,13,https://youtube.com/watch?v=0OCZPsT8f9c,0OCZPsT8f9c,False,False
L24_V025,media-info-aic25-b1\media-info\L24_V025.json,True,,,True,HTV Sports,UC_OBG47Y3PswSHnMWSlrgZA,Nam Sư Vượt Trường Sơn Hái Thảo Linh Chi  Đoàn Huỳnh Phúc Đường - Thủ Đức  Cúp Chợ Lớn - HTV 2024,16/01/2024,,2024-01-16,,562,True,203,13,https://youtube.com/watch?v=qSgorxzpt4A,qSgorxzpt4A,False,False
L24_V026,media-info-aic25-b1\media-info\L24_V026.json,True,,,True,HTV Sports,UC_OBG47Y3PswSHnMWSlrgZA,Nam Sư Vượt Trường Sơn Hái Linh Chi  Đoàn Lân Duyên Hải Đường - Cần Giờ  Cúp Chợ Lớn - HTV 2024,16/01/2024,,2024-01-16,,570,True,203,13,https://youtube.com/watch?v=l-fEJmuv3o0,l-fEJmuv3o0,False,False
L24_V027,media-info-aic25-b1\media-info\L24_V027.json,True,,,True,HTV Sports,UC_OBG47Y3PswSHnMWSlrgZA,"Nam Sư Thưởng Ngoạn Hoa Quả Sơn  Đoàn Lân Hào Dũng Đường - Quận 5, TPHCM  Cúp Chợ Lớn - HTV 2024",16/01/2024,,2024-01-16,,569,True,515,13,https://youtube.com/watch?v=h1L8PnpVdqE,h1L8PnpVdqE,False,False
L24_V028,media-info-aic25-b1\media-info\L24_V028.json,True,,,True,HTV Sports,UC_OBG47Y3PswSHnMWSlrgZA,Kim Sư Đằng Sơn Diệt Xà Tinh Thực Linh Chi  Phương Tế Đường - Q.Bình Tân  Cúp Chợ Lớn - HTV 2024,16/01/2024,,2024-01-16,,569,True,589,13,https://youtube.com/watch?v=VMCs9vCjzk0,VMCs9vCjzk0,False,False
L24_V029,media-info-aic25-b1\media-info\L24_V029.json,True,,,True,HTV Sports,UC_OBG47Y3PswSHnMWSlrgZA,Hắc Lân Vượt Trường Sơn Hái Linh Chi  Đoàn Lân Quang Nghệ - Bình Dương  Cúp Chợ Lớn - HTV 2024,16/01/2024,,2024-01-16,,554,True,203,13,https://youtube.com/watch?v=Aaw_XBYTHHA,Aaw_XBYTHHA,False,False
L24_V030,media-info-aic25-b1\media-info\L24_V030.json,True,,,True,HTV Sports,UC_OBG47Y3PswSHnMWSlrgZA,Hùng Sư Ngao Du Địa Phủ Thỉnh Ô Phò Chung Gia Gia  Đoàn Lân Kiến Nghĩa - Đồng Tháp ,16/01/2024,,2024-01-16,,645,True,338,13,https://youtube.com/watch?v=m_DoFMnmEm0,m_DoFMnmEm0,False,False
L24_V031,media-info-aic25-b1\media-info\L24_V031.json,True,,,True,HTV Sports,UC_OBG47Y3PswSHnMWSlrgZA,"NHÀ VÔ ĐỊCH CÚP CHỢ LỚN - HTV 2024 TINH ANH ĐƯỜNG - QUẬN 5, TPHCM  LÂN MAI HOA THUNG HTV THỂ THAO",16/01/2024,,2024-01-16,,569,True,508,13,https://youtube.com/watch?v=om1ZFhVCZU4,om1ZFhVCZU4,False,False
L24_V032,media-info-aic25-b1\media-info\L24_V032.json,True,,,True,HTV Sports,UC_OBG47Y3PswSHnMWSlrgZA,"Mãnh Sư Vượt Kim Sơn Hái Lộc Vàng  Chung Huy Đường - Q.Tân Bình, TPHCM  Cúp Chợ Lớn - HTV 2024",16/01/2024,,2024-01-16,,716,True,344,13,https://youtube.com/watch?v=6tnkbqUTPaI,6tnkbqUTPaI,False,False
L24_V033,media-info-aic25-b1\media-info\L24_V033.json,True,,,True,HTV Sports,UC_OBG47Y3PswSHnMWSlrgZA,"Nam Sư Vượt Long Thiên Môn Đoạt Long Châu Dâng Long Thiên  Đoàn Lân Hải Nam Tinh Võ - Quận 8, TPHCM",16/01/2024,,2024-01-16,,587,True,322,13,https://youtube.com/watch?v=bLlFbUC5K1I,bLlFbUC5K1I,False,False
L24_V035,media-info-aic25-b1\media-info\L24_V035.json,True,,,True,HTV Sports,UC_OBG47Y3PswSHnMWSlrgZA,Nam Sư Du Hí Ăn Bông Bí  Đoàn Lân Hào Nhựt – Vĩnh Long  Cúp Chợ Lớn - HTV 2024,17/01/2024,,2024-01-17,,662,True,469,13,https://youtube.com/watch?v=IvLN1-7TmfE,IvLN1-7TmfE,False,False
L24_V036,media-info-aic25-b1\media-info\L24_V036.json,True,,,True,HTV Sports,UC_OBG47Y3PswSHnMWSlrgZA,Đoàn Lân Miếu Bảy Bà - An Giang  Cúp Chợ Lớn - HTV 2024,17/01/2024,,2024-01-17,,294,True,203,13,https://youtube.com/watch?v=JOGwqn0qom0,JOGwqn0qom0,False,False
L24_V037,media-info-aic25-b1\media-info\L24_V037.json,True,,,True,HTV Sports,UC_OBG47Y3PswSHnMWSlrgZA,Nam Sư Vượt Núi tìm Kim Linh Châu cứu dân độ thế  Đoàn Lân Tam Hòa Đường - Đồng Nai ,17/01/2024,,2024-01-17,,639,True,314,13,https://youtube.com/watch?v=R_Lhe_HONSE,R_Lhe_HONSE,False,False
L24_V038,media-info-aic25-b1\media-info\L24_V038.json,True,,,True,HTV Sports,UC_OBG47Y3PswSHnMWSlrgZA,Khải Sự Phi Đằng triển Hùng Uy  Đoàn Lân Khải Uy Quan Thánh Cung - Quận 11 Cúp Chợ Lớn - HTV 2024,17/01/2024,,2024-01-17,,508,True,203,13,https://youtube.com/watch?v=KkjGOZv7gjA,KkjGOZv7gjA,False,False
L24_V039,media-info-aic25-b1\media-info\L24_V039.json,True,,,True,HTV Sports,UC_OBG47Y3PswSHnMWSlrgZA,Mãnh Sư Vượt Thác Hái Linh Chi  Đoàn Lân Phước Anh Đường – Bình Dương  Cúp Chợ Lớn - HTV 2024,17/01/2024,,2024-01-17,,520,True,331,13,https://youtube.com/watch?v=FGSj99AsW98,FGSj99AsW98,False,False
L24_V040,media-info-aic25-b1\media-info\L24_V040.json,True,,,True,HTV Sports,UC_OBG47Y3PswSHnMWSlrgZA,#lânsưrồng  #maihoathung #htvthethao #htvsports #xuhuong,22/01/2024,,2024-01-22,,38,True,265,13,https://youtube.com/watch?v=DrmEiRAjBy8,DrmEiRAjBy8,False,False
L24_V041,media-info-aic25-b1\media-info\L24_V041.json,True,,,True,HTV Sports,UC_OBG47Y3PswSHnMWSlrgZA,Nhảy này dữ ta 😍😍 #lansurong #htvthethao #htvc #htv #htvsports #cholon,22/01/2024,,2024-01-22,,36,True,277,13,https://youtube.com/watch?v=OilJpzlSZpQ,OilJpzlSZpQ,False,False
L24_V042,media-info-aic25-b1\media-info\L24_V042.json,True,,,True,HTV Sports,UC_OBG47Y3PswSHnMWSlrgZA,Đường Tăng Giải Cứu Mỹ Hầu Vương  Đoàn Lân Hội Quán Nghĩa An - Quận 5  Cúp Chợ Lớn - HTV 2024,16/01/2024,,2024-01-16,,556,True,203,13,https://youtube.com/watch?v=23dowUaEMns,23dowUaEMns,False,False
L24_V043,media-info-aic25-b1\media-info\L24_V043.json,True,,,True,HTV Sports,UC_OBG47Y3PswSHnMWSlrgZA,Nam Sư vượt Trường Sơn hái liên hoa dâng thần Hoàng Nguyễn Hữu Cảnh Đình Thần Châu Phú – An Giang,13/01/2024,,2024-01-13,,688,True,268,13,https://youtube.com/watch?v=lwJFlRCuCjc,lwJFlRCuCjc,False,False
L24_V044,media-info-aic25-b1\media-info\L24_V044.json,True,,,True,HTV Sports,UC_OBG47Y3PswSHnMWSlrgZA,Té ngã thì mình đứng lên mình chơi tiếp...#htvsports #htv #htvthethao #lansurong #cupcholonhtv2024,30/01/2024,,2024-01-30,,35,True,203,13,https://youtube.com/watch?v=0iJStT_4v8I,0iJStT_4v8I,False,False
L24_V045,media-info-aic25-b1\media-info\L24_V045.json,True,,,True,HTV Sports,UC_OBG47Y3PswSHnMWSlrgZA,lá la la la là la la lá la la la la.... #htvsports #lansurong #tetgiapthin,01/02/2024,,2024-02-01,,33,True,203,13,https://youtube.com/watch?v=BrzF4ZSpR8Y,BrzF4ZSpR8Y,False,False
L25_V001,media-info-aic25-b1\media-info\L25_V001.json,True,,,True,Báo Thanh Niên,UCIW9cGgoRuGJnky3K3tbzNg,BÍ QUYẾT ÔN THI THPT 2024 Môn Ngữ văn  Chuyên đề 10  Nghị luận văn học Chiếc thuyền ngoài xa,15/06/2024,,2024-06-15,,1603,True,1237,6,https://youtube.com/watch?v=XCraXMz1pY8,XCraXMz1pY8,False,False
L25_V002,media-info-aic25-b1\media-info\L25_V002.json,True,,,True,Báo Thanh Niên,UCIW9cGgoRuGJnky3K3tbzNg,BÍ QUYẾT ÔN THI THPT 2024  Môn Lịch sử  Chuyên đề 10  Sự phát triển  các nước TBCN sau CTTG thứ 2,15/06/2024,,2024-06-15,,1140,True,971,6,https://youtube.com/watch?v=yLYlXtDDNvc,yLYlXtDDNvc,False,False
L25_V003,media-info-aic25-b1\media-info\L25_V003.json,True,,,True,Báo Thanh Niên,UCIW9cGgoRuGJnky3K3tbzNg,BÍ QUYẾT ÔN THI THPT 2024  Môn Sinh học  Chuyên đề 10  Một số lưu ý về phần sinh học lớp 11,14/06/2024,,2024-06-14,,1162,True,1250,6,https://youtube.com/watch?v=k3kWCsv_pSA,k3kWCsv_pSA,False,False
L25_V004,media-info-aic25-b1\media-info\L25_V004.json,True,,,True,Báo Thanh Niên,UCIW9cGgoRuGJnky3K3tbzNg,BÍ QUYẾT ÔN THI THPT 2024  Môn Hóa học  Chuyên đề 10  Điện phân,14/06/2024,,2024-06-14,,998,True,1241,6,https://youtube.com/watch?v=U_vuOXYVJ_M,U_vuOXYVJ_M,False,False
L25_V005,media-info-aic25-b1\media-info\L25_V005.json,True,,,True,Báo Thanh Niên,UCIW9cGgoRuGJnky3K3tbzNg,BÍ QUYẾT ÔN THI THPT 2024  Môn Vật lý  Chuyên đề 10  Hạt nhân nguyên tử,14/06/2024,,2024-06-14,,1909,True,1248,6,https://youtube.com/watch?v=RetISKGBuLE,RetISKGBuLE,False,False
L25_V006,media-info-aic25-b1\media-info\L25_V006.json,True,,,True,Báo Thanh Niên,UCIW9cGgoRuGJnky3K3tbzNg,BÍ QUYẾT ÔN THI THPT 2024  Môn Anh văn  Chuyên đề 10  Từ hạn định,13/06/2024,,2024-06-13,,1123,True,1245,6,https://youtube.com/watch?v=Xb0PHwPlW8U,Xb0PHwPlW8U,False,False
L25_V007,media-info-aic25-b1\media-info\L25_V007.json,True,,,True,Báo Thanh Niên,UCIW9cGgoRuGJnky3K3tbzNg,BÍ QUYẾT ÔN THI THPT 2024  Môn Địa lý  Chuyên đề 10  Các kỹ năng trong môn địa lý,13/06/2024,,2024-06-13,,2735,True,1249,6,https://youtube.com/watch?v=7kvm0E6QNkk,7kvm0E6QNkk,False,False
L25_V008,media-info-aic25-b1\media-info\L25_V008.json,True,,,True,Báo Thanh Niên,UCIW9cGgoRuGJnky3K3tbzNg,BÍ QUYẾT ÔN THI THPT 2024  Môn Toán  Chuyên đề 10  Xác suất,13/06/2024,,2024-06-13,,1212,True,1234,6,https://youtube.com/watch?v=xJ87ug_kTls,xJ87ug_kTls,False,False
L25_V009,media-info-aic25-b1\media-info\L25_V009.json,True,,,True,Báo Thanh Niên,UCIW9cGgoRuGJnky3K3tbzNg,BÍ QUYẾT ÔN THI THPT 2024  Môn GDCD  Chuyên đề 8  Pháp luật với sự PT của công dân và đất nước,12/06/2024,,2024-06-12,,846,True,1243,6,https://youtube.com/watch?v=xS6ObU8qUfg,xS6ObU8qUfg,False,False
L25_V010,media-info-aic25-b1\media-info\L25_V010.json,True,,,True,Báo Thanh Niên,UCIW9cGgoRuGJnky3K3tbzNg,BÍ QUYẾT ÔN THI THPT 2024 Môn Ngữ văn  Chuyên đề 9  Luyện đề nghị luận văn học Tác phẩm Đất nước,12/06/2024,,2024-06-12,,2205,True,1237,6,https://youtube.com/watch?v=2shnPlmFJts,2shnPlmFJts,False,False
L25_V011,media-info-aic25-b1\media-info\L25_V011.json,True,,,True,Báo Thanh Niên,UCIW9cGgoRuGJnky3K3tbzNg,BÍ QUYẾT ÔN THI THPT 2024  Môn Lịch sử  Chuyên đề 9  Các tổ chức quốc tế,12/06/2024,,2024-06-12,,895,True,1245,6,https://youtube.com/watch?v=HXihXzTfPtU,HXihXzTfPtU,False,False
L25_V012,media-info-aic25-b1\media-info\L25_V012.json,True,,,True,Báo Thanh Niên,UCIW9cGgoRuGJnky3K3tbzNg,BÍ QUYẾT ÔN THI THPT 2024  Môn Sinh học  Chuyên đề 9  Một số vấn đề về sinh thái học,11/06/2024,,2024-06-11,,1241,True,1251,6,https://youtube.com/watch?v=0QLb-98OHvs,0QLb-98OHvs,False,False
L25_V013,media-info-aic25-b1\media-info\L25_V013.json,True,,,True,Báo Thanh Niên,UCIW9cGgoRuGJnky3K3tbzNg,BÍ QUYẾT ÔN THI THPT 2024  Môn Hóa học  Chuyên đề 9  Hệ thống nhóm chức,11/06/2024,,2024-06-11,,1192,True,1242,6,https://youtube.com/watch?v=ZgmFudc7u50,ZgmFudc7u50,False,False
L25_V014,media-info-aic25-b1\media-info\L25_V014.json,True,,,True,Báo Thanh Niên,UCIW9cGgoRuGJnky3K3tbzNg,BÍ QUYẾT ÔN THI THPT 2024  Môn Vật lý  Chuyên đề 9  Lượng tử ánh sáng,11/06/2024,,2024-06-11,,1591,True,1249,6,https://youtube.com/watch?v=jZrGZX2fk_8,jZrGZX2fk_8,False,False
L25_V015,media-info-aic25-b1\media-info\L25_V015.json,True,,,True,Báo Thanh Niên,UCIW9cGgoRuGJnky3K3tbzNg,BÍ QUYẾT ÔN THI THPT 2024  Môn Anh văn  Chuyên đề 9  Thành ngữ,10/06/2024,,2024-06-10,,1329,True,1244,6,https://youtube.com/watch?v=ysbYtD4nGxA,ysbYtD4nGxA,False,False
L25_V016,media-info-aic25-b1\media-info\L25_V016.json,True,,,True,Báo Thanh Niên,UCIW9cGgoRuGJnky3K3tbzNg,BÍ QUYẾT ÔN THI THPT 2024  Môn Địa lý  Chuyên đề 9  Các vùng kinh tết Việt Nam - Phần 3,10/06/2024,,2024-06-10,,1592,True,1249,6,https://youtube.com/watch?v=MJNkgDwKYN0,MJNkgDwKYN0,False,False
L25_V017,media-info-aic25-b1\media-info\L25_V017.json,True,,,True,Báo Thanh Niên,UCIW9cGgoRuGJnky3K3tbzNg,"BÍ QUYẾT ÔN THI THPT 2024  Môn Toán  Chuyên đề 9  Mặt cầu, mặt phẳng, trong hệ tọa độ OZYZ",10/06/2024,,2024-06-10,,1137,True,1235,6,https://youtube.com/watch?v=9EmZYJH0V4g,9EmZYJH0V4g,False,False
L25_V018,media-info-aic25-b1\media-info\L25_V018.json,True,,,True,Báo Thanh Niên,UCIW9cGgoRuGJnky3K3tbzNg,BÍ QUYẾT ÔN THI THPT 2024 Môn Ngữ văn  Chuyên đề 8   Tác phẩm Người lái đò sông Đà,08/06/2024,,2024-06-08,,1662,True,1238,6,https://youtube.com/watch?v=kCLqYgC7a58,kCLqYgC7a58,False,False
L25_V019,media-info-aic25-b1\media-info\L25_V019.json,True,,,True,Báo Thanh Niên,UCIW9cGgoRuGJnky3K3tbzNg,BÍ QUYẾT ÔN THI THPT 2024  Môn Lịch sử  Chuyên đề 8  Phong trào GPDT thế giới sau thế chiến 2,08/06/2024,,2024-06-08,,892,True,1245,6,https://youtube.com/watch?v=izpwuSBRIyY,izpwuSBRIyY,False,False
L25_V020,media-info-aic25-b1\media-info\L25_V020.json,True,,,True,Báo Thanh Niên,UCIW9cGgoRuGJnky3K3tbzNg,BÍ QUYẾT ÔN THI THPT 2024  Môn Sinh học  Chuyên đề 8  Một số lưu ý về phần tiến hóa,07/06/2024,,2024-06-07,,1195,True,1251,6,https://youtube.com/watch?v=JJaa7NjVrqI,JJaa7NjVrqI,False,False
L25_V021,media-info-aic25-b1\media-info\L25_V021.json,True,,,True,Báo Thanh Niên,UCIW9cGgoRuGJnky3K3tbzNg,BÍ QUYẾT ÔN THI THPT 2024  Môn Hóa học  Chuyên đề 8  Polime và vật liệu Polime,07/06/2024,,2024-06-07,,1163,True,1241,6,https://youtube.com/watch?v=is4ZUux8oC8,is4ZUux8oC8,False,False
L25_V022,media-info-aic25-b1\media-info\L25_V022.json,True,,,True,Báo Thanh Niên,UCIW9cGgoRuGJnky3K3tbzNg,BÍ QUYẾT ÔN THI THPT 2024  Môn Vật lý  Chuyên đề 8  Sóng ánh sáng,07/06/2024,,2024-06-07,,1640,True,1249,6,https://youtube.com/watch?v=U_xYAiZ4PI8,U_xYAiZ4PI8,False,False
L25_V023,media-info-aic25-b1\media-info\L25_V023.json,True,,,True,Báo Thanh Niên,UCIW9cGgoRuGJnky3K3tbzNg,BÍ QUYẾT ÔN THI THPT 2024  Môn Anh văn  Chuyên đề 8  Vị trí của danh từ và tính từ,06/06/2024,,2024-06-06,,1478,True,1245,6,https://youtube.com/watch?v=evyS6-U6IXg,evyS6-U6IXg,False,False
L25_V024,media-info-aic25-b1\media-info\L25_V024.json,True,,,True,Báo Thanh Niên,UCIW9cGgoRuGJnky3K3tbzNg,BÍ QUYẾT ÔN THI THPT 2024  Môn Địa lý  Chuyên đề 8  Các vùng kinh tết Việt Nam - Phần 2,06/06/2024,,2024-06-06,,1435,True,1249,6,https://youtube.com/watch?v=xWrR5mJFtuI,xWrR5mJFtuI,False,False
L25_V025,media-info-aic25-b1\media-info\L25_V025.json,True,,,True,Báo Thanh Niên,UCIW9cGgoRuGJnky3K3tbzNg,BÍ QUYẾT ÔN THI THPT 2024  Môn Toán  Chuyên đề 8  Mặt phẳng trong hệ toạ độ OXYZ,06/06/2024,,2024-06-06,,1687,True,1235,6,https://youtube.com/watch?v=9HT9Vv6ftUc,9HT9Vv6ftUc,False,False
L25_V026,media-info-aic25-b1\media-info\L25_V026.json,True,,,True,Báo Thanh Niên,UCIW9cGgoRuGJnky3K3tbzNg,BÍ QUYẾT ÔN THI THPT 2024  Môn GDCD  Chuyên đề 7  Công dân với các quyền Tự do - Dân chủ,05/06/2024,,2024-06-05,,1650,True,1242,6,https://youtube.com/watch?v=0rB3Q6VD_-o,0rB3Q6VD_-o,False,False
L25_V027,media-info-aic25-b1\media-info\L25_V027.json,True,,,True,Báo Thanh Niên,UCIW9cGgoRuGJnky3K3tbzNg,BÍ QUYẾT ÔN THI THPT 2024 Môn Ngữ văn  Chuyên đề 1  Tác phẩm Vợ chồng A Phủ,05/06/2024,,2024-06-05,,1779,True,1237,6,https://youtube.com/watch?v=as0qgsrRTjM,as0qgsrRTjM,False,False
L25_V028,media-info-aic25-b1\media-info\L25_V028.json,True,,,True,Báo Thanh Niên,UCIW9cGgoRuGJnky3K3tbzNg,BÍ QUYẾT ÔN THI THPT 2024  Môn Lịch sử  Chuyên đề 7  Trật tự thế giới sau thế chiến 2 - năm 2000,05/06/2024,,2024-06-05,,878,True,1246,6,https://youtube.com/watch?v=EfXJxwyj120,EfXJxwyj120,False,False
L25_V029,media-info-aic25-b1\media-info\L25_V029.json,True,,,True,Báo Thanh Niên,UCIW9cGgoRuGJnky3K3tbzNg,BÍ QUYẾT ÔN THI THPT 2024  Môn Sinh học  Chuyên đề 7  Bài tập di truyền quần thể,04/06/2024,,2024-06-04,,1355,True,1251,6,https://youtube.com/watch?v=e6zQQcAZPho,e6zQQcAZPho,False,False
L25_V030,media-info-aic25-b1\media-info\L25_V030.json,True,,,True,Báo Thanh Niên,UCIW9cGgoRuGJnky3K3tbzNg,BÍ QUYẾT ÔN THI THPT 2024  Môn Hóa học  Chuyên đề 7  Amin - Amnoaxit - Peptit - Protein,04/06/2024,,2024-06-04,,1287,True,1241,6,https://youtube.com/watch?v=4FCtYRiLuho,4FCtYRiLuho,False,False
L25_V031,media-info-aic25-b1\media-info\L25_V031.json,True,,,True,Báo Thanh Niên,UCIW9cGgoRuGJnky3K3tbzNg,BÍ QUYẾT ÔN THI THPT 2024  Môn Vật lý  Chuyên đề 7  Mạch dao động - Sóng điện từ,04/06/2024,,2024-06-04,,1261,True,1250,6,https://youtube.com/watch?v=qFZv_xplTlo,qFZv_xplTlo,False,False
L25_V032,media-info-aic25-b1\media-info\L25_V032.json,True,,,True,Báo Thanh Niên,UCIW9cGgoRuGJnky3K3tbzNg,BÍ QUYẾT ÔN THI THPT 2024  Môn Anh văn  Chuyên đề 7  Câu tường thuật,03/06/2024,,2024-06-03,,1661,True,1245,6,https://youtube.com/watch?v=hgH4k9QFoqY,hgH4k9QFoqY,False,False
L25_V033,media-info-aic25-b1\media-info\L25_V033.json,True,,,True,Báo Thanh Niên,UCIW9cGgoRuGJnky3K3tbzNg,BÍ QUYẾT ÔN THI THPT 2024  Môn Địa lý  Chuyên đề 7  Các vùng kinh tế Việt Nam - Phần 1,03/06/2024,,2024-06-03,,1929,True,1249,6,https://youtube.com/watch?v=aFxEctSNt6A,aFxEctSNt6A,False,False
L25_V034,media-info-aic25-b1\media-info\L25_V034.json,True,,,True,Báo Thanh Niên,UCIW9cGgoRuGJnky3K3tbzNg,BÍ QUYẾT ÔN THI THPT 2024  Môn Toán  Chuyên đề 7  Các bài toán về khối tròn xoay,02/06/2024,,2024-06-02,,1373,True,1235,6,https://youtube.com/watch?v=DGGWhygiKfM,DGGWhygiKfM,False,False
L25_V035,media-info-aic25-b1\media-info\L25_V035.json,True,,,True,Báo Thanh Niên,UCIW9cGgoRuGJnky3K3tbzNg,BÍ QUYẾT ÔN THI THPT 2024  Môn GDCD  Chuyên đề 6  Pháp luật và quyền bình đẳng của công dân,01/06/2024,,2024-06-01,,1300,True,1242,6,https://youtube.com/watch?v=zT5rGIkxcqU,zT5rGIkxcqU,False,False
L25_V036,media-info-aic25-b1\media-info\L25_V036.json,True,,,True,Báo Thanh Niên,UCIW9cGgoRuGJnky3K3tbzNg,BÍ QUYẾT ÔN THI THPT 2024 Môn Ngữ văn  Chuyên đề 6  Viết đoạn văn nghị luận 200 chữ,01/06/2024,,2024-06-01,,1806,True,1238,6,https://youtube.com/watch?v=Xwd7sLbjvO4,Xwd7sLbjvO4,False,False
L25_V037,media-info-aic25-b1\media-info\L25_V037.json,True,,,True,Báo Thanh Niên,UCIW9cGgoRuGJnky3K3tbzNg,BÍ QUYẾT ÔN THI THPT 2024  Môn Lịch sử  Chuyên đề 6  Các cao trào CM trong cuộc ĐTGĐL(1930-1945),01/06/2024,,2024-06-01,,879,True,1243,6,https://youtube.com/watch?v=VXCHMOWZtPA,VXCHMOWZtPA,False,False
L25_V038,media-info-aic25-b1\media-info\L25_V038.json,True,,,True,Báo Thanh Niên,UCIW9cGgoRuGJnky3K3tbzNg,BÍ QUYẾT ÔN THI THPT 2024  Môn Sinh học  Chuyên đề 6  Xác định gen bố mẹ trong phép lai 2 tính,31/05/2024,,2024-05-31,,1366,True,1251,6,https://youtube.com/watch?v=C0R9jLrZWPI,C0R9jLrZWPI,False,False
L25_V039,media-info-aic25-b1\media-info\L25_V039.json,True,,,True,Báo Thanh Niên,UCIW9cGgoRuGJnky3K3tbzNg,BÍ QUYẾT ÔN THI THPT 2024  Môn Hóa học  Chuyên đề 6  Nhôm và hợp chất của nhôm,31/05/2024,,2024-05-31,,1533,True,1241,6,https://youtube.com/watch?v=wpYCa-4aPsE,wpYCa-4aPsE,False,False
L25_V040,media-info-aic25-b1\media-info\L25_V040.json,True,,,True,Báo Thanh Niên,UCIW9cGgoRuGJnky3K3tbzNg,BÍ QUYẾT ÔN THI THPT 2024  Môn Vật lý  Chuyên đề 6  Các loại máy điện - Sự truyền tải điện,31/05/2024,,2024-05-31,,1164,True,1249,6,https://youtube.com/watch?v=s-Q__1F3K20,s-Q__1F3K20,False,False
L25_V041,media-info-aic25-b1\media-info\L25_V041.json,True,,,True,Báo Thanh Niên,UCIW9cGgoRuGJnky3K3tbzNg,BÍ QUYẾT ÔN THI THPT 2024  Môn Anh văn  Chuyên đề  6  Động từ thêm 'ing' và động từ có 'to',30/05/2024,,2024-05-30,,1428,True,1245,6,https://youtube.com/watch?v=Wqvu09VA6PM,Wqvu09VA6PM,False,False
L25_V042,media-info-aic25-b1\media-info\L25_V042.json,True,,,True,Báo Thanh Niên,UCIW9cGgoRuGJnky3K3tbzNg,BÍ QUYẾT ÔN THI THPT 2024  Môn Địa lý  Chuyên đề 6  Địa lý công nghiệp và dịch vụ Việt Nam,30/05/2024,,2024-05-30,,1929,True,1249,6,https://youtube.com/watch?v=FPHW0CAzDHk,FPHW0CAzDHk,False,False
L25_V043,media-info-aic25-b1\media-info\L25_V043.json,True,,,True,Báo Thanh Niên,UCIW9cGgoRuGJnky3K3tbzNg,BÍ QUYẾT ÔN THI THPT 2024  Môn Toán  Chuyên đề 6  Góc - Khoảng cách - Thể tích,30/05/2024,,2024-05-30,,1695,True,1235,6,https://youtube.com/watch?v=meQWOeObSHI,meQWOeObSHI,False,False
L25_V044,media-info-aic25-b1\media-info\L25_V044.json,True,,,True,Báo Thanh Niên,UCIW9cGgoRuGJnky3K3tbzNg,BÍ QUYẾT ÔN THI THPT 2024  Môn GDCD  Chuyên đề 5   Một số vấn đề cơ bản của Pháp luật,29/05/2024,,2024-05-29,,1213,True,1242,6,https://youtube.com/watch?v=SXxlU4-8kgw,SXxlU4-8kgw,False,False
L25_V045,media-info-aic25-b1\media-info\L25_V045.json,True,,,True,Báo Thanh Niên,UCIW9cGgoRuGJnky3K3tbzNg,BÍ QUYẾT ÔN THI THPT 2024 Môn Ngữ văn  Chuyên đề 5  Phương pháp tăng khả năng ghi nhớ,29/05/2024,,2024-05-29,,1381,True,1238,6,https://youtube.com/watch?v=2tpn2LCjDfE,2tpn2LCjDfE,False,False
L25_V046,media-info-aic25-b1\media-info\L25_V046.json,True,,,True,Báo Thanh Niên,UCIW9cGgoRuGJnky3K3tbzNg,BÍ QUYẾT ÔN THI THPT 2024  Môn Lịch sử  Chuyên đề 5  Ngoại giao trong lịch sử CMVN (1945-1975),29/05/2024,,2024-05-29,,1006,True,1245,6,https://youtube.com/watch?v=y8LeadtZo00,y8LeadtZo00,False,False
L25_V047,media-info-aic25-b1\media-info\L25_V047.json,True,,,True,Báo Thanh Niên,UCIW9cGgoRuGJnky3K3tbzNg,BÍ QUYẾT ÔN THI THPT 2024  Môn Sinh học  Chuyên đề 5  Bài tập phả hệ,28/05/2024,,2024-05-28,,1326,True,1248,6,https://youtube.com/watch?v=1U4dAptxS_0,1U4dAptxS_0,False,False
L25_V048,media-info-aic25-b1\media-info\L25_V048.json,True,,,True,Báo Thanh Niên,UCIW9cGgoRuGJnky3K3tbzNg,BÍ QUYẾT ÔN THI THPT 2024  Môn Hóa học  Chuyên đề 5  Sắt và hợp chất của sắt,28/05/2024,,2024-05-28,,2071,True,1241,6,https://youtube.com/watch?v=SippjxdM0wc,SippjxdM0wc,False,False
L25_V049,media-info-aic25-b1\media-info\L25_V049.json,True,,,True,Báo Thanh Niên,UCIW9cGgoRuGJnky3K3tbzNg,BÍ QUYẾT ÔN THI THPT 2024  Môn Vật lý  Chuyên đề 5  Mạch RLC - Công suất,28/05/2024,,2024-05-28,,1876,True,1249,6,https://youtube.com/watch?v=JxUA0S-gy7s,JxUA0S-gy7s,False,False
L25_V050,media-info-aic25-b1\media-info\L25_V050.json,True,,,True,Báo Thanh Niên,UCIW9cGgoRuGJnky3K3tbzNg,BÍ QUYẾT ÔN THI THPT 2024  Môn Anh văn  Chuyên đề  5  Đảo ngữ,27/05/2024,,2024-05-27,,1635,True,1245,6,https://youtube.com/watch?v=u1fz8Yrkl9M,u1fz8Yrkl9M,False,False
L25_V051,media-info-aic25-b1\media-info\L25_V051.json,True,,,True,Báo Thanh Niên,UCIW9cGgoRuGJnky3K3tbzNg,BÍ QUYẾT ÔN THI THPT 2024  Môn Địa lý  Chuyên đề 5  Cơ cấu kinh tế - Địa lý nông nghiêp,27/05/2024,,2024-05-27,,2017,True,1249,6,https://youtube.com/watch?v=m3ttOhWdj54,m3ttOhWdj54,False,False
L25_V052,media-info-aic25-b1\media-info\L25_V052.json,True,,,True,Báo Thanh Niên,UCIW9cGgoRuGJnky3K3tbzNg,BÍ QUYẾT ÔN THI THPT 2024  Môn Toán  Chuyên đề 5  Toán số phức và ứng dụng hình học trong số phức,27/05/2024,,2024-05-27,,1894,True,1235,6,https://youtube.com/watch?v=r7lvq-F-9VA,r7lvq-F-9VA,False,False
L25_V053,media-info-aic25-b1\media-info\L25_V053.json,True,,,True,Báo Thanh Niên,UCIW9cGgoRuGJnky3K3tbzNg,BÍ QUYẾT ÔN THI THPT 2024  Môn GDCD  Chuyên đề 4  Một số vấn đề cơ bản của Pháp luật,25/05/2024,,2024-05-25,,1017,True,1242,6,https://youtube.com/watch?v=9fh-11ybIZk,9fh-11ybIZk,False,False
L25_V054,media-info-aic25-b1\media-info\L25_V054.json,True,,,True,Báo Thanh Niên,UCIW9cGgoRuGJnky3K3tbzNg,BÍ QUYẾT ÔN THI THPT 2024 Môn Ngữ văn  Chuyên đề 4  Bí kíp đạt điểm tối đa phần đọc - hiểu,25/05/2024,,2024-05-25,,2518,True,1237,6,https://youtube.com/watch?v=0yyxartcZ1k,0yyxartcZ1k,False,False
L25_V055,media-info-aic25-b1\media-info\L25_V055.json,True,,,True,Báo Thanh Niên,UCIW9cGgoRuGJnky3K3tbzNg,BÍ QUYẾT ÔN THI THPT 2024  Môn Lịch sử  Chuyên đề 4  Thắng lợi QS của ta trong cuộc KC chống Mỹ,25/05/2024,,2024-05-25,,1042,True,1244,6,https://youtube.com/watch?v=hKCo1ZJA0ME,hKCo1ZJA0ME,False,False
L25_V056,media-info-aic25-b1\media-info\L25_V056.json,True,,,True,Báo Thanh Niên,UCIW9cGgoRuGJnky3K3tbzNg,BÍ QUYẾT ÔN THI THPT 2024  Môn Sinh học  Chuyên đề 4  Số loại kiểu gen tối đa cơ thể lưỡng bội,24/05/2024,,2024-05-24,,1431,True,1251,6,https://youtube.com/watch?v=kuRYuggWUeQ,kuRYuggWUeQ,False,False
L25_V057,media-info-aic25-b1\media-info\L25_V057.json,True,,,True,Báo Thanh Niên,UCIW9cGgoRuGJnky3K3tbzNg,BÍ QUYẾT ÔN THI THPT 2024  Môn Hóa học  Chuyên đề 4  Nước cứng và phản ứng ion trong dung dịch,24/05/2024,,2024-05-24,,1168,True,1241,6,https://youtube.com/watch?v=zXA6EgYmSik,zXA6EgYmSik,False,False
L25_V058,media-info-aic25-b1\media-info\L25_V058.json,True,,,True,Báo Thanh Niên,UCIW9cGgoRuGJnky3K3tbzNg,BÍ QUYẾT ÔN THI THPT 2024  Môn Vật lý  Chuyên đề 4  Sóng dừng - Sóng âm,24/05/2024,,2024-05-24,,1501,True,1248,6,https://youtube.com/watch?v=Wa_-aUgd_uQ,Wa_-aUgd_uQ,False,False
L25_V059,media-info-aic25-b1\media-info\L25_V059.json,True,,,True,Báo Thanh Niên,UCIW9cGgoRuGJnky3K3tbzNg,BÍ QUYẾT ÔN THI THPT 2024  Môn Anh văn  Chuyên đề  4  Các cấu trúc đặc biệt của câu điều kiện,23/05/2024,,2024-05-23,,1320,True,1245,6,https://youtube.com/watch?v=cZ4l81imqT8,cZ4l81imqT8,False,False
L25_V060,media-info-aic25-b1\media-info\L25_V060.json,True,,,True,Báo Thanh Niên,UCIW9cGgoRuGJnky3K3tbzNg,BÍ QUYẾT ÔN THI THPT 2024  Môn Địa lý  Chuyên đề  4  Địa lý dân cư Việt Nam,23/05/2024,,2024-05-23,,1583,True,1249,6,https://youtube.com/watch?v=IocW0-AgoXQ,IocW0-AgoXQ,False,False
L25_V061,media-info-aic25-b1\media-info\L25_V061.json,True,,,True,Báo Thanh Niên,UCIW9cGgoRuGJnky3K3tbzNg,BÍ QUYẾT ÔN THI THPT 2024  Môn Toán  Chuyên đề 4  Các bài toán ứng dụng tích phân,23/05/2024,,2024-05-23,,1555,True,1234,6,https://youtube.com/watch?v=EY-pV7I1umo,EY-pV7I1umo,False,False
L25_V062,media-info-aic25-b1\media-info\L25_V062.json,True,,,True,Báo Thanh Niên,UCIW9cGgoRuGJnky3K3tbzNg,BÍ QUYẾT ÔN THI THPT 2024  Môn GDCD  Chuyên đề 3  Các qui luật sản xuất và lưu thông hàng hóa,22/05/2024,,2024-05-22,,1252,True,1242,6,https://youtube.com/watch?v=ntFvvHK594A,ntFvvHK594A,False,False
L25_V063,media-info-aic25-b1\media-info\L25_V063.json,True,,,True,Báo Thanh Niên,UCIW9cGgoRuGJnky3K3tbzNg,"BÍ QUYẾT ÔN THI THPT 2024 Môn Ngữ văn  Chuyên đề 3  Nhận định siêu hay, học ngay kẻo lỡ",22/05/2024,,2024-05-22,,1415,True,1238,6,https://youtube.com/watch?v=Jt-tIBBhjIA,Jt-tIBBhjIA,False,False
L25_V064,media-info-aic25-b1\media-info\L25_V064.json,True,,,True,Báo Thanh Niên,UCIW9cGgoRuGJnky3K3tbzNg,BÍ QUYẾT ÔN THI THPT 2024  Môn Lịch sử  Chuyên đề 3  Chiến lược QS của Mỹ ở Miền Nam Việt Nam,22/05/2024,,2024-05-22,,1215,True,1245,6,https://youtube.com/watch?v=SNccx2GIjAg,SNccx2GIjAg,False,False
L25_V065,media-info-aic25-b1\media-info\L25_V065.json,True,,,True,Báo Thanh Niên,UCIW9cGgoRuGJnky3K3tbzNg,BÍ QUYẾT ÔN THI THPT 2024  Môn Sinh học  Chuyên đề 3  Số loại thể ba & tam bội khác nhau kiểu gen,21/05/2024,,2024-05-21,,1145,True,1251,6,https://youtube.com/watch?v=TLeKwGuiJYY,TLeKwGuiJYY,False,False
L25_V066,media-info-aic25-b1\media-info\L25_V066.json,True,,,True,Báo Thanh Niên,UCIW9cGgoRuGJnky3K3tbzNg,BÍ QUYẾT ÔN THI THPT 2024  Môn Hóa học  Chuyên đề 3  Bài tập kim loai - Tác dụng dung dịch muối,21/05/2024,,2024-05-21,,1234,True,1241,6,https://youtube.com/watch?v=0DeLbMiad3I,0DeLbMiad3I,False,False
L25_V067,media-info-aic25-b1\media-info\L25_V067.json,True,,,True,Báo Thanh Niên,UCIW9cGgoRuGJnky3K3tbzNg,BÍ QUYẾT ÔN THI THPT 2024  Môn Vật lý  Chuyên đề 3  Sóng - Giao thoa sóng,21/05/2024,,2024-05-21,,1625,True,1249,6,https://youtube.com/watch?v=aQ9UTJnJYdI,aQ9UTJnJYdI,False,False
L25_V068,media-info-aic25-b1\media-info\L25_V068.json,True,,,True,Báo Thanh Niên,UCIW9cGgoRuGJnky3K3tbzNg,BÍ QUYẾT ÔN THI THPT 2024  Môn Anh văn  Chuyên đề  3  Câu điều kiện,20/05/2024,,2024-05-20,,1755,True,1245,6,https://youtube.com/watch?v=EekSMrbu2HI,EekSMrbu2HI,False,False
L25_V069,media-info-aic25-b1\media-info\L25_V069.json,True,,,True,Báo Thanh Niên,UCIW9cGgoRuGJnky3K3tbzNg,BÍ QUYẾT ÔN THI THPT 2024  Môn Địa lý  Chuyên đề  3  Địa lý tự nhiên Việt Nam - Phần 2,20/05/2024,,2024-05-20,,1939,True,1249,6,https://youtube.com/watch?v=rwEXSZ2hRp8,rwEXSZ2hRp8,False,False
L25_V070,media-info-aic25-b1\media-info\L25_V070.json,True,,,True,Báo Thanh Niên,UCIW9cGgoRuGJnky3K3tbzNg,BÍ QUYẾT ÔN THI THPT 2024  Môn Toán  Chuyên đề 3  Phương trình - Bất phương trình mũ và Logarit,20/05/2024,,2024-05-20,,1448,True,1235,6,https://youtube.com/watch?v=1EUKmtBmsCA,1EUKmtBmsCA,False,False
L25_V071,media-info-aic25-b1\media-info\L25_V071.json,True,,,True,Báo Thanh Niên,UCIW9cGgoRuGJnky3K3tbzNg,BÍ QUYẾT ÔN THI THPT 2024  Môn GDCD  Chuyên đề  2  Hàng hóa - Tiền tệ - Thị trường,18/05/2024,,2024-05-18,,988,True,1242,6,https://youtube.com/watch?v=XQiNoaKMhIQ,XQiNoaKMhIQ,False,False
L25_V072,media-info-aic25-b1\media-info\L25_V072.json,True,,,True,Báo Thanh Niên,UCIW9cGgoRuGJnky3K3tbzNg,BÍ QUYẾT ÔN THI THPT 2024  Môn Lịch sử  Chuyên đề  2  Các Thắng lợi QS của ta trong KC chống Pháp,18/05/2024,,2024-05-18,,977,True,1245,6,https://youtube.com/watch?v=0gonpkGhDvE,0gonpkGhDvE,False,False
L25_V073,media-info-aic25-b1\media-info\L25_V073.json,True,,,True,Báo Thanh Niên,UCIW9cGgoRuGJnky3K3tbzNg,BÍ QUYẾT ÔN THI THPT 2024  Môn Sinh học  Chuyên đề  2  Quá trình nguyên phân và giảm phân,17/05/2024,,2024-05-17,,1336,True,1251,6,https://youtube.com/watch?v=irniiF5WuNk,irniiF5WuNk,False,False
L25_V074,media-info-aic25-b1\media-info\L25_V074.json,True,,,True,Báo Thanh Niên,UCIW9cGgoRuGJnky3K3tbzNg,BÍ QUYẾT ÔN THI THPT 2024  Môn Hóa học  Chuyên đề  2  Điều chế kim loại - Nhiệt luyện,17/05/2024,,2024-05-17,,1918,True,1241,6,https://youtube.com/watch?v=3YbEA4ZPn84,3YbEA4ZPn84,False,False
L25_V075,media-info-aic25-b1\media-info\L25_V075.json,True,,,True,Báo Thanh Niên,UCIW9cGgoRuGJnky3K3tbzNg,"BÍ QUYẾT ÔN THI THPT 2024  Môn Anh văn  Chuyên đề  2  Thì quá khứ đơn, thì quá khứ tiếp diễn",16/05/2024,,2024-05-16,,1736,True,1245,6,https://youtube.com/watch?v=G05S9VA2TAY,G05S9VA2TAY,False,False
L25_V076,media-info-aic25-b1\media-info\L25_V076.json,True,,,True,Báo Thanh Niên,UCIW9cGgoRuGJnky3K3tbzNg,BÍ QUYẾT ÔN THI THPT 2024  Môn Địa lý  Chuyên đề  2  Địa lý tự nhiên Việt Nam - Phần 1,16/05/2024,,2024-05-16,,1529,True,1249,6,https://youtube.com/watch?v=StoPvqRURtE,StoPvqRURtE,False,False
L25_V077,media-info-aic25-b1\media-info\L25_V077.json,True,,,True,Báo Thanh Niên,UCIW9cGgoRuGJnky3K3tbzNg,BÍ QUYẾT ÔN THI THPT 2024  Môn Vật lý  Chuyên đề  2  Các loại dao động - Tổng hợp dao động,16/05/2024,,2024-05-16,,1810,True,1249,6,https://youtube.com/watch?v=KTncCCthOwc,KTncCCthOwc,False,False
L25_V078,media-info-aic25-b1\media-info\L25_V078.json,True,,,True,Báo Thanh Niên,UCIW9cGgoRuGJnky3K3tbzNg,BÍ QUYẾT ÔN THI THPT 2024  Môn Toán  Chuyên đề 2   Khảo sát hàm số - Các bài toán về hàm hợp,16/05/2024,,2024-05-16,,1516,True,1235,6,https://youtube.com/watch?v=ZbJW064Mj8I,ZbJW064Mj8I,False,False
L25_V079,media-info-aic25-b1\media-info\L25_V079.json,True,,,True,Báo Thanh Niên,UCIW9cGgoRuGJnky3K3tbzNg,"BÍ QUYẾT ÔN THI THPT 2024  Môn GDCD  Chuyên đề  1  Sản xuất, của cải vật chất",15/05/2024,,2024-05-15,,1041,True,1242,6,https://youtube.com/watch?v=eaCVBZaxYbc,eaCVBZaxYbc,False,False
L25_V080,media-info-aic25-b1\media-info\L25_V080.json,True,,,True,Báo Thanh Niên,UCIW9cGgoRuGJnky3K3tbzNg,BÍ QUYẾT ÔN THI THPT 2024 Môn Ngữ văn  Chuyên đề  2  Cách viết kết bài 'xịn xò',15/05/2024,,2024-05-15,,1418,True,1238,6,https://youtube.com/watch?v=oQAGptD8wWw,oQAGptD8wWw,False,False
L25_V081,media-info-aic25-b1\media-info\L25_V081.json,True,,,True,Báo Thanh Niên,UCIW9cGgoRuGJnky3K3tbzNg,BÍ QUYẾT ÔN THI THPT 2024 Môn Ngữ văn  Chuyên đề  1  Cách viết mở bài đốn tim giám khảo,15/05/2024,,2024-05-15,,2267,True,1238,6,https://youtube.com/watch?v=ZZ0lI9P21Mg,ZZ0lI9P21Mg,False,False
L25_V082,media-info-aic25-b1\media-info\L25_V082.json,True,,,True,Báo Thanh Niên,UCIW9cGgoRuGJnky3K3tbzNg,BÍ QUYẾT ÔN THI THPT 2024  Môn Lịch sử  Chuyên đề  1  Đấu tranh chống thù trong giặc ngoài,15/05/2024,,2024-05-15,,1179,True,1245,6,https://youtube.com/watch?v=cejl8cXtKn4,cejl8cXtKn4,False,False
L25_V083,media-info-aic25-b1\media-info\L25_V083.json,True,,,True,Báo Thanh Niên,UCIW9cGgoRuGJnky3K3tbzNg,BÍ QUYẾT ÔN THI THPT 2024  Môn Sinh học  Chuyên đề  1  Một số dạng bài tập về ADN (Gen),14/05/2024,,2024-05-14,,1087,True,1251,6,https://youtube.com/watch?v=aVhqP2rZ3FM,aVhqP2rZ3FM,False,False
L25_V084,media-info-aic25-b1\media-info\L25_V084.json,True,,,True,Báo Thanh Niên,UCIW9cGgoRuGJnky3K3tbzNg,BÍ QUYẾT ÔN THI THPT 2024  Môn Hóa học  Chuyên đề  1  Lý thuyết chung về kim loại,14/05/2024,,2024-05-14,,2189,True,1241,6,https://youtube.com/watch?v=7TRzu2iozPk,7TRzu2iozPk,False,False
L25_V085,media-info-aic25-b1\media-info\L25_V085.json,True,,,True,Báo Thanh Niên,UCIW9cGgoRuGJnky3K3tbzNg,BÍ QUYẾT ÔN THI THPT 2024  Môn Vật lý  Chuyên đề  1  Dao động điều hòa - Con lắc lò xo,14/05/2024,,2024-05-14,,2291,True,1249,6,https://youtube.com/watch?v=J5dPahxmjik,J5dPahxmjik,False,False
L25_V086,media-info-aic25-b1\media-info\L25_V086.json,True,,,True,Báo Thanh Niên,UCIW9cGgoRuGJnky3K3tbzNg,BÍ QUYẾT ÔN THI THPT 2024  Môn Anh văn  CĐ 1  Chức năng Giao tiếp,13/05/2024,,2024-05-13,,2164,True,1245,6,https://youtube.com/watch?v=tQnZVSoA48I,tQnZVSoA48I,False,False
L25_V087,media-info-aic25-b1\media-info\L25_V087.json,True,,,True,Báo Thanh Niên,UCIW9cGgoRuGJnky3K3tbzNg,BÍ QUYẾT ÔN THI THPT 2024  Môn Địa lý  CĐ 1  Vị trí địa lý - Phạm vi lãnh thổ - Biển Đông,13/05/2024,,2024-05-13,,1629,True,1248,6,https://youtube.com/watch?v=moQSm-IwjNc,moQSm-IwjNc,False,False
L25_V088,media-info-aic25-b1\media-info\L25_V088.json,True,,,True,Báo Thanh Niên,UCIW9cGgoRuGJnky3K3tbzNg,BÍ QUYẾT ÔN THI THPT 2024  Môn Toán  CĐ 1   Khảo sát hàm số - Các bài toán chứa tham số M,13/05/2024,,2024-05-13,,1447,True,1234,6,https://youtube.com/watch?v=zDv8FJkq7Oc,zDv8FJkq7Oc,False,False
L26_V001,media-info-aic25-b1\media-info\L26_V001.json,True,,,True,ViVU TV,UCyd7ZXu99D6orfKuaCQ9qcg,ĐÙI ẾCH CHIÊN MÈ  MÓN NGON MỖI NGÀY  VIVU TV,30/09/2024,,2024-09-30,,296,True,972,26,https://youtube.com/watch?v=mVf8qMaNHJM,mVf8qMaNHJM,False,False
L26_V002,media-info-aic25-b1\media-info\L26_V002.json,True,,,True,ViVU TV,UCyd7ZXu99D6orfKuaCQ9qcg,BÁNH CREPE ÁP CHẢO  MÓN NGON MỖI NGÀY  VIVU TV,29/09/2024,,2024-09-29,,298,True,968,26,https://youtube.com/watch?v=DfLO8m0MHtM,DfLO8m0MHtM,False,False
L26_V003,media-info-aic25-b1\media-info\L26_V003.json,True,,,True,ViVU TV,UCyd7ZXu99D6orfKuaCQ9qcg,ỨC GÀ NHỒI PHÔ MAI MÓN NGON MỖI NGÀY  VIVU TV,20/09/2024,,2024-09-20,,294,True,973,21,https://youtube.com/watch?v=iIIH4h5U4ck,iIIH4h5U4ck,False,False
L26_V004,media-info-aic25-b1\media-info\L26_V004.json,True,,,True,ViVU TV,UCyd7ZXu99D6orfKuaCQ9qcg,PANNA COTTA KEM MUỐI  MÓN NGON MỖI NGÀY  VIVU TV,19/09/2024,,2024-09-19,,294,True,969,26,https://youtube.com/watch?v=IELN5vkpRnU,IELN5vkpRnU,False,False
L26_V005,media-info-aic25-b1\media-info\L26_V005.json,True,,,True,ViVU TV,UCyd7ZXu99D6orfKuaCQ9qcg,SUP MỘC NHĨ THỊT CUA  MÓN NGON MỖI NGÀY  VIVU TV,19/09/2024,,2024-09-19,,293,True,968,21,https://youtube.com/watch?v=170XSKqT6Ss,170XSKqT6Ss,False,False
L26_V006,media-info-aic25-b1\media-info\L26_V006.json,True,,,True,ViVU TV,UCyd7ZXu99D6orfKuaCQ9qcg,CÁ CHÉP CHIÊN GIÒN CUỐN BÁNH TRÁNG  MÓN NGON MỖI NGÀY  VIVU TV,18/09/2024,,2024-09-18,,292,True,974,21,https://youtube.com/watch?v=UDZuHAgPuFI,UDZuHAgPuFI,False,False
L26_V007,media-info-aic25-b1\media-info\L26_V007.json,True,,,True,ViVU TV,UCyd7ZXu99D6orfKuaCQ9qcg,SALAD CÁ NGỪ RAU THƠM  MÓN NGON MỖI NGÀY  VIVU TV,12/09/2024,,2024-09-12,,313,True,969,26,https://youtube.com/watch?v=bsXAWz6L0Po,bsXAWz6L0Po,False,False
L26_V008,media-info-aic25-b1\media-info\L26_V008.json,True,,,True,ViVU TV,UCyd7ZXu99D6orfKuaCQ9qcg,MÌ Ý BÒ BẰM  MÓN NGON MỖI NGÀY  VIVU TV,11/09/2024,,2024-09-11,,333,True,968,26,https://youtube.com/watch?v=ms7LCwTThD4,ms7LCwTThD4,False,False
L26_V009,media-info-aic25-b1\media-info\L26_V009.json,True,,,True,ViVU TV,UCyd7ZXu99D6orfKuaCQ9qcg,BÒ CUỘN XÚC XÍCH CHIÊN  MÓN NGON MỖI NGÀY  VIVU TV,07/09/2024,,2024-09-07,,310,True,972,26,https://youtube.com/watch?v=67RaoFSFhNs,67RaoFSFhNs,False,False
L26_V010,media-info-aic25-b1\media-info\L26_V010.json,True,,,True,ViVU TV,UCyd7ZXu99D6orfKuaCQ9qcg,VỊT KHO RIỀNG ỚT KHÔ  MÓN NGON MỖI NGÀY  VIVU TV,06/09/2024,,2024-09-06,,278,True,970,26,https://youtube.com/watch?v=q583NiybXOs,q583NiybXOs,False,False
L26_V011,media-info-aic25-b1\media-info\L26_V011.json,True,,,True,ViVU TV,UCyd7ZXu99D6orfKuaCQ9qcg,LẨU KIM CHI PHÔ MAI  MÓN NGON MỖI NGÀY  VIVU TV,05/09/2024,,2024-09-05,,282,True,968,26,https://youtube.com/watch?v=Rq8nxWZQZyY,Rq8nxWZQZyY,False,False
L26_V012,media-info-aic25-b1\media-info\L26_V012.json,True,,,True,ViVU TV,UCyd7ZXu99D6orfKuaCQ9qcg,CỦ NĂNG OM NẤM CHAY  MÓN NGON MỖI NGÀY  VIVU TV,04/09/2024,,2024-09-04,,357,True,967,22,https://youtube.com/watch?v=zzAn2o8sjAA,zzAn2o8sjAA,False,False
L26_V013,media-info-aic25-b1\media-info\L26_V013.json,True,,,True,ViVU TV,UCyd7ZXu99D6orfKuaCQ9qcg,SALAD BƠ BACON  MÓN NGON MỖI NGÀY  VIVU TV,15/08/2024,,2024-08-15,,339,True,971,26,https://youtube.com/watch?v=0d4iA796hJg,0d4iA796hJg,False,False
L26_V014,media-info-aic25-b1\media-info\L26_V014.json,True,,,True,ViVU TV,UCyd7ZXu99D6orfKuaCQ9qcg,CANH ỐC MỒNG TƠI  MÓN NGON MỖI NGÀY  VIVU TV,14/08/2024,,2024-08-14,,311,True,965,26,https://youtube.com/watch?v=zi1vOQ3AZGg,zi1vOQ3AZGg,False,False
L26_V015,media-info-aic25-b1\media-info\L26_V015.json,True,,,True,ViVU TV,UCyd7ZXu99D6orfKuaCQ9qcg,CHẢ GIÒ RONG BIỂN CHAY  MÓN NGON MỖI NGÀY  VIVU TV,03/08/2024,,2024-08-03,,375,True,1318,26,https://youtube.com/watch?v=ve-eFRtj7XA,ve-eFRtj7XA,False,False
L26_V016,media-info-aic25-b1\media-info\L26_V016.json,True,,,True,ViVU TV,UCyd7ZXu99D6orfKuaCQ9qcg,SƯỜN KHO CỦ NÉN  MÓN NGON MỖI NGÀY  VIVU TV,02/08/2024,,2024-08-02,,332,True,1319,26,https://youtube.com/watch?v=FRJZOfNSXxU,FRJZOfNSXxU,False,False
L26_V017,media-info-aic25-b1\media-info\L26_V017.json,True,,,True,ViVU TV,UCyd7ZXu99D6orfKuaCQ9qcg,TÔM SÚ KHO LÁ QUẾ  MÓN NGON MỖI NGÀY  VIVU TV,01/08/2024,,2024-08-01,,300,True,732,26,https://youtube.com/watch?v=EOHYIzh-wuo,EOHYIzh-wuo,False,False
L26_V018,media-info-aic25-b1\media-info\L26_V018.json,True,,,True,ViVU TV,UCyd7ZXu99D6orfKuaCQ9qcg,CANH SƯỜN ĐẬU PHỘNG XÁ BẤU  MÓN NGON MỖI NGÀY  VIVU TV,31/07/2024,,2024-07-31,,297,True,732,26,https://youtube.com/watch?v=viofauPozO8,viofauPozO8,False,False
L26_V019,media-info-aic25-b1\media-info\L26_V019.json,True,,,True,ViVU TV,UCyd7ZXu99D6orfKuaCQ9qcg,CANH TÔM BỒ NGÓT  MÓN NGON MỖI NGÀY  VIVU TV,20/07/2024,,2024-07-20,,295,True,731,26,https://youtube.com/watch?v=8k8b76qvnpM,8k8b76qvnpM,False,False
L26_V020,media-info-aic25-b1\media-info\L26_V020.json,True,,,True,ViVU TV,UCyd7ZXu99D6orfKuaCQ9qcg,TIM HEO NƯỚNG NGŨ VỊ  MÓN NGON MỖI NGÀY  VIVU TV,19/07/2024,,2024-07-19,,303,True,735,26,https://youtube.com/watch?v=olEryXVe_Rc,olEryXVe_Rc,False,False
L26_V021,media-info-aic25-b1\media-info\L26_V021.json,True,,,True,ViVU TV,UCyd7ZXu99D6orfKuaCQ9qcg,SUP GÀ MỘC NẤM HƯƠNG  MÓN NGON MỖI NGÀY  VIVU TV,13/07/2024,,2024-07-13,,350,True,729,26,https://youtube.com/watch?v=iXTX0WJsaBs,iXTX0WJsaBs,False,False
L26_V022,media-info-aic25-b1\media-info\L26_V022.json,True,,,True,ViVU TV,UCyd7ZXu99D6orfKuaCQ9qcg,NGHÊU KHO NƯỚC TƯƠNG  MÓN NGON MỖI NGÀY  VIVU TV,12/07/2024,,2024-07-12,,289,True,732,26,https://youtube.com/watch?v=oP8GbeBnqBM,oP8GbeBnqBM,False,False
L26_V023,media-info-aic25-b1\media-info\L26_V023.json,True,,,True,ViVU TV,UCyd7ZXu99D6orfKuaCQ9qcg,CÁ HỒI HẠNH NHÂN XỐT CHANH DÂY  MÓN NGON MỖI NGÀY  VIVU TV,11/07/2024,,2024-07-11,,275,True,730,26,https://youtube.com/watch?v=wLLPOnCYaEI,wLLPOnCYaEI,False,False
L26_V024,media-info-aic25-b1\media-info\L26_V024.json,True,,,True,ViVU TV,UCyd7ZXu99D6orfKuaCQ9qcg,CHÁO CÁ NẤU BẮP NẾP  MÓN NGON MỖI NGÀY  VIVU TV,06/07/2024,,2024-07-06,,327,True,730,26,https://youtube.com/watch?v=1z0RPS5ChWE,1z0RPS5ChWE,False,False
L26_V025,media-info-aic25-b1\media-info\L26_V025.json,True,,,True,ViVU TV,UCyd7ZXu99D6orfKuaCQ9qcg,VIÊN XÚC XÍCH TRỨNG CÚT CHIÊN  MÓN NGON MỖI NGÀY  VIVU TV,05/07/2024,,2024-07-05,,317,True,739,26,https://youtube.com/watch?v=ENrm3molfZw,ENrm3molfZw,False,False
L26_V026,media-info-aic25-b1\media-info\L26_V026.json,True,,,True,ViVU TV,UCyd7ZXu99D6orfKuaCQ9qcg,SALAD RONG NHO XỐT MÈ RANG  MÓN NGON MỖI NGÀY  VIVU TV,04/07/2024,,2024-07-04,,296,True,736,26,https://youtube.com/watch?v=PXtPv0jeElQ,PXtPv0jeElQ,False,False
L26_V027,media-info-aic25-b1\media-info\L26_V027.json,True,,,True,ViVU TV,UCyd7ZXu99D6orfKuaCQ9qcg,LẨU SƯỜN KHOAI MÔN  MÓN NGON MỖI NGÀY  VIVU TV,29/06/2024,,2024-06-29,,327,True,731,26,https://youtube.com/watch?v=_f2U8H0EOJg,_f2U8H0EOJg,False,False
L26_V028,media-info-aic25-b1\media-info\L26_V028.json,True,,,True,ViVU TV,UCyd7ZXu99D6orfKuaCQ9qcg,CANH LƯƠN BỒN BỒN  MÓN NGON MỖI NGÀY  VIVU TV,28/06/2024,,2024-06-28,,289,True,732,26,https://youtube.com/watch?v=ZMDlmNoaq2Y,ZMDlmNoaq2Y,False,False
L26_V029,media-info-aic25-b1\media-info\L26_V029.json,True,,,True,ViVU TV,UCyd7ZXu99D6orfKuaCQ9qcg,PHỞ TÁI LĂN  MÓN NGON MỖI NGÀY  VIVU TV,27/06/2024,,2024-06-27,,309,True,733,26,https://youtube.com/watch?v=RXMKnzguV9w,RXMKnzguV9w,False,False
L26_V030,media-info-aic25-b1\media-info\L26_V030.json,True,,,True,ViVU TV,UCyd7ZXu99D6orfKuaCQ9qcg,CÁ BASA PHI LÊ CHIÊN TRỨNG  MÓN NGON MỖI NGÀY  VIVU TV,13/06/2024,,2024-06-13,,273,True,730,26,https://youtube.com/watch?v=Dfk5fHBxAew,Dfk5fHBxAew,False,False
L26_V031,media-info-aic25-b1\media-info\L26_V031.json,True,,,True,ViVU TV,UCyd7ZXu99D6orfKuaCQ9qcg,VỊT NẤU CƠM RƯỢU  MÓN NGON MỖI NGÀY  VIVU TV,08/06/2024,,2024-06-08,,317,True,737,26,https://youtube.com/watch?v=PcJIvKEvVlI,PcJIvKEvVlI,False,False
L26_V032,media-info-aic25-b1\media-info\L26_V032.json,True,,,True,ViVU TV,UCyd7ZXu99D6orfKuaCQ9qcg,BÁNH RÁN BURGER BÒ  MÓN NGON MỖI NGÀY  VIVU TV,07/06/2024,,2024-06-07,,352,True,732,26,https://youtube.com/watch?v=tJsRDIkVE8M,tJsRDIkVE8M,False,False
L26_V033,media-info-aic25-b1\media-info\L26_V033.json,True,,,True,ViVU TV,UCyd7ZXu99D6orfKuaCQ9qcg,MỀ GÀ XÀO CAY  MÓN NGON MỖI NGÀY  VIVU TV,06/06/2024,,2024-06-06,,341,True,734,26,https://youtube.com/watch?v=sDcpEhZh5ME,sDcpEhZh5ME,False,False
L26_V034,media-info-aic25-b1\media-info\L26_V034.json,True,,,True,ViVU TV,UCyd7ZXu99D6orfKuaCQ9qcg,THỊT BÊ XÀO LĂN NGON THÍCH MÊ  MÓN NGON MỖI NGÀY  VIVU TV,06/06/2024,,2024-06-06,,341,True,732,26,https://youtube.com/watch?v=zYUnqHAzYAA,zYUnqHAzYAA,False,False
L26_V035,media-info-aic25-b1\media-info\L26_V035.json,True,,,True,ViVU TV,UCyd7ZXu99D6orfKuaCQ9qcg,MỰC XÀO ĐẬU HÀ LAN  MÓN NGON MỖI NGÀY  VIVU TV,30/05/2024,,2024-05-30,,325,True,730,26,https://youtube.com/watch?v=AoTYHwN_DvQ,AoTYHwN_DvQ,False,False
L26_V036,media-info-aic25-b1\media-info\L26_V036.json,True,,,True,ViVU TV,UCyd7ZXu99D6orfKuaCQ9qcg,CÁ HẤP MỒNG TƠI  MÓN NGON MỖI NGÀY  VIVU TV,29/05/2024,,2024-05-29,,317,True,730,26,https://youtube.com/watch?v=iZY8u7lFDwk,iZY8u7lFDwk,False,False
L26_V037,media-info-aic25-b1\media-info\L26_V037.json,True,,,True,ViVU TV,UCyd7ZXu99D6orfKuaCQ9qcg,DA HEO CHIÊN NƯỚC MẮM GIÒN RỤM THƠM LỪNG  MÓN NGON MỖI NGÀY  VIVU TV,22/05/2024,,2024-05-22,,324,True,735,26,https://youtube.com/watch?v=efBnFILh8b4,efBnFILh8b4,False,False
L26_V038,media-info-aic25-b1\media-info\L26_V038.json,True,,,True,ViVU TV,UCyd7ZXu99D6orfKuaCQ9qcg,TRÀ SỮA MATCHA KHOAI MÔN  MÓN NGON MỖI NGÀY  VIVU TV,18/05/2024,,2024-05-18,,318,True,736,26,https://youtube.com/watch?v=TCTZWAYVlq0,TCTZWAYVlq0,False,False
L26_V039,media-info-aic25-b1\media-info\L26_V039.json,True,,,True,ViVU TV,UCyd7ZXu99D6orfKuaCQ9qcg,SƯỜN CHAY OM NẤM ĐÙI GÀ  MÓN NGON MỖI NGÀY  VIVU TV,17/05/2024,,2024-05-17,,359,True,732,26,https://youtube.com/watch?v=riwL2bRd_h8,riwL2bRd_h8,False,False
L26_V040,media-info-aic25-b1\media-info\L26_V040.json,True,,,True,ViVU TV,UCyd7ZXu99D6orfKuaCQ9qcg,SALAD BEEF STEAK  MÓN NGON MỖI NGÀY  VIVU TV,16/05/2024,,2024-05-16,,319,True,738,26,https://youtube.com/watch?v=5y7ddxoRGqU,5y7ddxoRGqU,False,False
L26_V041,media-info-aic25-b1\media-info\L26_V041.json,True,,,True,ViVU TV,UCyd7ZXu99D6orfKuaCQ9qcg,CƠM TÔM GIÒN KHO QUẸT  MÓN NGON MỖI NGÀY  VIVU TV,15/05/2024,,2024-05-15,,330,True,732,26,https://youtube.com/watch?v=QG6LfBgNGM8,QG6LfBgNGM8,False,False
L26_V042,media-info-aic25-b1\media-info\L26_V042.json,True,,,True,ViVU TV,UCyd7ZXu99D6orfKuaCQ9qcg,CÁ BỐNG TRỨNG KHO TIÊU THẤM VỊ ĐẬM ĐÀ  MÓN NGON MỖI NGÀY  VIVU TV,10/05/2024,,2024-05-10,,292,True,735,26,https://youtube.com/watch?v=JFj0wOh_Hrg,JFj0wOh_Hrg,False,False
L26_V043,media-info-aic25-b1\media-info\L26_V043.json,True,,,True,ViVU TV,UCyd7ZXu99D6orfKuaCQ9qcg,LẨU BÒ THẢO MỘC NÓNG HỔI CHUẨN VỊ NHÀ HÀNG  MÓN NGON MỖI NGÀY  VIVU TV,10/05/2024,,2024-05-10,,311,True,736,24,https://youtube.com/watch?v=-3pU3CHkG8c,-3pU3CHkG8c,False,False
L26_V044,media-info-aic25-b1\media-info\L26_V044.json,True,,,True,ViVU TV,UCyd7ZXu99D6orfKuaCQ9qcg,BLENDY Trà Đào Cam Sả  MÓN NGON MỖI NGÀY  VIVU TV,06/04/2024,,2024-04-06,,324,True,731,26,https://youtube.com/watch?v=oUyOoGjbR8o,oUyOoGjbR8o,False,False
L26_V045,media-info-aic25-b1\media-info\L26_V045.json,True,,,True,ViVU TV,UCyd7ZXu99D6orfKuaCQ9qcg,Cơm Gà Nướng Nước Tương  MÓN NGON MỖI NGÀY  VIVU TV,05/04/2024,,2024-04-05,,329,True,741,26,https://youtube.com/watch?v=WxcsVP1DbHE,WxcsVP1DbHE,False,False
L26_V046,media-info-aic25-b1\media-info\L26_V046.json,True,,,True,ViVU TV,UCyd7ZXu99D6orfKuaCQ9qcg,GÀ XÀO TIÊU ĐEN  MÓN NGON MỖI NGÀY  VIVU TV,30/03/2024,,2024-03-30,,322,True,737,26,https://youtube.com/watch?v=oTfmbXrJOpU,oTfmbXrJOpU,False,False
L26_V047,media-info-aic25-b1\media-info\L26_V047.json,True,,,True,ViVU TV,UCyd7ZXu99D6orfKuaCQ9qcg,SƯỜN BÒ HẦM ĐẬU PHỘNG  MÓN NGON MỖI NGÀY  VIVU TV,29/03/2024,,2024-03-29,,330,True,1555,26,https://youtube.com/watch?v=0G5Jt_yDN2I,0G5Jt_yDN2I,False,False
L26_V048,media-info-aic25-b1\media-info\L26_V048.json,True,,,True,ViVU TV,UCyd7ZXu99D6orfKuaCQ9qcg,CANH CÁ RAU CẦN  MÓN NGON MỖI NGÀY  VIVU TV,28/03/2024,,2024-03-28,,327,True,970,26,https://youtube.com/watch?v=_wEYbUfUYDo,_wEYbUfUYDo,False,False
L26_V049,media-info-aic25-b1\media-info\L26_V049.json,True,,,True,ViVU TV,UCyd7ZXu99D6orfKuaCQ9qcg,BÚN RIÊU CUA BẮP BÒ  MÓN NGON MỖI NGÀY  VIVU TV,27/03/2024,,2024-03-27,,330,True,973,26,https://youtube.com/watch?v=Z07Qr8cz4c0,Z07Qr8cz4c0,False,False
L26_V050,media-info-aic25-b1\media-info\L26_V050.json,True,,,True,ViVU TV,UCyd7ZXu99D6orfKuaCQ9qcg,Bò Cuộn Rong Biển Mềm Ngọt Thơm Ngon  MÓN NGON MỖI NGÀY  VIVU TV,16/03/2024,,2024-03-16,,330,True,971,26,https://youtube.com/watch?v=PB0TqI0TIcE,PB0TqI0TIcE,False,False
L26_V051,media-info-aic25-b1\media-info\L26_V051.json,True,,,True,ViVU TV,UCyd7ZXu99D6orfKuaCQ9qcg,Canh Chua Cá Lóc Đậu Tương  MÓN NGON MỖI NGÀY  VIVU TV,09/03/2024,,2024-03-09,,311,True,971,26,https://youtube.com/watch?v=h8ucKndBnnE,h8ucKndBnnE,False,False
L26_V052,media-info-aic25-b1\media-info\L26_V052.json,True,,,True,ViVU TV,UCyd7ZXu99D6orfKuaCQ9qcg,Bò Áp Chảo Thơm Ngon Xuất Sắc  MÓN NGON MỖI NGÀY  VIVU TV,09/03/2024,,2024-03-09,,332,True,966,26,https://youtube.com/watch?v=5MY1CEbJsv8,5MY1CEbJsv8,False,False
L26_V053,media-info-aic25-b1\media-info\L26_V053.json,True,,,True,ViVU TV,UCyd7ZXu99D6orfKuaCQ9qcg,Salad Trứng Giòn Ngọt Xanh Tươi  MÓN NGON MỖI NGÀY  VIVU TV,08/03/2024,,2024-03-08,,315,True,968,26,https://youtube.com/watch?v=HQAR3VnymYg,HQAR3VnymYg,False,False
L26_V054,media-info-aic25-b1\media-info\L26_V054.json,True,,,True,ViVU TV,UCyd7ZXu99D6orfKuaCQ9qcg,Xúc Xích Xào Dưa Cải  MÓN NGON MỖI NGÀY  VIVU TV,08/03/2024,,2024-03-08,,329,True,968,26,https://youtube.com/watch?v=cAJuNJoGhzg,cAJuNJoGhzg,False,False
L26_V055,media-info-aic25-b1\media-info\L26_V055.json,True,,,True,ViVU TV,UCyd7ZXu99D6orfKuaCQ9qcg,CÁNH GÀ CHIÊN LÁ CHANH  MÓN NGON MỖI NGÀY  VIVU TV,24/02/2024,,2024-02-24,,326,True,969,26,https://youtube.com/watch?v=H4a8fj4-ur0,H4a8fj4-ur0,False,False
L26_V056,media-info-aic25-b1\media-info\L26_V056.json,True,,,True,ViVU TV,UCyd7ZXu99D6orfKuaCQ9qcg,CUỐN CHAY ĐẬU HỦ RAU RỪNG  MÓN NGON MỖI NGÀY  VIVU TV,23/02/2024,,2024-02-23,,323,True,966,26,https://youtube.com/watch?v=dVYl-SnTVno,dVYl-SnTVno,False,False
L26_V057,media-info-aic25-b1\media-info\L26_V057.json,True,,,True,ViVU TV,UCyd7ZXu99D6orfKuaCQ9qcg,ĐÙI GÀ XỐT KIỂU TERIYAKI  MÓN NGON MỖI NGÀY  VIVU TV,17/02/2024,,2024-02-17,,329,True,974,26,https://youtube.com/watch?v=PQAM1SumSHw,PQAM1SumSHw,False,False
L26_V058,media-info-aic25-b1\media-info\L26_V058.json,True,,,True,ViVU TV,UCyd7ZXu99D6orfKuaCQ9qcg,CANH KHOAI MÌ NẤU TÔM  MÓN NGON MỖI NGÀY  VIVU TV,16/02/2024,,2024-02-16,,331,True,969,26,https://youtube.com/watch?v=95ImmSxip3I,95ImmSxip3I,False,False
L26_V059,media-info-aic25-b1\media-info\L26_V059.json,True,,,True,ViVU TV,UCyd7ZXu99D6orfKuaCQ9qcg,BLENDY GẠO RANG KEM CHUỐI  MÓN NGON MỖI NGÀY  VIVU TV,10/02/2024,,2024-02-10,,322,True,971,26,https://youtube.com/watch?v=LisEYj6llL8,LisEYj6llL8,False,False
L26_V060,media-info-aic25-b1\media-info\L26_V060.json,True,,,True,ViVU TV,UCyd7ZXu99D6orfKuaCQ9qcg,CANH GÀ TỨ QUÝ NGỌT THANH NHẸ NHÀNG  MÓN NGON MỖI NGÀY  VIVU TV,09/02/2024,,2024-02-09,,328,True,969,26,https://youtube.com/watch?v=ahna3qjchXI,ahna3qjchXI,False,False
L26_V061,media-info-aic25-b1\media-info\L26_V061.json,True,,,True,ViVU TV,UCyd7ZXu99D6orfKuaCQ9qcg,CÁ LÒNG TONG RIM NƯỚC MẮM ĐẠM ĐÀ SAY ĐẮM  MÓN NGON MỖI NGÀY  VIVU TV,03/02/2024,,2024-02-03,,324,True,968,26,https://youtube.com/watch?v=HqN_rk26InY,HqN_rk26InY,False,False
L26_V062,media-info-aic25-b1\media-info\L26_V062.json,True,,,True,ViVU TV,UCyd7ZXu99D6orfKuaCQ9qcg,GÀ HẤP HÀNH RĂM CAY NỒNG NGỌT THỊT  MÓN NGON MỖI NGÀY  VIVU TV,02/02/2024,,2024-02-02,,329,True,967,26,https://youtube.com/watch?v=X-XAmwLb2Ao,X-XAmwLb2Ao,False,False
L26_V063,media-info-aic25-b1\media-info\L26_V063.json,True,,,True,ViVU TV,UCyd7ZXu99D6orfKuaCQ9qcg,BÚN TRỘN NGŨ SẮC  MÓN NGON MỖI NGÀY  VIVU TV,27/01/2024,,2024-01-27,,323,True,971,26,https://youtube.com/watch?v=W2evcLuqNOE,W2evcLuqNOE,False,False
L26_V064,media-info-aic25-b1\media-info\L26_V064.json,True,,,True,ViVU TV,UCyd7ZXu99D6orfKuaCQ9qcg,ỐC XÀO KHẾ GIÒN NGỌT CHUA CAY  MÓN NGON MỖI NGÀY  VIVU TV,26/01/2024,,2024-01-26,,321,True,966,26,https://youtube.com/watch?v=zVZirOItl4o,zVZirOItl4o,False,False
L26_V065,media-info-aic25-b1\media-info\L26_V065.json,True,,,True,ViVU TV,UCyd7ZXu99D6orfKuaCQ9qcg,Ba Chỉ Rim Mắm Ruốc Thơm phức Nức Vị  MÓN NGON MỖI NGÀY  VIVU TV,25/01/2024,,2024-01-25,,327,True,973,26,https://youtube.com/watch?v=vfH4tEtYtsc,vfH4tEtYtsc,False,False
L26_V066,media-info-aic25-b1\media-info\L26_V066.json,True,,,True,ViVU TV,UCyd7ZXu99D6orfKuaCQ9qcg,Mặn ngọt hài hòa Gà Om Kiểu Hoa  MÓN NGON MỖI NGÀY  VIVU TV,24/01/2024,,2024-01-24,,328,True,969,26,https://youtube.com/watch?v=wAJlQM4d8r0,wAJlQM4d8r0,False,False
L26_V067,media-info-aic25-b1\media-info\L26_V067.json,True,,,True,ViVU TV,UCyd7ZXu99D6orfKuaCQ9qcg,CUPCAKE Trứng Muối Chà Bông Pho Mai Béo Thơm Hài Hòa  MÓN NGON MỖI NGÀY  VIVU TV,13/01/2024,,2024-01-13,,330,True,974,26,https://youtube.com/watch?v=pl-J_fc0kYw,pl-J_fc0kYw,False,False
L26_V068,media-info-aic25-b1\media-info\L26_V068.json,True,,,True,ViVU TV,UCyd7ZXu99D6orfKuaCQ9qcg,Chua Ngọt Cay Cay Lẩu Cá Lăng Vị Thái  MÓN NGON MỖI NGÀY  VIVU TV,12/01/2024,,2024-01-12,,329,True,967,26,https://youtube.com/watch?v=aYddNi0tdbc,aYddNi0tdbc,False,False
L26_V069,media-info-aic25-b1\media-info\L26_V069.json,True,,,True,ViVU TV,UCyd7ZXu99D6orfKuaCQ9qcg,Thơm Ngào Ngạt Lươn Nướng Lá Chanh  MÓN NGON MỖI NGÀY  VIVU TV,06/01/2024,,2024-01-06,,331,True,973,26,https://youtube.com/watch?v=Y6N6OeVv3Tk,Y6N6OeVv3Tk,False,False
L26_V070,media-info-aic25-b1\media-info\L26_V070.json,True,,,True,ViVU TV,UCyd7ZXu99D6orfKuaCQ9qcg,Ba Chỉ Chiên Riềng Mẻ Giòn Rụm Nồng Nàn Mới Lạ  MÓN NGON MỖI NGÀY  VIVU TV,05/01/2024,,2024-01-05,,319,True,968,26,https://youtube.com/watch?v=15fUBJ4LwZA,15fUBJ4LwZA,False,False
L26_V071,media-info-aic25-b1\media-info\L26_V071.json,True,,,True,ViVU TV,UCyd7ZXu99D6orfKuaCQ9qcg,Thanh Mát Ngọt Lành Salad Táo và Hạt Óc Chó  MÓN NGON MỖI NGÀY  VIVU TV,30/12/2023,,2023-12-30,,323,True,967,26,https://youtube.com/watch?v=q6T26muRFiY,q6T26muRFiY,False,False
L26_V072,media-info-aic25-b1\media-info\L26_V072.json,True,,,True,ViVU TV,UCyd7ZXu99D6orfKuaCQ9qcg,Ngọt Thơm Giòn Giòn Soup Gấc Nấm Mỡ  MÓN NGON MỖI NGÀY  VIVU TV,29/12/2023,,2023-12-29,,327,True,970,26,https://youtube.com/watch?v=umxw-i1AsrM,umxw-i1AsrM,False,False
L26_V073,media-info-aic25-b1\media-info\L26_V073.json,True,,,True,ViVU TV,UCyd7ZXu99D6orfKuaCQ9qcg,Đùi Dê Quay_Chín ngọt bên trong vàng thơm bên ngoài  MÓN NGON MỖI NGÀY  VIVU TV,23/12/2023,,2023-12-23,,330,True,968,21,https://youtube.com/watch?v=IbJxf93gCco,IbJxf93gCco,False,False
L26_V074,media-info-aic25-b1\media-info\L26_V074.json,True,,,True,ViVU TV,UCyd7ZXu99D6orfKuaCQ9qcg,Chua ngọt xuýt xoa Lẩu Thái và Hoa  MÓN NGON MỖI NGÀY  VIVU TV,22/12/2023,,2023-12-22,,327,True,966,21,https://youtube.com/watch?v=fhwgi-tm6Tg,fhwgi-tm6Tg,False,False
L26_V075,media-info-aic25-b1\media-info\L26_V075.json,True,,,True,ViVU TV,UCyd7ZXu99D6orfKuaCQ9qcg,GỎI CÁ KIỂU NHẬT NGỌT THƠM GIÒN GIÒN KHÉO VỊ ĐƯA CƠM  MÓN NGON MỖI NGÀY  VIVU TV,16/12/2023,,2023-12-16,,329,True,972,21,https://youtube.com/watch?v=nPAdsCvGfAE,nPAdsCvGfAE,False,False
L26_V076,media-info-aic25-b1\media-info\L26_V076.json,True,,,True,ViVU TV,UCyd7ZXu99D6orfKuaCQ9qcg,THƠM NỒNG QUYẾN RŨ CƠM CHIÊN KIM CHI  MÓN NGON MỖI NGÀY  VIVU TV,15/12/2023,,2023-12-15,,324,True,973,21,https://youtube.com/watch?v=d4I3qgwsiG8,d4I3qgwsiG8,False,False
L26_V077,media-info-aic25-b1\media-info\L26_V077.json,True,,,True,ViVU TV,UCyd7ZXu99D6orfKuaCQ9qcg,Mê ngay hương vị núi rừng với GÀ XÀO CHẲM CHÉO  MÓN NGON MỖI NGÀY  VIVU TV,14/12/2023,,2023-12-14,,329,True,972,21,https://youtube.com/watch?v=X2pMfbn4mvU,X2pMfbn4mvU,False,False
L26_V078,media-info-aic25-b1\media-info\L26_V078.json,True,,,True,ViVU TV,UCyd7ZXu99D6orfKuaCQ9qcg,CHẢ BẮP DAI GIÒN THƠM NGỌT TRỌN VI MÂM CƠM  MÓN NGON MỖI NGÀY  VIVU TV,09/12/2023,,2023-12-09,,323,True,965,21,https://youtube.com/watch?v=tQihZMGnjTM,tQihZMGnjTM,False,False
L26_V079,media-info-aic25-b1\media-info\L26_V079.json,True,,,True,ViVU TV,UCyd7ZXu99D6orfKuaCQ9qcg,NGỌT THƠM LẠ MIỆNG PANCAKE SOCOLA MỨT CAM  MÓN NGON MỖI NGÀY  VIVU TV,08/12/2023,,2023-12-08,,331,True,972,21,https://youtube.com/watch?v=cNK70oHAzyM,cNK70oHAzyM,False,False
L26_V080,media-info-aic25-b1\media-info\L26_V080.json,True,,,True,ViVU TV,UCyd7ZXu99D6orfKuaCQ9qcg,CẢI NGỒNG TRỘN GÀ XÉ  MÓN NGON MỖI NGÀY  VIVU TV,07/12/2023,,2023-12-07,,305,True,967,21,https://youtube.com/watch?v=9KDPlvqV1vk,9KDPlvqV1vk,False,False
L26_V081,media-info-aic25-b1\media-info\L26_V081.json,True,,,True,ViVU TV,UCyd7ZXu99D6orfKuaCQ9qcg,Đậm Đà Cay Cay Chuẩn Món Quê_CÁ HE KHO RỆU  MÓN NGON MỖI NGÀY  VIVU TV,29/11/2023,,2023-11-29,,321,True,969,21,https://youtube.com/watch?v=tholPg801bU,tholPg801bU,False,False
L26_V082,media-info-aic25-b1\media-info\L26_V082.json,True,,,True,ViVU TV,UCyd7ZXu99D6orfKuaCQ9qcg,SALAD MỰC MĂNG TÂY_Tươi xanh mộng nước  MÓN NGON MỖI NGÀY  VIVU TV,23/11/2023,,2023-11-23,,327,True,974,21,https://youtube.com/watch?v=rvNjkqakBa4,rvNjkqakBa4,False,False
L26_V083,media-info-aic25-b1\media-info\L26_V083.json,True,,,True,ViVU TV,UCyd7ZXu99D6orfKuaCQ9qcg,PAD THÁI CHAY_Vị thanh nhẹ cực kỳ lôi cuốn  MÓN NGON MỖI NGÀY  VIVU TV,22/11/2023,,2023-11-22,,329,True,970,21,https://youtube.com/watch?v=Q_40h8ixmS0,Q_40h8ixmS0,False,False
L26_V084,media-info-aic25-b1\media-info\L26_V084.json,True,,,True,ViVU TV,UCyd7ZXu99D6orfKuaCQ9qcg,Chả Cá Thu Chiên Lá Lốt Thơm nức lòng dai ngọt vấn vương  MÓN NGON MỖI NGÀY  VIVU TV,18/11/2023,,2023-11-18,,328,True,967,21,https://youtube.com/watch?v=Mgoo-9QQwb0,Mgoo-9QQwb0,False,False
L26_V085,media-info-aic25-b1\media-info\L26_V085.json,True,,,True,ViVU TV,UCyd7ZXu99D6orfKuaCQ9qcg,Xì sụp hít hà vị ngọt thơm thanh_Canh Cá Minh Thái  MÓN NGON MỖI NGÀY  VIVU TV,17/11/2023,,2023-11-17,,315,True,973,21,https://youtube.com/watch?v=GdBOHxj7Ixw,GdBOHxj7Ixw,False,False
L26_V086,media-info-aic25-b1\media-info\L26_V086.json,True,,,True,ViVU TV,UCyd7ZXu99D6orfKuaCQ9qcg,Chua Ngọt Cay Cay_LẨU THÁI ĐẦU CÁ LÓC BÔNG  MÓN NGON MỖI NGÀY  VIVU TV,16/11/2023,,2023-11-16,,327,True,974,21,https://youtube.com/watch?v=wCabnIWTGv4,wCabnIWTGv4,False,False
L26_V087,media-info-aic25-b1\media-info\L26_V087.json,True,,,True,ViVU TV,UCyd7ZXu99D6orfKuaCQ9qcg,Chua Ngọt lạ miệng ngon tê tái_SÚP CUA VỊ THÁI  MÓN NGON MỖI NGÀY  VIVU TV,11/11/2023,,2023-11-11,,319,True,971,21,https://youtube.com/watch?v=EnLo3Mwazd4,EnLo3Mwazd4,False,False
L26_V088,media-info-aic25-b1\media-info\L26_V088.json,True,,,True,ViVU TV,UCyd7ZXu99D6orfKuaCQ9qcg,Giòn giòn ngọt ngọt chua chua_MỰC CHIÊN GIÒN XỐT TẮC  MÓN NGON MỖI NGÀY  VIVU TV,10/11/2023,,2023-11-10,,322,True,971,21,https://youtube.com/watch?v=i3xTOl8WQkI,i3xTOl8WQkI,False,False
L26_V089,media-info-aic25-b1\media-info\L26_V089.json,True,,,True,ViVU TV,UCyd7ZXu99D6orfKuaCQ9qcg,CHẢ LA XƯƠNG SÔNG THƠM NGON ẤN TƯỢNG  MÓN NGON MỖI NGÀY  VIVU TV,09/11/2023,,2023-11-09,,308,True,973,22,https://youtube.com/watch?v=bQSbB-6jUHQ,bQSbB-6jUHQ,False,False
L26_V090,media-info-aic25-b1\media-info\L26_V090.json,True,,,True,ViVU TV,UCyd7ZXu99D6orfKuaCQ9qcg,BLENDY KEM NHO  MÓN NGON MỖI NGÀY  VIVU TV,03/11/2023,,2023-11-03,,309,True,971,21,https://youtube.com/watch?v=O_aGesWy-0c,O_aGesWy-0c,False,False
L26_V091,media-info-aic25-b1\media-info\L26_V091.json,True,,,True,ViVU TV,UCyd7ZXu99D6orfKuaCQ9qcg,ChuaThanh Giòn Thịt Thom Ấm Nồng _Thịt Bê Om Giấm Nghệ  MÓN NGON MỖI NGÀY  VIVU TV,14/10/2023,,2023-10-14,,329,True,975,21,https://youtube.com/watch?v=nLjZqANhaGw,nLjZqANhaGw,False,False
L26_V092,media-info-aic25-b1\media-info\L26_V092.json,True,,,True,ViVU TV,UCyd7ZXu99D6orfKuaCQ9qcg,Giòn Thơm Đậm Đà CÁ NGỪ CUỘN PHÔ MAI  MÓN NGON MỖI NGÀY  VIVU TV,13/10/2023,,2023-10-13,,325,True,974,21,https://youtube.com/watch?v=JyQLcg-TJJI,JyQLcg-TJJI,False,False
L26_V093,media-info-aic25-b1\media-info\L26_V093.json,True,,,True,ViVU TV,UCyd7ZXu99D6orfKuaCQ9qcg,Giòn thơm béo bùi Ngưu Bang Chiên tôm  MÓN NGON MỖI NGÀY  VIVU TV,07/10/2023,,2023-10-07,,328,True,975,21,https://youtube.com/watch?v=U90XHcBFRUc,U90XHcBFRUc,False,False
L26_V094,media-info-aic25-b1\media-info\L26_V094.json,True,,,True,ViVU TV,UCyd7ZXu99D6orfKuaCQ9qcg,Canh Sườn non Xuyên Tiêu vị ngọt thanh va thơm nồng ấm  MÓN NGON MỖI NGÀY  VIVU TV,06/10/2023,,2023-10-06,,323,True,974,21,https://youtube.com/watch?v=7Suurcu-Xl4,7Suurcu-Xl4,False,False
L26_V095,media-info-aic25-b1\media-info\L26_V095.json,True,,,True,ViVU TV,UCyd7ZXu99D6orfKuaCQ9qcg,SƯỜN HEO OM MÍT NON  MÓN NGON MỖI NGÀY  VIVU TV,30/09/2023,,2023-09-30,,328,True,967,21,https://youtube.com/watch?v=pO7HRV9zKVg,pO7HRV9zKVg,False,False
L26_V096,media-info-aic25-b1\media-info\L26_V096.json,True,,,True,ViVU TV,UCyd7ZXu99D6orfKuaCQ9qcg,VIÊN THANH CUA PHÔ MAI  MÓN NGON MỖI NGÀY  VIVU TV,29/09/2023,,2023-09-29,,328,True,970,21,https://youtube.com/watch?v=FHO3Xf9dHk4,FHO3Xf9dHk4,False,False
L26_V097,media-info-aic25-b1\media-info\L26_V097.json,True,,,True,ViVU TV,UCyd7ZXu99D6orfKuaCQ9qcg,CANH TÔM KHOAI MÀI sánh dẻo thơm bùi vị đồng quê  MÓN NGON MỖI NGÀY  VIVU TV,28/09/2023,,2023-09-28,,329,True,973,21,https://youtube.com/watch?v=GUgVcLx3tKk,GUgVcLx3tKk,False,False
L26_V098,media-info-aic25-b1\media-info\L26_V098.json,True,,,True,ViVU TV,UCyd7ZXu99D6orfKuaCQ9qcg,MATCHA CÀ PHÊ vị mát lạnh thơm lừng  MÓN NGON MỖI NGÀY  VIVU TV,23/09/2023,,2023-09-23,,325,True,969,21,https://youtube.com/watch?v=v-TLpP1wv2o,v-TLpP1wv2o,False,False
L26_V099,media-info-aic25-b1\media-info\L26_V099.json,True,,,True,ViVU TV,UCyd7ZXu99D6orfKuaCQ9qcg,TÔM NÉ bơ tỏi Thơm tung bừng gắp không ngừng  MÓN NGON MỖI NGÀY  VIVU TV,22/09/2023,,2023-09-22,,327,True,968,21,https://youtube.com/watch?v=TQBG6m_IBJg,TQBG6m_IBJg,False,False
L26_V100,media-info-aic25-b1\media-info\L26_V100.json,True,,,True,ViVU TV,UCyd7ZXu99D6orfKuaCQ9qcg,TÔM CÀNG HẤP XỐT MAYONNAISE XOÀI  MÓN NGON MỖI NGÀY  VIVU TV,21/09/2023,,2023-09-21,,325,True,968,21,https://youtube.com/watch?v=mi2MQ_hkjaw,mi2MQ_hkjaw,False,False
L26_V101,media-info-aic25-b1\media-info\L26_V101.json,True,,,True,ViVU TV,UCyd7ZXu99D6orfKuaCQ9qcg,Giòn Ngon Đậm Đà MÁ HEO NƯỚNG TÁO  MÓN NGON MỖI NGÀY  VIVU TV,15/09/2023,,2023-09-15,,324,True,971,21,https://youtube.com/watch?v=Aku5I0r7bPE,Aku5I0r7bPE,False,False
L26_V102,media-info-aic25-b1\media-info\L26_V102.json,True,,,True,ViVU TV,UCyd7ZXu99D6orfKuaCQ9qcg,PANCAKE XỐT ĐẬU GÀ  MÓN NGON MỖI NGÀY  VIVU TV,14/09/2023,,2023-09-14,,328,True,973,21,https://youtube.com/watch?v=qYRoUYv_RT8,qYRoUYv_RT8,False,False
L26_V103,media-info-aic25-b1\media-info\L26_V103.json,True,,,True,ViVU TV,UCyd7ZXu99D6orfKuaCQ9qcg,Thăn Heo Cuộn Cải Hấp  MÓN NGON MỖI NGÀY  VIVU TV,09/09/2023,,2023-09-09,,322,True,972,21,https://youtube.com/watch?v=4rHmvJ17OtI,4rHmvJ17OtI,False,False
L26_V104,media-info-aic25-b1\media-info\L26_V104.json,True,,,True,ViVU TV,UCyd7ZXu99D6orfKuaCQ9qcg,Chôm Chôm Nhồi Tôm Chiên Mộng Nước giòn Thơm  MÓN NGON MỖI NGÀY  VIVU TV,08/09/2023,,2023-09-08,,330,True,974,21,https://youtube.com/watch?v=bNm-Wi_VKWg,bNm-Wi_VKWg,False,False
L26_V105,media-info-aic25-b1\media-info\L26_V105.json,True,,,True,ViVU TV,UCyd7ZXu99D6orfKuaCQ9qcg,TOM YUM KUNG CHUA CAY KÍCH THÍCH  MÓN NGON MỖI NGÀY  VIVU TV,07/09/2023,,2023-09-07,,321,True,968,21,https://youtube.com/watch?v=Zq3QrfncB2A,Zq3QrfncB2A,False,False
L26_V106,media-info-aic25-b1\media-info\L26_V106.json,True,,,True,ViVU TV,UCyd7ZXu99D6orfKuaCQ9qcg,CÁ THU XỐT XOÀI  MÓN NGON MỖI NGÀY  VIVU TV,02/09/2023,,2023-09-02,,312,True,970,21,https://youtube.com/watch?v=0m45Ir6mWjM,0m45Ir6mWjM,False,False
L26_V107,media-info-aic25-b1\media-info\L26_V107.json,True,,,True,ViVU TV,UCyd7ZXu99D6orfKuaCQ9qcg,CANH TÔM CHUA CAY NGON BÙNG CHÁY  MÓN NGON MỖI NGÀY  VIVU TV,17/08/2023,,2023-08-17,,300,True,972,21,https://youtube.com/watch?v=9BTyeGO6caE,9BTyeGO6caE,False,False
L26_V108,media-info-aic25-b1\media-info\L26_V108.json,True,,,True,ViVU TV,UCyd7ZXu99D6orfKuaCQ9qcg,Giòn Thơm Ngọt Bùi với Khoai Chiên lắc Mayo Mè  MÓN NGON MỖI NGÀY  VIVU TV,12/08/2023,,2023-08-12,,320,True,971,21,https://youtube.com/watch?v=u-GHfRN6lyc,u-GHfRN6lyc,False,False
L26_V109,media-info-aic25-b1\media-info\L26_V109.json,True,,,True,ViVU TV,UCyd7ZXu99D6orfKuaCQ9qcg,Xôi Cẩm Thịt Cua Vừa Giòn lại Dẻo Thơm  MÓN NGON MỖI NGÀY  VIVU TV,11/08/2023,,2023-08-11,,326,True,971,21,https://youtube.com/watch?v=tbID8vD8WIw,tbID8vD8WIw,False,False
L26_V110,media-info-aic25-b1\media-info\L26_V110.json,True,,,True,ViVU TV,UCyd7ZXu99D6orfKuaCQ9qcg,Tép Ruộng Xào Khế Bông Điên Điển Giòn Ngọt Vị Đồng  MÓN NGON MỖI NGÀY  VIVU TV,10/08/2023,,2023-08-10,,304,True,966,21,https://youtube.com/watch?v=i2kUGYgUpCk,i2kUGYgUpCk,False,False
L26_V111,media-info-aic25-b1\media-info\L26_V111.json,True,,,True,ViVU TV,UCyd7ZXu99D6orfKuaCQ9qcg,Béo Béo Giòn Ngọt Bánh Mì Hạnh Nhân  MÓN NGON MỖI NGÀY  VIVU TV,10/08/2023,,2023-08-10,,313,True,972,21,https://youtube.com/watch?v=Vo8R0Mfd0bA,Vo8R0Mfd0bA,False,False
L26_V112,media-info-aic25-b1\media-info\L26_V112.json,True,,,True,ViVU TV,UCyd7ZXu99D6orfKuaCQ9qcg,BÊ CUỘN KHÌA NƯỚC DỪA TƯƠI  MÓN NGON MỖI NGÀY  VIVU TV,05/08/2023,,2023-08-05,,313,True,964,21,https://youtube.com/watch?v=BGQ58ngJeDE,BGQ58ngJeDE,False,False
L26_V113,media-info-aic25-b1\media-info\L26_V113.json,True,,,True,ViVU TV,UCyd7ZXu99D6orfKuaCQ9qcg,Xốp mềm béo thơm bánh rán kẹp cá ngừ Mayonnaise  MÓN NGON MỖI NGÀY  VIVU TV,04/08/2023,,2023-08-04,,331,True,973,21,https://youtube.com/watch?v=D6l71u3IDC0,D6l71u3IDC0,False,False
L26_V114,media-info-aic25-b1\media-info\L26_V114.json,True,,,True,ViVU TV,UCyd7ZXu99D6orfKuaCQ9qcg,BÁNH RÁN HƯƠNG MÙA HÈ  MÓN NGON MỖI NGÀY  VIVU TV,03/08/2023,,2023-08-03,,326,True,965,21,https://youtube.com/watch?v=EDATkp_JoU0,EDATkp_JoU0,False,False
L26_V115,media-info-aic25-b1\media-info\L26_V115.json,True,,,True,ViVU TV,UCyd7ZXu99D6orfKuaCQ9qcg,Đậm đà khó cưỡng Cá Hồi ngâm rau củ chua ngọt  MÓN NGON MỖI NGÀY  VIVU TV,15/07/2023,,2023-07-15,,323,True,963,21,https://youtube.com/watch?v=0JyIfxtXmWs,0JyIfxtXmWs,False,False
L26_V116,media-info-aic25-b1\media-info\L26_V116.json,True,,,True,ViVU TV,UCyd7ZXu99D6orfKuaCQ9qcg,Sườn non kho dưa cải thơm ngon đậm đà  MÓN NGON MỖI NGÀY  VIVU TV,14/07/2023,,2023-07-14,,321,True,968,21,https://youtube.com/watch?v=2DWl_J2hjbs,2DWl_J2hjbs,False,False
L26_V117,media-info-aic25-b1\media-info\L26_V117.json,True,,,True,ViVU TV,UCyd7ZXu99D6orfKuaCQ9qcg,Thanh mát lạ miệng Canh sườn củ sen ATISO  MÓN NGON MỖI NGÀY  VIVU TV,08/07/2023,,2023-07-08,,327,True,972,21,https://youtube.com/watch?v=213u3Z00rj8,213u3Z00rj8,False,False
L26_V118,media-info-aic25-b1\media-info\L26_V118.json,True,,,True,ViVU TV,UCyd7ZXu99D6orfKuaCQ9qcg,Thơm nồng nàn ba rọi sả ớt tẩm bột chiên giòn  MÓN NGON MỖI NGÀY  VIVU TV,07/07/2023,,2023-07-07,,329,True,967,21,https://youtube.com/watch?v=aBiYAa755dQ,aBiYAa755dQ,False,False
L26_V119,media-info-aic25-b1\media-info\L26_V119.json,True,,,True,ViVU TV,UCyd7ZXu99D6orfKuaCQ9qcg,Gà Cari xanh ngọt ngọt cay cay thơm nồng hương Thái  MÓN NGON MỖI NGÀY  VIVU TV,01/07/2023,,2023-07-01,,327,True,968,21,https://youtube.com/watch?v=1rphBvWW2_Y,1rphBvWW2_Y,False,False
L26_V120,media-info-aic25-b1\media-info\L26_V120.json,True,,,True,ViVU TV,UCyd7ZXu99D6orfKuaCQ9qcg,Vị ngọt thơm với Dồi trường xào Bông hẹ  MÓN NGON MỖI NGÀY  VIVU TV,30/06/2023,,2023-06-30,,323,True,970,21,https://youtube.com/watch?v=AZMfiMYE8OM,AZMfiMYE8OM,False,False
L26_V121,media-info-aic25-b1\media-info\L26_V121.json,True,,,True,ViVU TV,UCyd7ZXu99D6orfKuaCQ9qcg,Sụn Gà Rang Lá Cary Cay Thơm Ngon Bùng Vị  MÓN NGON MỖI NGÀY  VIVU TV,24/06/2023,,2023-06-24,,324,True,973,21,https://youtube.com/watch?v=iyf56tbMue8,iyf56tbMue8,False,False
L26_V122,media-info-aic25-b1\media-info\L26_V122.json,True,,,True,ViVU TV,UCyd7ZXu99D6orfKuaCQ9qcg,Salad Cam Đậu Đỏ Tươi Giòn Thanh Mát  MÓN NGON MỖI NGÀY  VIVU TV,23/06/2023,,2023-06-23,,329,True,971,21,https://youtube.com/watch?v=S030qpzfbaQ,S030qpzfbaQ,False,False
L26_V123,media-info-aic25-b1\media-info\L26_V123.json,True,,,True,ViVU TV,UCyd7ZXu99D6orfKuaCQ9qcg,BẠCH TUỘC LẮC CÓC NON XỐT THÁI CHUA NGỌT CAY CAY  MÓN NGON MỖI NGÀY  VIVU TV,10/06/2023,,2023-06-10,,328,True,966,21,https://youtube.com/watch?v=m3PGR0jjgxI,m3PGR0jjgxI,False,False
L26_V124,media-info-aic25-b1\media-info\L26_V124.json,True,,,True,ViVU TV,UCyd7ZXu99D6orfKuaCQ9qcg,"ĐÔNG CÔ BÁCH HOA CHAY, NGỌT THƠM TỪ NẤM  MÓN NGON MỖI NGÀY  VIVU TV",09/06/2023,,2023-06-09,,330,True,971,21,https://youtube.com/watch?v=RvNRJBsCeHs,RvNRJBsCeHs,False,False
L26_V125,media-info-aic25-b1\media-info\L26_V125.json,True,,,True,ViVU TV,UCyd7ZXu99D6orfKuaCQ9qcg,CÁ HỒI XÔNG KHÓI CUỘN CƠM  MÓN NGON MỖI NGÀY  VIVU TV,03/06/2023,,2023-06-03,,326,True,971,21,https://youtube.com/watch?v=xHbAf2ADXBE,xHbAf2ADXBE,False,False
L26_V126,media-info-aic25-b1\media-info\L26_V126.json,True,,,True,ViVU TV,UCyd7ZXu99D6orfKuaCQ9qcg,LẨU HOA CÁ KÈO CHUA CHUA CAY CAY  MÓN NGON MỖI NGÀY  VIVU TV,02/06/2023,,2023-06-02,,321,True,969,21,https://youtube.com/watch?v=l6vK7KY0QQ4,l6vK7KY0QQ4,False,False
L26_V127,media-info-aic25-b1\media-info\L26_V127.json,True,,,True,ViVU TV,UCyd7ZXu99D6orfKuaCQ9qcg,MÍT NON OM SƯỜN CHAY CỦ SEN  MÓN NGON MỖI NGÀY  VIVU TV,29/05/2023,,2023-05-29,,327,True,970,21,https://youtube.com/watch?v=uZSwsL4hCBM,uZSwsL4hCBM,False,False
L26_V128,media-info-aic25-b1\media-info\L26_V128.json,True,,,True,ViVU TV,UCyd7ZXu99D6orfKuaCQ9qcg,ĐÙI GÀ BARBECUE  MÓN NGON MỖI NGÀY  VIVU TV,29/05/2023,,2023-05-29,,324,True,971,21,https://youtube.com/watch?v=htyAHlGNlqE,htyAHlGNlqE,False,False
L26_V129,media-info-aic25-b1\media-info\L26_V129.json,True,,,True,ViVU TV,UCyd7ZXu99D6orfKuaCQ9qcg,BA RỌI RIM CHÁY CẠNH  MÓN NGON MỖI NGÀY  VIVU TV,20/05/2023,,2023-05-20,,325,True,974,21,https://youtube.com/watch?v=dahf0_Bk7uo,dahf0_Bk7uo,False,False
L26_V130,media-info-aic25-b1\media-info\L26_V130.json,True,,,True,ViVU TV,UCyd7ZXu99D6orfKuaCQ9qcg,SANDWICH NÓNG PHÔ MAI THỊT NGUỘI  MÓN NGON MỖI NGÀY  VIVU TV,20/05/2023,,2023-05-20,,320,True,970,21,https://youtube.com/watch?v=acLUdleteN4,acLUdleteN4,False,False
L26_V131,media-info-aic25-b1\media-info\L26_V131.json,True,,,True,ViVU TV,UCyd7ZXu99D6orfKuaCQ9qcg,BÁNH RÁN SOCOLA MÚT TẦM BÓP  MÓN NGON MỖI NGÀY  VIVU TV,19/05/2023,,2023-05-19,,324,True,971,21,https://youtube.com/watch?v=a0dO_yRPGhQ,a0dO_yRPGhQ,False,False
L26_V132,media-info-aic25-b1\media-info\L26_V132.json,True,,,True,ViVU TV,UCyd7ZXu99D6orfKuaCQ9qcg,THỊT BÒ XÀO BÔNG SO ĐŨA  MÓN NGON MỖI NGÀY  VIVU TV,19/05/2023,,2023-05-19,,326,True,976,21,https://youtube.com/watch?v=NJnQNhpQOOA,NJnQNhpQOOA,False,False
L26_V133,media-info-aic25-b1\media-info\L26_V133.json,True,,,True,ViVU TV,UCyd7ZXu99D6orfKuaCQ9qcg,CHẢ ỐC NƯỚNG LÁ LỐT  MÓN NGON MỖI NGÀY  VIVU TV,06/05/2023,,2023-05-06,,329,True,973,21,https://youtube.com/watch?v=QIXYR0AAZgY,QIXYR0AAZgY,False,False
L26_V134,media-info-aic25-b1\media-info\L26_V134.json,True,,,True,ViVU TV,UCyd7ZXu99D6orfKuaCQ9qcg,CUA RANG XỐT TẮC  MÓN NGON MỖI NGÀY  VIVU TV,05/05/2023,,2023-05-05,,325,True,971,21,https://youtube.com/watch?v=oonyhViozh4,oonyhViozh4,False,False
L26_V135,media-info-aic25-b1\media-info\L26_V135.json,True,,,True,ViVU TV,UCyd7ZXu99D6orfKuaCQ9qcg,PANCAKE TRỨNG KHUẤY MỀM XỐP NHƯ MÂY  MÓN NGON MỖI NGÀY  VIVU TV,29/04/2023,,2023-04-29,,327,True,975,21,https://youtube.com/watch?v=8VZWuhcO55I,8VZWuhcO55I,False,False
L26_V136,media-info-aic25-b1\media-info\L26_V136.json,True,,,True,ViVU TV,UCyd7ZXu99D6orfKuaCQ9qcg,CHẢ GIO TÀU HỦ KY DAI GIÒN BẮT VỊ  MÓN NGON MỖI NGÀY  VIVU TV,28/04/2023,,2023-04-28,,328,True,971,20,https://youtube.com/watch?v=tSOr7_wyWDA,tSOr7_wyWDA,False,False
L26_V137,media-info-aic25-b1\media-info\L26_V137.json,True,,,True,ViVU TV,UCyd7ZXu99D6orfKuaCQ9qcg,CÁNH GÀ NƯỚNG CAY Đậm đà vui miệng  MÓN NGON MỖI NGÀY  VIVU TV,22/04/2023,,2023-04-22,,326,True,972,21,https://youtube.com/watch?v=txBHLRirY4o,txBHLRirY4o,False,False
L26_V138,media-info-aic25-b1\media-info\L26_V138.json,True,,,True,ViVU TV,UCyd7ZXu99D6orfKuaCQ9qcg,GỎI XOÀI TÔM SẢ  MÓN NGON MỖI NGÀY  VIVU TV,21/04/2023,,2023-04-21,,321,True,968,21,https://youtube.com/watch?v=LTFnkHOPboY,LTFnkHOPboY,False,False
L26_V139,media-info-aic25-b1\media-info\L26_V139.json,True,,,True,ViVU TV,UCyd7ZXu99D6orfKuaCQ9qcg,Mềm ngọt Nồng Thơm Hấp Dẫn với LẨU VỊT TÍA TÔ  MÓN NGON MỖI NGÀY  VIVU TV,15/04/2023,,2023-04-15,,327,True,969,21,https://youtube.com/watch?v=Nl8kAluQOkY,Nl8kAluQOkY,False,False
L26_V140,media-info-aic25-b1\media-info\L26_V140.json,True,,,True,ViVU TV,UCyd7ZXu99D6orfKuaCQ9qcg,CÁ TRỨNG CHIÊN GIÒN Cắn vào giòn tan mang bao cảm xúc  MÓN NGON MỖI NGÀY  VIVU TV,14/04/2023,,2023-04-14,,320,True,974,20,https://youtube.com/watch?v=_zvsKiQKCG4,_zvsKiQKCG4,False,False
L26_V141,media-info-aic25-b1\media-info\L26_V141.json,True,,,True,ViVU TV,UCyd7ZXu99D6orfKuaCQ9qcg,SALAD BÒ RAU MÁ Đẹp da thanh nhiệt  MÓN NGON MỖI NGÀY  VIVU TV,08/04/2023,,2023-04-08,,325,True,970,21,https://youtube.com/watch?v=Ok6CBD7ycn0,Ok6CBD7ycn0,False,False
L26_V142,media-info-aic25-b1\media-info\L26_V142.json,True,,,True,ViVU TV,UCyd7ZXu99D6orfKuaCQ9qcg,MÌ CĂN XỐT NẤM món chay ngon miệng cho cả gia đình  MÓN NGON MỖI NGÀY  VIVU TV,08/04/2023,,2023-04-08,,330,True,969,21,https://youtube.com/watch?v=DrwFFqaIYJ0,DrwFFqaIYJ0,False,False
L26_V143,media-info-aic25-b1\media-info\L26_V143.json,True,,,True,ViVU TV,UCyd7ZXu99D6orfKuaCQ9qcg,CANH CHUA CÁ DỨA MỘT NẮNG Chua Cay Ngọt Thơm Chuẩn Vị Mẹ Nấu  MÓN NGON MỖI NGÀY  VIVU TV,07/04/2023,,2023-04-07,,332,True,971,21,https://youtube.com/watch?v=XyUWyThRFxw,XyUWyThRFxw,False,False
L26_V144,media-info-aic25-b1\media-info\L26_V144.json,True,,,True,ViVU TV,UCyd7ZXu99D6orfKuaCQ9qcg,SANDWICH TRỨNG CÚT MAYONNAISE   MÓN NGON MỖI NGÀY  VIVU TV,07/04/2023,,2023-04-07,,326,True,974,21,https://youtube.com/watch?v=wwWGrFavoYs,wwWGrFavoYs,False,False
L26_V145,media-info-aic25-b1\media-info\L26_V145.json,True,,,True,ViVU TV,UCyd7ZXu99D6orfKuaCQ9qcg,CANH BÍ ĐỎ HẠNH NHÂN Ngọt thanh nhẹ nhàng  MÓN NGON MỖI NGÀY  VIVU TV,01/04/2023,,2023-04-01,,327,True,974,21,https://youtube.com/watch?v=PCld83AkaoE,PCld83AkaoE,False,False
L26_V146,media-info-aic25-b1\media-info\L26_V146.json,True,,,True,ViVU TV,UCyd7ZXu99D6orfKuaCQ9qcg,BAO TỬ KHÌA NƯỚC DỪA Nhai giòn sần sật thích mê tơi  MÓN NGON MỖI NGÀY  VIVU TV,31/03/2023,,2023-03-31,,333,True,974,21,https://youtube.com/watch?v=GjpnR5uXS4k,GjpnR5uXS4k,False,False
L26_V147,media-info-aic25-b1\media-info\L26_V147.json,True,,,True,ViVU TV,UCyd7ZXu99D6orfKuaCQ9qcg,Mềm thơm đậm vị với CÀ TÍM NHỒI THỊT ÁP CHẢO  MÓN NGON MỖI NGÀY  VIVU TV,11/03/2023,,2023-03-11,,326,True,971,21,https://youtube.com/watch?v=iAXb1zf6wic,iAXb1zf6wic,False,False
L26_V148,media-info-aic25-b1\media-info\L26_V148.json,True,,,True,ViVU TV,UCyd7ZXu99D6orfKuaCQ9qcg,GỎI XOÀI CÁ TRÊ Giòn Thơm Đậm Đà  MÓN NGON MỖI NGÀY  VIVU TV,10/03/2023,,2023-03-10,,328,True,970,20,https://youtube.com/watch?v=kntHqO2aBN0,kntHqO2aBN0,False,False
L26_V149,media-info-aic25-b1\media-info\L26_V149.json,True,,,True,ViVU TV,UCyd7ZXu99D6orfKuaCQ9qcg,PANCAKE SẮC MÀU Thơm Ngọt Xốp Mềm Sắc Màu rực Rỡ  MÓN NGON MỖI NGÀY  VIVU TV,04/03/2023,,2023-03-04,,320,True,971,21,https://youtube.com/watch?v=AJAOpV2_yT8,AJAOpV2_yT8,False,False
L26_V150,media-info-aic25-b1\media-info\L26_V150.json,True,,,True,ViVU TV,UCyd7ZXu99D6orfKuaCQ9qcg,Bung Tỏa Hương Thơm với MATCHA PLAN  MÓN NGON MỖI NGÀY  VIVU TV,03/03/2023,,2023-03-03,,308,True,968,21,https://youtube.com/watch?v=j_5M0GLdzWc,j_5M0GLdzWc,False,False
L26_V151,media-info-aic25-b1\media-info\L26_V151.json,True,,,True,ViVU TV,UCyd7ZXu99D6orfKuaCQ9qcg,TÔM CÀNG ĐÚT LÒ Gấp Đôi Canxi Béo Thơm Hết Ý  MÓN NGON MỖI NGÀY  VIVU TV,25/02/2023,,2023-02-25,,331,True,970,21,https://youtube.com/watch?v=5GjJ3z0AmRs,5GjJ3z0AmRs,False,False
L26_V152,media-info-aic25-b1\media-info\L26_V152.json,True,,,True,ViVU TV,UCyd7ZXu99D6orfKuaCQ9qcg,CANH CUA KHỔ QUA Dân Dã Chinh Phục Bữa Cơm Ngày Thường  MÓN NGON MỖI NGÀY  VIVU TV,24/02/2023,,2023-02-24,,330,True,971,20,https://youtube.com/watch?v=QVdE2cFHyq0,QVdE2cFHyq0,False,False
L26_V153,media-info-aic25-b1\media-info\L26_V153.json,True,,,True,ViVU TV,UCyd7ZXu99D6orfKuaCQ9qcg,MỘC CỐM CHIÊN GIÒN Dẻo thơm tròn vị Dai giòn mê ly  MÓN NGON MỖI NGÀY  VIVU TV,18/02/2023,,2023-02-18,,328,True,973,21,https://youtube.com/watch?v=UYAtXbzKin8,UYAtXbzKin8,False,False
L26_V154,media-info-aic25-b1\media-info\L26_V154.json,True,,,True,ViVU TV,UCyd7ZXu99D6orfKuaCQ9qcg,CANH CÁ CHÉP GIÒN NẤU NGHỆ Chua Thanh Ngọt Thịt Thích Mê  MÓN NGON MỖI NGÀY  VIVU TV,17/02/2023,,2023-02-17,,326,True,1560,20,https://youtube.com/watch?v=ebkgyXWRFXw,ebkgyXWRFXw,False,False
L26_V155,media-info-aic25-b1\media-info\L26_V155.json,True,,,True,ViVU TV,UCyd7ZXu99D6orfKuaCQ9qcg,BÚN BẮP BÒ CẢI CHUA Nước chua thanh sợi dai dai ai cũng thích  MÓN NGON MỖI NGÀY  VIVU TV,11/02/2023,,2023-02-11,,325,True,1561,21,https://youtube.com/watch?v=jIrwVckMI8g,jIrwVckMI8g,False,False
L26_V156,media-info-aic25-b1\media-info\L26_V156.json,True,,,True,ViVU TV,UCyd7ZXu99D6orfKuaCQ9qcg,SALAD CAM TÌNH YÊU Tươi mới diệu ngọt cho tình đầm thắm  MÓN NGON MỖI NGÀY  VIVU TV,10/02/2023,,2023-02-10,,328,True,1561,21,https://youtube.com/watch?v=lBgNACoBMSs,lBgNACoBMSs,False,False
L26_V157,media-info-aic25-b1\media-info\L26_V157.json,True,,,True,ViVU TV,UCyd7ZXu99D6orfKuaCQ9qcg,Tết Nguyên Tiêu bùng vị mới với NEM RÁN CHAY  MÓN NGON MỖI NGÀY  VIVU TV,09/02/2023,,2023-02-09,,327,True,1556,21,https://youtube.com/watch?v=pDhypT33yOM,pDhypT33yOM,False,False
L26_V158,media-info-aic25-b1\media-info\L26_V158.json,True,,,True,ViVU TV,UCyd7ZXu99D6orfKuaCQ9qcg,"Giòn thơm đậm đà, chua ngọt xuýt xoa với CÁ KÈO CHIÊN MÈ  MÓN NGON MỖI NGÀY  VIVU TV",09/02/2023,,2023-02-09,,328,True,1558,21,https://youtube.com/watch?v=nzbCt5BcQIk,nzbCt5BcQIk,False,False
L26_V159,media-info-aic25-b1\media-info\L26_V159.json,True,,,True,ViVU TV,UCyd7ZXu99D6orfKuaCQ9qcg,CƠM CHIÊN DƯA BÒ ĐƠN GIẢN NHƯNG NGON TUYỆT VỜI  MÓN NGON MỖI NGÀY  VIVU TV,28/01/2023,,2023-01-28,,322,True,971,21,https://youtube.com/watch?v=5HePIHNLkLQ,5HePIHNLkLQ,False,False
L26_V160,media-info-aic25-b1\media-info\L26_V160.json,True,,,True,ViVU TV,UCyd7ZXu99D6orfKuaCQ9qcg,SƯỜN CHIÊN LÁ LỐT VỪA GIÒN VỪA THƠM  MÓN NGON MỖI NGÀY  VIVU TV,27/01/2023,,2023-01-27,,321,True,972,20,https://youtube.com/watch?v=0iKQPjLI010,0iKQPjLI010,False,False
L26_V161,media-info-aic25-b1\media-info\L26_V161.json,True,,,True,ViVU TV,UCyd7ZXu99D6orfKuaCQ9qcg,CÁ SÒNG NƯỚNG MUỐI HẠT VỊ NGON LẠ QUÁ SÁ ĐÃ  MÓN NGON MỖI NGÀY  VIVU TV,21/01/2023,,2023-01-21,,324,True,969,20,https://youtube.com/watch?v=DVLpI0VjQF0,DVLpI0VjQF0,False,False
L26_V162,media-info-aic25-b1\media-info\L26_V162.json,True,,,True,ViVU TV,UCyd7ZXu99D6orfKuaCQ9qcg,GÀ LUỘC XÔI GẤC ĐỎ RỰC MAY MẮN ĐÓN XUÂN SANG  MÓN NGON MỖI NGÀY  VIVU TV,20/01/2023,,2023-01-20,,327,True,970,20,https://youtube.com/watch?v=Y9o3mjr4rFk,Y9o3mjr4rFk,False,False
L26_V163,media-info-aic25-b1\media-info\L26_V163.json,True,,,True,ViVU TV,UCyd7ZXu99D6orfKuaCQ9qcg,GAN XÀO LÁ CÀ RI NGON ĐẶC TRƯNG THƠM BỪNG TỪNG VỊ  MÓN NGON MỖI NGÀY  VIVU TV,14/01/2023,,2023-01-14,,326,True,970,20,https://youtube.com/watch?v=RK7vQDr_Cq0,RK7vQDr_Cq0,False,False
L26_V164,media-info-aic25-b1\media-info\L26_V164.json,True,,,True,ViVU TV,UCyd7ZXu99D6orfKuaCQ9qcg,LẨU COLLAGEN BÉO BÙI KHÔNG NGẤY CHỈ THẤY THÊM XINH  MÓN NGON MỖI NGÀY  VIVU TV,13/01/2023,,2023-01-13,,323,True,969,21,https://youtube.com/watch?v=ROhrB3piUek,ROhrB3piUek,False,False
L26_V165,media-info-aic25-b1\media-info\L26_V165.json,True,,,True,ViVU TV,UCyd7ZXu99D6orfKuaCQ9qcg,THỊT KHO TRỨNG MÓN ĂN TRUYỀN THỐNG  MÓN NGON MỖI NGÀY  VIVU TV,07/01/2023,,2023-01-07,,316,True,970,20,https://youtube.com/watch?v=urU_HEoU1gg,urU_HEoU1gg,False,False
L26_V166,media-info-aic25-b1\media-info\L26_V166.json,True,,,True,ViVU TV,UCyd7ZXu99D6orfKuaCQ9qcg,LẨU CHÁO CHIM CÚT HẠT SEN  MÓN NGON MỖI NGÀY  VIVU TV,06/01/2023,,2023-01-06,,326,True,972,20,https://youtube.com/watch?v=XaQa9brFLUw,XaQa9brFLUw,False,False
L26_V167,media-info-aic25-b1\media-info\L26_V167.json,True,,,True,ViVU TV,UCyd7ZXu99D6orfKuaCQ9qcg,PANCAKE HOA CÚC  MÓN NGON MỖI NGÀY  VIVU TV,31/12/2022,,2022-12-31,,326,True,971,20,https://youtube.com/watch?v=0HZa3wZfoG4,0HZa3wZfoG4,False,False
L26_V168,media-info-aic25-b1\media-info\L26_V168.json,True,,,True,ViVU TV,UCyd7ZXu99D6orfKuaCQ9qcg,CHẢ MAI CUA LÁ LỐT  MÓN NGON MỖI NGÀY  VIVU TV,30/12/2022,,2022-12-30,,317,True,972,20,https://youtube.com/watch?v=SOGldr7j71M,SOGldr7j71M,False,False
L26_V169,media-info-aic25-b1\media-info\L26_V169.json,True,,,True,ViVU TV,UCyd7ZXu99D6orfKuaCQ9qcg,CÁ TUYẾT XỐT NAN BAN  MÓN NGON MỖI NGÀY  VIVU TV,24/12/2022,,2022-12-24,,321,True,974,20,https://youtube.com/watch?v=dYNHe0fYXXs,dYNHe0fYXXs,False,False
L26_V170,media-info-aic25-b1\media-info\L26_V170.json,True,,,True,ViVU TV,UCyd7ZXu99D6orfKuaCQ9qcg,CANH TÔM BÁNH GẠO  MÓN NGON MỖI NGÀY  VIVU TV,23/12/2022,,2022-12-23,,322,True,972,19,https://youtube.com/watch?v=ZKJpWLeyefs,ZKJpWLeyefs,False,False
L26_V171,media-info-aic25-b1\media-info\L26_V171.json,True,,,True,ViVU TV,UCyd7ZXu99D6orfKuaCQ9qcg,TRỨNG HẤP HÀU RONG BIỂN THƠM NGON MỌNG NƯỚC BÉO NGỌT TỰ NHIÊN  MÓN NGON MỖI NGÀY  VIVU TV,03/12/2022,,2022-12-03,,321,True,977,21,https://youtube.com/watch?v=iqrH17ePJpU,iqrH17ePJpU,False,False
L26_V172,media-info-aic25-b1\media-info\L26_V172.json,True,,,True,ViVU TV,UCyd7ZXu99D6orfKuaCQ9qcg,XÀO LĂN CHAY THẢO MỘC  MÓN NGON MỖI NGÀY  VIVU TV,02/12/2022,,2022-12-02,,323,True,968,19,https://youtube.com/watch?v=eX90--QIvp4,eX90--QIvp4,False,False
L26_V173,media-info-aic25-b1\media-info\L26_V173.json,True,,,True,ViVU TV,UCyd7ZXu99D6orfKuaCQ9qcg,VỊT LỘN XÀO ME  MÓN NGON MỖI NGÀY  VIVU TV,26/11/2022,,2022-11-26,,321,True,969,20,https://youtube.com/watch?v=mj4vAWGME1g,mj4vAWGME1g,False,False
L26_V174,media-info-aic25-b1\media-info\L26_V174.json,True,,,True,ViVU TV,UCyd7ZXu99D6orfKuaCQ9qcg,GÀ CHIÊN XỐT TARU TARU CẮN VÀO GIÒN TAN MANG BAO CẢM XÚC  MÓN NGON MỖI NGÀY  VIVU TV,25/11/2022,,2022-11-25,,324,True,976,20,https://youtube.com/watch?v=qNcPXpmcldM,qNcPXpmcldM,False,False
L26_V175,media-info-aic25-b1\media-info\L26_V175.json,True,,,True,ViVU TV,UCyd7ZXu99D6orfKuaCQ9qcg,BẮP BÒ XÀO ĐẬU RỒNG  MÓN NGON MỖI NGÀY  VIVU TV,19/11/2022,,2022-11-19,,320,True,973,20,https://youtube.com/watch?v=R9U9njBBoxY,R9U9njBBoxY,False,False
L26_V176,media-info-aic25-b1\media-info\L26_V176.json,True,,,True,ViVU TV,UCyd7ZXu99D6orfKuaCQ9qcg,CÁ TRẮM KHO RIỀNG ĐẬM ĐÀ ĐƯA CƠM  MÓN NGON MỖI NGÀY  VIVU TV,18/11/2022,,2022-11-18,,323,True,972,23,https://youtube.com/watch?v=dtggbYokGNM,dtggbYokGNM,False,False
L26_V177,media-info-aic25-b1\media-info\L26_V177.json,True,,,True,ViVU TV,UCyd7ZXu99D6orfKuaCQ9qcg,MỰC XÀO XỐT TIÊU XANH NỒNG THƠM GIÒN NGỌT  MÓN NGON MỖI NGÀY  VIVU TV,05/11/2022,,2022-11-05,,322,True,975,24,https://youtube.com/watch?v=zD6FTlf0uHo,zD6FTlf0uHo,False,False
L26_V178,media-info-aic25-b1\media-info\L26_V178.json,True,,,True,ViVU TV,UCyd7ZXu99D6orfKuaCQ9qcg,BÁNH ÍT TRẦN MỀM MỊN DẺO DAI CÀNG NHAI CÀNG KHOÁI  MÓN NGON MỖI NGÀY  VIVU TV,04/11/2022,,2022-11-04,,331,True,968,24,https://youtube.com/watch?v=8h9k5tBc9Ic,8h9k5tBc9Ic,False,False
L26_V179,media-info-aic25-b1\media-info\L26_V179.json,True,,,True,ViVU TV,UCyd7ZXu99D6orfKuaCQ9qcg,LẨU KIM CHI CHÂN GÀ MÓN NGON MỖI NGÀY  VIVU TV,29/10/2022,,2022-10-29,,323,True,973,24,https://youtube.com/watch?v=kuTXGaSg0Pg,kuTXGaSg0Pg,False,False
L26_V180,media-info-aic25-b1\media-info\L26_V180.json,True,,,True,ViVU TV,UCyd7ZXu99D6orfKuaCQ9qcg,KHỔ QUA NHỒI NẤM KHO NƯỚC TƯƠNG MÓN NGON MỖI NGÀY  VIVU TV,28/10/2022,,2022-10-28,,313,True,971,24,https://youtube.com/watch?v=yTx_z-AOamQ,yTx_z-AOamQ,False,False
L26_V181,media-info-aic25-b1\media-info\L26_V181.json,True,,,True,ViVU TV,UCyd7ZXu99D6orfKuaCQ9qcg,BÒ LÁ LỐT CHIÊN  MÓN NGON MỖI NGÀY  VIVU TV,22/10/2022,,2022-10-22,,323,True,970,24,https://youtube.com/watch?v=CymX2a-cZE4,CymX2a-cZE4,False,False
L26_V182,media-info-aic25-b1\media-info\L26_V182.json,True,,,True,ViVU TV,UCyd7ZXu99D6orfKuaCQ9qcg,MATCHA SỮA CACAO NGON BÁ ĐẠO KHÔNG HỀ ẢO  MÓN NGON MỖI NGÀY  VIVU TV,21/10/2022,,2022-10-21,,300,True,972,23,https://youtube.com/watch?v=TN9t7Lp84u4,TN9t7Lp84u4,False,False
L26_V183,media-info-aic25-b1\media-info\L26_V183.json,True,,,True,ViVU TV,UCyd7ZXu99D6orfKuaCQ9qcg,SOUP ĐUÔI BÒ CHUA CAY  MÓN NGON MỖI NGÀY  VIVU TV  KHOẢNH KHẮC CUỘC ĐỜI  VIVU TV,15/10/2022,,2022-10-15,,327,True,975,23,https://youtube.com/watch?v=j3BITM60cyY,j3BITM60cyY,False,False
L26_V184,media-info-aic25-b1\media-info\L26_V184.json,True,,,True,ViVU TV,UCyd7ZXu99D6orfKuaCQ9qcg,CÁNH GÀ CHIÊN BẮP PHÔ MAI  MÓN NGON MỖI NGÀY  VIVU TV,08/10/2022,,2022-10-08,,320,True,978,22,https://youtube.com/watch?v=MyVmuWTRTXA,MyVmuWTRTXA,False,False
L26_V185,media-info-aic25-b1\media-info\L26_V185.json,True,,,True,ViVU TV,UCyd7ZXu99D6orfKuaCQ9qcg,LẨU CUA ĐỒNG  MÓN NGON MỖI NGÀY  VIVU TV,07/10/2022,,2022-10-07,,322,True,968,25,https://youtube.com/watch?v=-T_9LhKOwuc,-T_9LhKOwuc,False,False
L26_V186,media-info-aic25-b1\media-info\L26_V186.json,True,,,True,ViVU TV,UCyd7ZXu99D6orfKuaCQ9qcg,"LẨU CHAO MỰC SỰ KẾT HỢP MỚI LẠ, THANH TAO  MÓN NGON MỖI NGÀY  VIVU TV",01/10/2022,,2022-10-01,,324,True,968,24,https://youtube.com/watch?v=171F32Y7otE,171F32Y7otE,False,False
L26_V187,media-info-aic25-b1\media-info\L26_V187.json,True,,,True,ViVU TV,UCyd7ZXu99D6orfKuaCQ9qcg,CÁ LÓC NƯỚNG ỚT XIÊM XANH  MÓN NGON MỖI NGÀY  VIVU TV,30/09/2022,,2022-09-30,,320,True,968,24,https://youtube.com/watch?v=TmvxhlThOU4,TmvxhlThOU4,False,False
L26_V188,media-info-aic25-b1\media-info\L26_V188.json,True,,,True,ViVU TV,UCyd7ZXu99D6orfKuaCQ9qcg,BÚN MẮM ĐẦM ẤM VỊ QUÊ  MÓN NGON MỖI NGÀY  VIVU TV,24/09/2022,,2022-09-24,,321,True,964,23,https://youtube.com/watch?v=y2hqfUIYHvM,y2hqfUIYHvM,False,False
L26_V189,media-info-aic25-b1\media-info\L26_V189.json,True,,,True,ViVU TV,UCyd7ZXu99D6orfKuaCQ9qcg,GÀ ÁC TIỀM THUỐC BẮC  MÓN NGON MỖI NGÀY  VIVU TV,23/09/2022,,2022-09-23,,295,True,972,23,https://youtube.com/watch?v=KFjCuu-boyw,KFjCuu-boyw,False,False
L26_V190,media-info-aic25-b1\media-info\L26_V190.json,True,,,True,ViVU TV,UCyd7ZXu99D6orfKuaCQ9qcg,CÁNH GÀ NGÂM SẢ TẮC  MÓN NGON MỖI NGÀY  VIVU TV,17/09/2022,,2022-09-17,,310,True,972,23,https://youtube.com/watch?v=nCpBbOOfCNk,nCpBbOOfCNk,False,False
L26_V191,media-info-aic25-b1\media-info\L26_V191.json,True,,,True,ViVU TV,UCyd7ZXu99D6orfKuaCQ9qcg,BÁNH RÁN XÚC XÍCH BẮP VÀNG  MÓN NGON MỖI NGÀY  VIVU TV,10/09/2022,,2022-09-10,,294,True,972,23,https://youtube.com/watch?v=j8JySlBZ5SI,j8JySlBZ5SI,False,False
L26_V192,media-info-aic25-b1\media-info\L26_V192.json,True,,,True,ViVU TV,UCyd7ZXu99D6orfKuaCQ9qcg,BÁNH KHỌT LÁ CẨM NHÂN NẤM HẠT SEN  MÓN NGON MỖI NGÀY  VIVU TV,09/09/2022,,2022-09-09,,319,True,971,24,https://youtube.com/watch?v=p-sTCD_J530,p-sTCD_J530,False,False
L26_V193,media-info-aic25-b1\media-info\L26_V193.json,True,,,True,ViVU TV,UCyd7ZXu99D6orfKuaCQ9qcg,NGHÊU NƯỚNG XỐT ME NGON MÊ SAY  MÓN NGON MỖI NGÀY  VIVU TV,27/08/2022,,2022-08-27,,313,True,973,24,https://youtube.com/watch?v=mkO39aewcf0,mkO39aewcf0,False,False
L26_V194,media-info-aic25-b1\media-info\L26_V194.json,True,,,True,ViVU TV,UCyd7ZXu99D6orfKuaCQ9qcg,MĂNG TÂY CHIÊN BIA XỐT CÁ NGỪ  MÓN NGON MỖI NGÀY  VIVU TV,26/08/2022,,2022-08-26,,318,True,973,24,https://youtube.com/watch?v=k674VQhvDPo,k674VQhvDPo,False,False
L26_V195,media-info-aic25-b1\media-info\L26_V195.json,True,,,True,ViVU TV,UCyd7ZXu99D6orfKuaCQ9qcg,MỰC ỐNG HẤP CỦ SẮN  MÓN NGON MỖI NGÀY  VIVU TV,20/08/2022,,2022-08-20,,325,True,972,23,https://youtube.com/watch?v=Cxk2Bk2LWNw,Cxk2Bk2LWNw,False,False
L26_V196,media-info-aic25-b1\media-info\L26_V196.json,True,,,True,ViVU TV,UCyd7ZXu99D6orfKuaCQ9qcg,KEM VỊ TRÀ MATCHA BLENDY  MÓN NGON MỖI NGÀY  VIVU TV,19/08/2022,,2022-08-19,,310,True,978,25,https://youtube.com/watch?v=osKTolLRubc,osKTolLRubc,False,False
L26_V197,media-info-aic25-b1\media-info\L26_V197.json,True,,,True,ViVU TV,UCyd7ZXu99D6orfKuaCQ9qcg,BAO TỬ KHÌA XÁ XỊ  MÓN NGON MỖI NGÀY  VIVU TV,13/08/2022,,2022-08-13,,318,True,971,25,https://youtube.com/watch?v=UVrl268vzeY,UVrl268vzeY,False,False
L26_V198,media-info-aic25-b1\media-info\L26_V198.json,True,,,True,ViVU TV,UCyd7ZXu99D6orfKuaCQ9qcg,MÍT NON KHO NẤM NGON NHƯ Ý  MÓN NGON MỖI NGÀY  VIVU TV,06/08/2022,,2022-08-06,,318,True,970,25,https://youtube.com/watch?v=LWTx34iyqn8,LWTx34iyqn8,False,False
L26_V199,media-info-aic25-b1\media-info\L26_V199.json,True,,,True,ViVU TV,UCyd7ZXu99D6orfKuaCQ9qcg,CỐT LẾT CHIÊN XỐT HÚNG CHANH  MÓN NGON MỖI NGÀY  VIVU TV,30/07/2022,,2022-07-30,,322,True,969,24,https://youtube.com/watch?v=yZ93hdzWzBk,yZ93hdzWzBk,False,False
L26_V200,media-info-aic25-b1\media-info\L26_V200.json,True,,,True,ViVU TV,UCyd7ZXu99D6orfKuaCQ9qcg,BÁNH RÁN TRÁI CÂY XỐP MỀM TƯƠI NGON  MÓN NGON MỖI NGÀY  VIVU TV,29/07/2022,,2022-07-29,,322,True,972,23,https://youtube.com/watch?v=BPSHU456L1U,BPSHU456L1U,False,False
L26_V201,media-info-aic25-b1\media-info\L26_V201.json,True,,,True,ViVU TV,UCyd7ZXu99D6orfKuaCQ9qcg,CÁ THU XỐT THẢO MỘC  MÓN NGON MỖI NGÀY  VIVU TV,23/07/2022,,2022-07-23,,319,True,973,23,https://youtube.com/watch?v=_tIAL5eziNA,_tIAL5eziNA,False,False
L26_V202,media-info-aic25-b1\media-info\L26_V202.json,True,,,True,ViVU TV,UCyd7ZXu99D6orfKuaCQ9qcg,PANCAKE JAMBON TRỨNG CÚT  MÓN NGON MỖI NGÀY  VIVU TV,22/07/2022,,2022-07-22,,321,True,977,23,https://youtube.com/watch?v=pGvzwj1UJ8g,pGvzwj1UJ8g,False,False
L26_V203,media-info-aic25-b1\media-info\L26_V203.json,True,,,True,ViVU TV,UCyd7ZXu99D6orfKuaCQ9qcg,BẮT VI NGON CƠM CÙNG THỊT VỊT XÀO CỦ CẢI MUỐI  MÓN NGON MỖI NGÀY  VIVU TV,16/07/2022,,2022-07-16,,327,True,977,23,https://youtube.com/watch?v=-yP4nYfuTHE,-yP4nYfuTHE,False,False
L26_V204,media-info-aic25-b1\media-info\L26_V204.json,True,,,True,ViVU TV,UCyd7ZXu99D6orfKuaCQ9qcg,BỮA SÁNG CHẤT LƯỢNG VỚI XÔI XÁ XÍU  MÓN NGON MỖI NGÀY  VIVU TV,15/07/2022,,2022-07-15,,325,True,966,23,https://youtube.com/watch?v=xh1sd5d3SPc,xh1sd5d3SPc,False,False
L26_V205,media-info-aic25-b1\media-info\L26_V205.json,True,,,True,ViVU TV,UCyd7ZXu99D6orfKuaCQ9qcg,BÒ NƯỚNG LÁ CÁCH  MÓN NGON MỖI NGÀY  VIVU TV,09/07/2022,,2022-07-09,,319,True,971,23,https://youtube.com/watch?v=Y-ImrEyKWYk,Y-ImrEyKWYk,False,False
L26_V206,media-info-aic25-b1\media-info\L26_V206.json,True,,,True,ViVU TV,UCyd7ZXu99D6orfKuaCQ9qcg,CANH CHUA ĐẦU CÁ HỒI  MÓN NGON MỖI NGÀY  VIVU TV,08/07/2022,,2022-07-08,,319,True,974,23,https://youtube.com/watch?v=PInFIIZ4lNw,PInFIIZ4lNw,False,False
L26_V207,media-info-aic25-b1\media-info\L26_V207.json,True,,,True,ViVU TV,UCyd7ZXu99D6orfKuaCQ9qcg,SAKE CHIÊN GIÒN 2 VỊ  MÓN NGON MỖI NGÀY  VIVU TV,02/07/2022,,2022-07-02,,316,True,971,23,https://youtube.com/watch?v=kmMGeTsuM2Q,kmMGeTsuM2Q,False,False
L26_V208,media-info-aic25-b1\media-info\L26_V208.json,True,,,True,ViVU TV,UCyd7ZXu99D6orfKuaCQ9qcg,TIM HEO XÀO MĂNG TÂY  MÓN NGON MỖI NGÀY  VIVU TV,01/07/2022,,2022-07-01,,324,True,974,23,https://youtube.com/watch?v=D8RgVCetC-g,D8RgVCetC-g,False,False
L26_V209,media-info-aic25-b1\media-info\L26_V209.json,True,,,True,ViVU TV,UCyd7ZXu99D6orfKuaCQ9qcg,ẾCH OM TỎI  MÓN NGON MỖI NGÀY  VIVU TV,25/06/2022,,2022-06-25,,319,True,966,23,https://youtube.com/watch?v=UUr7uLYjkDE,UUr7uLYjkDE,False,False
L26_V210,media-info-aic25-b1\media-info\L26_V210.json,True,,,True,ViVU TV,UCyd7ZXu99D6orfKuaCQ9qcg,MÌ TRỘN XỐT MAYONNAISE  MÓN NGON MỖI NGÀY  VIVU TV,24/06/2022,,2022-06-24,,319,True,977,23,https://youtube.com/watch?v=aSBfMk5FZlU,aSBfMk5FZlU,False,False
L26_V211,media-info-aic25-b1\media-info\L26_V211.json,True,,,True,ViVU TV,UCyd7ZXu99D6orfKuaCQ9qcg,CÁ CƠM THAN CHIÊN MÈ XỐT ME  MÓN NGON MỖI NGÀY  VIVU TV,23/06/2022,,2022-06-23,,320,True,974,23,https://youtube.com/watch?v=tfTwi1neVkM,tfTwi1neVkM,False,False
L26_V212,media-info-aic25-b1\media-info\L26_V212.json,True,,,True,ViVU TV,UCyd7ZXu99D6orfKuaCQ9qcg,TÔM CÀNG KHO TRỨNG MUỐI  MÓN NGON MỖI NGÀY  VIVU TV,18/06/2022,,2022-06-18,,325,True,722,24,https://youtube.com/watch?v=qi_juJ0Lu18,qi_juJ0Lu18,False,False
L26_V213,media-info-aic25-b1\media-info\L26_V213.json,True,,,True,ViVU TV,UCyd7ZXu99D6orfKuaCQ9qcg,PHỞ TRỘN  MÓN NGON MỖI NGÀY  VIVU TV,17/06/2022,,2022-06-17,,312,True,710,24,https://youtube.com/watch?v=W5Jpc3FMFF0,W5Jpc3FMFF0,False,False
L26_V214,media-info-aic25-b1\media-info\L26_V214.json,True,,,True,ViVU TV,UCyd7ZXu99D6orfKuaCQ9qcg,BÁNH CANH CHAY  MÓN NGON MỖI NGÀY  VIVU TV,16/06/2022,,2022-06-16,,324,True,715,24,https://youtube.com/watch?v=FjHxy7vQSNc,FjHxy7vQSNc,False,False
L26_V215,media-info-aic25-b1\media-info\L26_V215.json,True,,,True,ViVU TV,UCyd7ZXu99D6orfKuaCQ9qcg,LẨU VỊT HẦM SẢ  MÓN NGON MỖI NGÀY  VIVU TV,11/06/2022,,2022-06-11,,300,True,714,23,https://youtube.com/watch?v=HVe_Jjf_agI,HVe_Jjf_agI,False,False
L26_V216,media-info-aic25-b1\media-info\L26_V216.json,True,,,True,ViVU TV,UCyd7ZXu99D6orfKuaCQ9qcg,LƯỜN CÁ HỒI CHIÊN NƯỚC MẮM  MÓN NGON MỖI NGÀY  VIVU TV,10/06/2022,,2022-06-10,,318,True,724,23,https://youtube.com/watch?v=MIfibZBhqSY,MIfibZBhqSY,False,False
L26_V217,media-info-aic25-b1\media-info\L26_V217.json,True,,,True,ViVU TV,UCyd7ZXu99D6orfKuaCQ9qcg,SALAD CUA TÁO XANH  MÓN NGON MỖI NGÀY  VIVU TV,09/06/2022,,2022-06-09,,326,True,719,23,https://youtube.com/watch?v=JFtVRf0qI10,JFtVRf0qI10,False,False
L26_V218,media-info-aic25-b1\media-info\L26_V218.json,True,,,True,ViVU TV,UCyd7ZXu99D6orfKuaCQ9qcg,SƯỜN CHIÊN XỐT MẶN  MÓN NGON MỖI NGÀY  VIVU TV,04/06/2022,,2022-06-04,,317,True,719,23,https://youtube.com/watch?v=0L8hwHKbf-w,0L8hwHKbf-w,False,False
L26_V219,media-info-aic25-b1\media-info\L26_V219.json,True,,,True,ViVU TV,UCyd7ZXu99D6orfKuaCQ9qcg,CÀ RI GÀ  MÓN NGON MỖI NGÀY  VIVU TV,03/06/2022,,2022-06-03,,319,True,709,23,https://youtube.com/watch?v=bvAIo6br4l0,bvAIo6br4l0,False,False
L26_V220,media-info-aic25-b1\media-info\L26_V220.json,True,,,True,ViVU TV,UCyd7ZXu99D6orfKuaCQ9qcg,LẨU CÁ VIÊN NẤU SẤU  MÓN NGON MỖI NGÀY  VIVU TV,02/06/2022,,2022-06-02,,324,True,712,23,https://youtube.com/watch?v=SWOHxSIc4Sw,SWOHxSIc4Sw,False,False
L26_V221,media-info-aic25-b1\media-info\L26_V221.json,True,,,True,ViVU TV,UCyd7ZXu99D6orfKuaCQ9qcg,DỒI TRƯỜNG HẤP HÀNH GỪNG  MÓN NGON MỖI NGÀY  VIVU TV,28/05/2022,,2022-05-28,,299,True,723,22,https://youtube.com/watch?v=n-T4J76fIZA,n-T4J76fIZA,False,False
L26_V222,media-info-aic25-b1\media-info\L26_V222.json,True,,,True,ViVU TV,UCyd7ZXu99D6orfKuaCQ9qcg,BẮP CẢI TÍM TRỘN TÔM  MÓN NGON MỖI NGÀY  VIVU TV,27/05/2022,,2022-05-27,,316,True,719,23,https://youtube.com/watch?v=1xQVChdOA1U,1xQVChdOA1U,False,False
L26_V223,media-info-aic25-b1\media-info\L26_V223.json,True,,,True,ViVU TV,UCyd7ZXu99D6orfKuaCQ9qcg,CANH KHỔ QUA HẦM THỊT  MÓN NGON MỖI NGÀY  VIVU TV,26/05/2022,,2022-05-26,,311,True,720,23,https://youtube.com/watch?v=QNjlCJOYMEY,QNjlCJOYMEY,False,False
L26_V224,media-info-aic25-b1\media-info\L26_V224.json,True,,,True,ViVU TV,UCyd7ZXu99D6orfKuaCQ9qcg,TÔM CHIÊN GIÒN XỐT TRỨNG MUỐI  MÓN NGON MỖI NGÀY  VIVU TV,21/05/2022,,2022-05-21,,322,True,715,23,https://youtube.com/watch?v=4Qbu-E3hAaI,4Qbu-E3hAaI,False,False
L26_V225,media-info-aic25-b1\media-info\L26_V225.json,True,,,True,ViVU TV,UCyd7ZXu99D6orfKuaCQ9qcg,SƯỜN NƯỚNG TIÊU  MÓN NGON MỖI NGÀY  VIVU TV,20/05/2022,,2022-05-20,,323,True,716,24,https://youtube.com/watch?v=AJJHahQmdwg,AJJHahQmdwg,False,False
L26_V226,media-info-aic25-b1\media-info\L26_V226.json,True,,,True,ViVU TV,UCyd7ZXu99D6orfKuaCQ9qcg,SANDWICH TRÁI CÂY CHIÊN GIÒN  MÓN NGON MỖI NGÀY  VIVU TV,19/05/2022,,2022-05-19,,328,True,718,23,https://youtube.com/watch?v=C_HYkZoZanY,C_HYkZoZanY,False,False
L26_V227,media-info-aic25-b1\media-info\L26_V227.json,True,,,True,ViVU TV,UCyd7ZXu99D6orfKuaCQ9qcg,CANH CHUA VỊ THÁI  MÓN NGON MỖI NGÀY  VIVU TV,12/05/2022,,2022-05-12,,325,True,717,23,https://youtube.com/watch?v=Q-dpRfH7DiI,Q-dpRfH7DiI,False,False
L26_V228,media-info-aic25-b1\media-info\L26_V228.json,True,,,True,ViVU TV,UCyd7ZXu99D6orfKuaCQ9qcg,CUA LỘT CHIÊN GIÒN  MÓN NGON MỖI NGÀY  VIVU TV,07/05/2022,,2022-05-07,,291,True,718,23,https://youtube.com/watch?v=u0DFdf5iOqE,u0DFdf5iOqE,False,False
L26_V229,media-info-aic25-b1\media-info\L26_V229.json,True,,,True,ViVU TV,UCyd7ZXu99D6orfKuaCQ9qcg,KHAI VỊ CÁ HỒI  MÓN NGON MỖI NGÀY  VIVU TV,06/05/2022,,2022-05-06,,319,True,714,23,https://youtube.com/watch?v=cgRU9QrX11s,cgRU9QrX11s,False,False
L26_V230,media-info-aic25-b1\media-info\L26_V230.json,True,,,True,ViVU TV,UCyd7ZXu99D6orfKuaCQ9qcg,LẨU NẤM CHAY  MÓN NGON MỖI NGÀY  VIVU TV,05/05/2022,,2022-05-05,,317,True,713,23,https://youtube.com/watch?v=8v7wcDw5_08,8v7wcDw5_08,False,False
L26_V231,media-info-aic25-b1\media-info\L26_V231.json,True,,,True,ViVU TV,UCyd7ZXu99D6orfKuaCQ9qcg,CÁ HỒI CUỘN BƠ CHIÊN GIÒN  MÓN NGON MỖI NGÀY  VIVU TV,30/04/2022,,2022-04-30,,322,True,714,23,https://youtube.com/watch?v=X7QFY0IsahY,X7QFY0IsahY,False,False
L26_V232,media-info-aic25-b1\media-info\L26_V232.json,True,,,True,ViVU TV,UCyd7ZXu99D6orfKuaCQ9qcg,ỐC HƯƠNG XÀO CỦ HŨ DỪA  MÓN NGON MỖI NGÀY  VIVU TV,29/04/2022,,2022-04-29,,325,True,713,24,https://youtube.com/watch?v=mPCtbPYvWy0,mPCtbPYvWy0,False,False
L26_V233,media-info-aic25-b1\media-info\L26_V233.json,True,,,True,ViVU TV,UCyd7ZXu99D6orfKuaCQ9qcg,PANCAKE XOÀI KEM TƯƠI  MÓN NGON MỖI NGÀY  VIVU TV,28/04/2022,,2022-04-28,,296,True,721,23,https://youtube.com/watch?v=ohts95jErkw,ohts95jErkw,False,False
L26_V234,media-info-aic25-b1\media-info\L26_V234.json,True,,,True,ViVU TV,UCyd7ZXu99D6orfKuaCQ9qcg,CÁNH GÀ CHIÊN DỪA  MÓN NGON MỖI NGÀY  VIVU TV,23/04/2022,,2022-04-23,,326,True,717,24,https://youtube.com/watch?v=F8OPdp-KVf4,F8OPdp-KVf4,False,False
L26_V235,media-info-aic25-b1\media-info\L26_V235.json,True,,,True,ViVU TV,UCyd7ZXu99D6orfKuaCQ9qcg,BÚN SƯỜN NON NẤU CHUỐI ĐẬU  MÓN NGON MỖI NGÀY  VIVU TV,22/04/2022,,2022-04-22,,309,True,713,23,https://youtube.com/watch?v=T6QGyWH3JiQ,T6QGyWH3JiQ,False,False
L26_V236,media-info-aic25-b1\media-info\L26_V236.json,True,,,True,ViVU TV,UCyd7ZXu99D6orfKuaCQ9qcg,CANH HÀO SỮA MĂNG CHUA  MÓN NGON MỖI NGÀY  VIVU TV,09/04/2022,,2022-04-09,,301,True,721,23,https://youtube.com/watch?v=IAZfFm3fcuE,IAZfFm3fcuE,False,False
L26_V237,media-info-aic25-b1\media-info\L26_V237.json,True,,,True,ViVU TV,UCyd7ZXu99D6orfKuaCQ9qcg,TRỨNG CÚT XÀO CHUA NGỌT  MÓN NGON MỖI NGÀY  VIVU TV,08/04/2022,,2022-04-08,,317,True,722,23,https://youtube.com/watch?v=_qCNTh_m5y4,_qCNTh_m5y4,False,False
L26_V238,media-info-aic25-b1\media-info\L26_V238.json,True,,,True,ViVU TV,UCyd7ZXu99D6orfKuaCQ9qcg,LẨU GÀ CHUA CAY  MÓN NGON MỖI NGÀY  VIVU TV,07/04/2022,,2022-04-07,,309,True,715,22,https://youtube.com/watch?v=wBDYtAe_H8c,wBDYtAe_H8c,False,False
L26_V239,media-info-aic25-b1\media-info\L26_V239.json,True,,,True,ViVU TV,UCyd7ZXu99D6orfKuaCQ9qcg,SALAD TÔM THANH MÁT  MÓN NGON MỖI NGÀY  VIVU TV,02/04/2022,,2022-04-02,,319,True,719,23,https://youtube.com/watch?v=a4O0BwF0fDo,a4O0BwF0fDo,False,False
L26_V240,media-info-aic25-b1\media-info\L26_V240.json,True,,,True,ViVU TV,UCyd7ZXu99D6orfKuaCQ9qcg,CÁ ĐIÊU HỒNG NƯỚNG RIỀNG MẺ  MÓN NGON MỖI NGÀY  VIVU TV,01/04/2022,,2022-04-01,,294,True,718,23,https://youtube.com/watch?v=yN1nBn33wfk,yN1nBn33wfk,False,False
L26_V241,media-info-aic25-b1\media-info\L26_V241.json,True,,,True,ViVU TV,UCyd7ZXu99D6orfKuaCQ9qcg,BÒ BEEFSTEAK  MÓN NGON MỖI NGÀY  VIVU TV,31/03/2022,,2022-03-31,,310,True,714,23,https://youtube.com/watch?v=FW8FsYSyo6o,FW8FsYSyo6o,False,False
L26_V242,media-info-aic25-b1\media-info\L26_V242.json,True,,,True,ViVU TV,UCyd7ZXu99D6orfKuaCQ9qcg,CHẢ CÁ THÌ LÀ  MÓN NGON MỖI NGÀY  VIVU TV,26/03/2022,,2022-03-26,,317,True,713,23,https://youtube.com/watch?v=TqhpA_ltsAg,TqhpA_ltsAg,False,False
L26_V243,media-info-aic25-b1\media-info\L26_V243.json,True,,,True,ViVU TV,UCyd7ZXu99D6orfKuaCQ9qcg,BÁNH RÁN BƠ DỪA  MÓN NGON MỖI NGÀY  VIVU TV,25/03/2022,,2022-03-25,,318,True,715,23,https://youtube.com/watch?v=9J4Id9z-44U,9J4Id9z-44U,False,False
L26_V244,media-info-aic25-b1\media-info\L26_V244.json,True,,,True,ViVU TV,UCyd7ZXu99D6orfKuaCQ9qcg,SƯỜN NẤU ĐẬU NGỰ  MÓN NGON MỖI NGÀY  VIVU TV,24/03/2022,,2022-03-24,,322,True,716,23,https://youtube.com/watch?v=YdiBf0clOwU,YdiBf0clOwU,False,False
L26_V245,media-info-aic25-b1\media-info\L26_V245.json,True,,,True,ViVU TV,UCyd7ZXu99D6orfKuaCQ9qcg,CÁ THU CHIÊN NGHỆ  MÓN NGON MỖI NGÀY  VIVU TV,19/03/2022,,2022-03-19,,319,True,717,23,https://youtube.com/watch?v=OdRWK23BBHM,OdRWK23BBHM,False,False
L26_V246,media-info-aic25-b1\media-info\L26_V246.json,True,,,True,ViVU TV,UCyd7ZXu99D6orfKuaCQ9qcg,GIÒ HEO HON DỪA NƯỚC  MÓN NGON MỖI NGÀY  VIVU TV,18/03/2022,,2022-03-18,,319,True,719,23,https://youtube.com/watch?v=UGWYzpIAMig,UGWYzpIAMig,False,False
L26_V247,media-info-aic25-b1\media-info\L26_V247.json,True,,,True,ViVU TV,UCyd7ZXu99D6orfKuaCQ9qcg,ĐÙI GÀ ÁP CHẢO XỐT THƠM  MÓN NGON MỖI NGÀY  VIVU TV,17/03/2022,,2022-03-17,,319,True,721,23,https://youtube.com/watch?v=0FYO04mB24Q,0FYO04mB24Q,False,False
L26_V248,media-info-aic25-b1\media-info\L26_V248.json,True,,,True,ViVU TV,UCyd7ZXu99D6orfKuaCQ9qcg,BÁNH GÀ CHIÊN XỐT MÈ  MÓN NGON MỖI NGÀY  VIVU TV,12/03/2022,,2022-03-12,,319,True,1191,24,https://youtube.com/watch?v=0tW4scga504,0tW4scga504,False,False
L26_V249,media-info-aic25-b1\media-info\L26_V249.json,True,,,True,ViVU TV,UCyd7ZXu99D6orfKuaCQ9qcg,HOÀNH THÁNH CHAY  MÓN NGON MỖI NGÀY  VIVU TV,11/03/2022,,2022-03-11,,318,True,1130,24,https://youtube.com/watch?v=h8TfdoVyTSU,h8TfdoVyTSU,False,False
L26_V250,media-info-aic25-b1\media-info\L26_V250.json,True,,,True,ViVU TV,UCyd7ZXu99D6orfKuaCQ9qcg,CANH CHUA TÔM NƯỚC TRONG  MÓN NGON MỖI NGÀY  VIVU TV,10/03/2022,,2022-03-10,,320,True,1058,24,https://youtube.com/watch?v=ySMvBS_jpFY,ySMvBS_jpFY,False,False
L26_V251,media-info-aic25-b1\media-info\L26_V251.json,True,,,True,ViVU TV,UCyd7ZXu99D6orfKuaCQ9qcg,CUỘN RONG BIỂN CHIÊN GIÒN  MÓN NGON MỖI NGÀY  VIVU TV,05/03/2022,,2022-03-05,,319,True,725,24,https://youtube.com/watch?v=JpFLzLdj1Eg,JpFLzLdj1Eg,False,False
L26_V252,media-info-aic25-b1\media-info\L26_V252.json,True,,,True,ViVU TV,UCyd7ZXu99D6orfKuaCQ9qcg,COOKIES BLENDY DÂU 3 MÀU  MÓN NGON MỖI NGÀY  VIVU TV,04/03/2022,,2022-03-04,,319,True,717,24,https://youtube.com/watch?v=5-rhF4QGzr8,5-rhF4QGzr8,False,False
L26_V253,media-info-aic25-b1\media-info\L26_V253.json,True,,,True,ViVU TV,UCyd7ZXu99D6orfKuaCQ9qcg,CANH SƯỜN BÒ CỦ SEN  MÓN NGON MỖI NGÀY  VIVU TV,03/03/2022,,2022-03-03,,318,True,719,24,https://youtube.com/watch?v=rkIKFFV-s30,rkIKFFV-s30,False,False
L26_V254,media-info-aic25-b1\media-info\L26_V254.json,True,,,True,ViVU TV,UCyd7ZXu99D6orfKuaCQ9qcg,NGHÊU KHO TỘ  MÓN NGON MỖI NGÀY  VIVU TV,26/02/2022,,2022-02-26,,312,True,714,23,https://youtube.com/watch?v=Wo65-e-nKl4,Wo65-e-nKl4,False,False
L26_V255,media-info-aic25-b1\media-info\L26_V255.json,True,,,True,ViVU TV,UCyd7ZXu99D6orfKuaCQ9qcg,ĐÙI GÀ CHIÊN CAY  MÓN NGON MỖI NGÀY  VIVU TV,25/02/2022,,2022-02-25,,312,True,717,23,https://youtube.com/watch?v=De-QNRW2oZE,De-QNRW2oZE,False,False
L26_V256,media-info-aic25-b1\media-info\L26_V256.json,True,,,True,ViVU TV,UCyd7ZXu99D6orfKuaCQ9qcg,VỊT XÀO LÁ MẮC MẬT  MÓN NGON MỖI NGÀY  VIVU TV,24/02/2022,,2022-02-24,,320,True,718,24,https://youtube.com/watch?v=Nvz9K8zzAGo,Nvz9K8zzAGo,False,False
L26_V257,media-info-aic25-b1\media-info\L26_V257.json,True,,,True,ViVU TV,UCyd7ZXu99D6orfKuaCQ9qcg,SƯỜN NON XÔT GIẤM ĐỎ MÓN NGON MỖI NGÀY  VIVU TV,19/02/2022,,2022-02-19,,324,True,720,23,https://youtube.com/watch?v=Atq_v9a_kDk,Atq_v9a_kDk,False,False
L26_V258,media-info-aic25-b1\media-info\L26_V258.json,True,,,True,ViVU TV,UCyd7ZXu99D6orfKuaCQ9qcg,CANH GIÒ HEO RAU CỦ  MÓN NGON MỖI NGÀY  VIVU TV,18/02/2022,,2022-02-18,,323,True,719,23,https://youtube.com/watch?v=7hsu0E5y8bY,7hsu0E5y8bY,False,False
L26_V259,media-info-aic25-b1\media-info\L26_V259.json,True,,,True,ViVU TV,UCyd7ZXu99D6orfKuaCQ9qcg,CHẢ TÔM NHỒI MỰC NƯỚNG  MÓN NGON MỖI NGÀY  VIVU TV,17/02/2022,,2022-02-17,,322,True,722,24,https://youtube.com/watch?v=uUNz6RIH1zc,uUNz6RIH1zc,False,False
L26_V260,media-info-aic25-b1\media-info\L26_V260.json,True,,,True,ViVU TV,UCyd7ZXu99D6orfKuaCQ9qcg,BÒ KHO CHAY  MÓN NGON MỖI NGÀY  VIVU TV,12/02/2022,,2022-02-12,,322,True,713,24,https://youtube.com/watch?v=ONl_9EutZx4,ONl_9EutZx4,False,False
L26_V261,media-info-aic25-b1\media-info\L26_V261.json,True,,,True,ViVU TV,UCyd7ZXu99D6orfKuaCQ9qcg,RA GU CHÂN NẤM  MÓN NGON MỖI NGÀY  VIVU TV,11/02/2022,,2022-02-11,,328,True,715,25,https://youtube.com/watch?v=iJynfKvab8Q,iJynfKvab8Q,False,False
L26_V262,media-info-aic25-b1\media-info\L26_V262.json,True,,,True,ViVU TV,UCyd7ZXu99D6orfKuaCQ9qcg,MÌ Ý XỐT NẤM  MÓN NGON MỖI NGÀY  VIVU TV,10/02/2022,,2022-02-10,,320,True,713,24,https://youtube.com/watch?v=DKP6uZsYESY,DKP6uZsYESY,False,False
L26_V263,media-info-aic25-b1\media-info\L26_V263.json,True,,,True,ViVU TV,UCyd7ZXu99D6orfKuaCQ9qcg,ẾCH KHO MĂNG LÁ QUẾ  MÓN NGON MỖI NGÀY  VIVU TV,09/02/2022,,2022-02-09,,324,True,714,24,https://youtube.com/watch?v=G4bSOLVNDNQ,G4bSOLVNDNQ,False,False
L26_V264,media-info-aic25-b1\media-info\L26_V264.json,True,,,True,ViVU TV,UCyd7ZXu99D6orfKuaCQ9qcg,BACON CUỘN HÀNH TÂY PHÔ MAI  MÓN NGON MỖI NGÀY  VIVU TV,08/02/2022,,2022-02-08,,325,True,713,24,https://youtube.com/watch?v=Etw9aEk0_eU,Etw9aEk0_eU,False,False
L26_V265,media-info-aic25-b1\media-info\L26_V265.json,True,,,True,ViVU TV,UCyd7ZXu99D6orfKuaCQ9qcg,CÁ CƠM CHIÊN BÔNG HẸ  MÓN NGON MỖI NGÀY  VIVU TV,07/02/2022,,2022-02-07,,325,True,720,23,https://youtube.com/watch?v=6s3LaPdvMz0,6s3LaPdvMz0,False,False
L26_V266,media-info-aic25-b1\media-info\L26_V266.json,True,,,True,ViVU TV,UCyd7ZXu99D6orfKuaCQ9qcg,CANH CÁ HỒNG  MÓN NGON MỖI NGÀY  VIVU TV,29/01/2022,,2022-01-29,,325,True,714,23,https://youtube.com/watch?v=BfZRg3dSHSc,BfZRg3dSHSc,False,False
L26_V267,media-info-aic25-b1\media-info\L26_V267.json,True,,,True,ViVU TV,UCyd7ZXu99D6orfKuaCQ9qcg,NỘM LƯỠI LỢN SU HÀO  MÓN NGON MỖI NGÀY  VIVU TV,28/01/2022,,2022-01-28,,321,True,719,23,https://youtube.com/watch?v=9LFmPp8xHFk,9LFmPp8xHFk,False,False
L26_V268,media-info-aic25-b1\media-info\L26_V268.json,True,,,True,ViVU TV,UCyd7ZXu99D6orfKuaCQ9qcg,BẮP CẢI HẤP NẤM TÔM  MÓN NGON MỖI NGÀY  VIVU TV,27/01/2022,,2022-01-27,,326,True,719,26,https://youtube.com/watch?v=hfJAtdCZCLo,hfJAtdCZCLo,False,False
L26_V269,media-info-aic25-b1\media-info\L26_V269.json,True,,,True,ViVU TV,UCyd7ZXu99D6orfKuaCQ9qcg,GỎI HOA CHUỐI THỊT GÀ CHAY  MÓN NGON MỖI NGÀY  VIVU TV,01/01/2022,,2022-01-01,,325,True,725,25,https://youtube.com/watch?v=HYEss-3IBeo,HYEss-3IBeo,False,False
L26_V270,media-info-aic25-b1\media-info\L26_V270.json,True,,,True,ViVU TV,UCyd7ZXu99D6orfKuaCQ9qcg,CÁ SAPA NHỒI NGỌC KÊ NƯỚNG  MÓN NGON MỖI NGÀY  VIVU TV,31/12/2021,,2021-12-31,,321,True,710,23,https://youtube.com/watch?v=qJdovwIJgc0,qJdovwIJgc0,False,False
L26_V271,media-info-aic25-b1\media-info\L26_V271.json,True,,,True,ViVU TV,UCyd7ZXu99D6orfKuaCQ9qcg,XÔI GÀ ĐẬU XANH  MÓN NGON MỖI NGÀY  VIVU TV,30/12/2021,,2021-12-30,,322,True,716,27,https://youtube.com/watch?v=zpa0HhoDQ9k,zpa0HhoDQ9k,False,False
L26_V272,media-info-aic25-b1\media-info\L26_V272.json,True,,,True,ViVU TV,UCyd7ZXu99D6orfKuaCQ9qcg,ĐẬU BẮP NHỒI CHẢ CÁ CHIÊN  MÓN NGON MỖI NGÀY  VIVU TV,25/12/2021,,2021-12-25,,327,True,724,26,https://youtube.com/watch?v=jMI88HGpJdY,jMI88HGpJdY,False,False
L26_V273,media-info-aic25-b1\media-info\L26_V273.json,True,,,True,ViVU TV,UCyd7ZXu99D6orfKuaCQ9qcg,PANCAKE XẾP NHÂN SẦU RIÊNG  MÓN NGON MỖI NGÀY  VIVU TV,24/12/2021,,2021-12-24,,320,True,728,26,https://youtube.com/watch?v=nWQDKMV3usM,nWQDKMV3usM,False,False
L26_V274,media-info-aic25-b1\media-info\L26_V274.json,True,,,True,ViVU TV,UCyd7ZXu99D6orfKuaCQ9qcg,CÁNH GÀ XỐT MÙ TẠT  MÓN NGON MỖI NGÀY  VIVU TV,23/12/2021,,2021-12-23,,325,True,720,26,https://youtube.com/watch?v=uFGV2cuLLkQ,uFGV2cuLLkQ,False,False
L26_V275,media-info-aic25-b1\media-info\L26_V275.json,True,,,True,ViVU TV,UCyd7ZXu99D6orfKuaCQ9qcg,TÔM CHIÊN DỪA  MÓN NGON MỖI NGÀY  VIVU TV,18/12/2021,,2021-12-18,,325,True,717,25,https://youtube.com/watch?v=PS_R03IXD1Y,PS_R03IXD1Y,False,False
L26_V276,media-info-aic25-b1\media-info\L26_V276.json,True,,,True,ViVU TV,UCyd7ZXu99D6orfKuaCQ9qcg,KHOAI TÂY VIÊN CHIÊN XÙ  MÓN NGON MỖI NGÀY  VIVU TV,17/12/2021,,2021-12-17,,327,True,718,24,https://youtube.com/watch?v=-jDdAZZteSY,-jDdAZZteSY,False,False
L26_V277,media-info-aic25-b1\media-info\L26_V277.json,True,,,True,ViVU TV,UCyd7ZXu99D6orfKuaCQ9qcg,HỒ LÔ CÁ  MÓN NGON MỖI NGÀY  VIVU TV,11/12/2021,,2021-12-11,,325,True,713,26,https://youtube.com/watch?v=IDGkB9ofy30,IDGkB9ofy30,False,False
L26_V278,media-info-aic25-b1\media-info\L26_V278.json,True,,,True,ViVU TV,UCyd7ZXu99D6orfKuaCQ9qcg,CÁ BÓP KHO TỘ THỊT BA RỌI  MÓN NGON MỖI NGÀY  VIVU TV,05/12/2021,,2021-12-05,,327,True,717,24,https://youtube.com/watch?v=kQreulyoes8,kQreulyoes8,False,False
L26_V279,media-info-aic25-b1\media-info\L26_V279.json,True,,,True,ViVU TV,UCyd7ZXu99D6orfKuaCQ9qcg,BÁNH RÁN SOCOLA XỐT TÁO  MÓN NGON MỖI NGÀY  VIVU TV,04/12/2021,,2021-12-04,,315,True,719,23,https://youtube.com/watch?v=xbwzhKmxUB8,xbwzhKmxUB8,False,False
L26_V280,media-info-aic25-b1\media-info\L26_V280.json,True,,,True,ViVU TV,UCyd7ZXu99D6orfKuaCQ9qcg,TRỨNG CUỘN KIỂU NHẬT  MÓN NGON MỖI NGÀY  VIVU TV,03/12/2021,,2021-12-03,,319,True,724,24,https://youtube.com/watch?v=cP2zWggBfEs,cP2zWggBfEs,False,False
L26_V281,media-info-aic25-b1\media-info\L26_V281.json,True,,,True,ViVU TV,UCyd7ZXu99D6orfKuaCQ9qcg,MỰC XÀO SẢ ỚT  MÓN NGON MỖI NGÀY  VIVU TV,28/11/2021,,2021-11-28,,323,True,717,23,https://youtube.com/watch?v=XntJwAE2tBY,XntJwAE2tBY,False,False
L26_V282,media-info-aic25-b1\media-info\L26_V282.json,True,,,True,ViVU TV,UCyd7ZXu99D6orfKuaCQ9qcg,CANH CHUA SƯỜN NON  MÓN NGON MỖI NGÀY  VIVU TV,27/11/2021,,2021-11-27,,315,True,722,23,https://youtube.com/watch?v=FXUu02eBp6Q,FXUu02eBp6Q,False,False
L26_V283,media-info-aic25-b1\media-info\L26_V283.json,True,,,True,ViVU TV,UCyd7ZXu99D6orfKuaCQ9qcg,CỐT LẾT CHIÊN SẢ ỚT  MÓN NGON MỖI NGÀY  VIVU TV,26/11/2021,,2021-11-26,,327,True,722,23,https://youtube.com/watch?v=HX3Fx7j8bbg,HX3Fx7j8bbg,False,False
L26_V284,media-info-aic25-b1\media-info\L26_V284.json,True,,,True,ViVU TV,UCyd7ZXu99D6orfKuaCQ9qcg,CÁ NỤC XỐT THƠM  MÓN NGON MỖI NGÀY  VIVU TV,20/11/2021,,2021-11-20,,325,True,719,23,https://youtube.com/watch?v=7HBqqgGg78w,7HBqqgGg78w,False,False
L26_V285,media-info-aic25-b1\media-info\L26_V285.json,True,,,True,ViVU TV,UCyd7ZXu99D6orfKuaCQ9qcg,BÁNH GẠO XÀO CAY  MÓN NGON MỖI NGÀY  VIVU TV,19/11/2021,,2021-11-19,,324,True,720,23,https://youtube.com/watch?v=2t9EezJ-CTM,2t9EezJ-CTM,False,False
L26_V286,media-info-aic25-b1\media-info\L26_V286.json,True,,,True,ViVU TV,UCyd7ZXu99D6orfKuaCQ9qcg,ĐẬU HỦ NON XỐT CAY  MÓN NGON MỖI NGÀY  VIVU TV,19/11/2021,,2021-11-19,,327,True,721,23,https://youtube.com/watch?v=WV-Fb7z9pHw,WV-Fb7z9pHw,False,False
L26_V287,media-info-aic25-b1\media-info\L26_V287.json,True,,,True,ViVU TV,UCyd7ZXu99D6orfKuaCQ9qcg,NGON LIÊU XIÊU VỚI HỦ TIẾU XÀO SÒ HUYẾT  MÓN NGON MỖI NGÀY  VIVU TV,14/11/2021,,2021-11-14,,318,True,723,23,https://youtube.com/watch?v=KilZphBUWt0,KilZphBUWt0,False,False
L26_V288,media-info-aic25-b1\media-info\L26_V288.json,True,,,True,ViVU TV,UCyd7ZXu99D6orfKuaCQ9qcg,MÁT LẠNH TỪNG GIÂY VỚI SMOOTHIE TRÀ SỮA DÂU  MÓN NGON MỖI NGÀY  VIVU TV,13/11/2021,,2021-11-13,,327,True,769,23,https://youtube.com/watch?v=a1nlbNBAGLU,a1nlbNBAGLU,False,False
L26_V289,media-info-aic25-b1\media-info\L26_V289.json,True,,,True,ViVU TV,UCyd7ZXu99D6orfKuaCQ9qcg,BÁNH MÌ NƯỚNG TỎI  MÓN NGON MỖI NGÀY  VIVU TV,12/11/2021,,2021-11-12,,304,True,721,23,https://youtube.com/watch?v=oXmG2V3aceE,oXmG2V3aceE,False,False
L26_V290,media-info-aic25-b1\media-info\L26_V290.json,True,,,True,ViVU TV,UCyd7ZXu99D6orfKuaCQ9qcg,CƠM CHIÊN DƯƠNG CHÂU  MÓN NGON MỖI NGÀY  VIVU TV,07/11/2021,,2021-11-07,,317,True,983,26,https://youtube.com/watch?v=qnR80Jcr570,qnR80Jcr570,False,False
L26_V291,media-info-aic25-b1\media-info\L26_V291.json,True,,,True,ViVU TV,UCyd7ZXu99D6orfKuaCQ9qcg,BÁNH RÁN NHÂN KHOAI LANG  MÓN NGON MỖI NGÀY  VIVU TV,06/11/2021,,2021-11-06,,298,True,727,26,https://youtube.com/watch?v=I_QgjLh9TJY,I_QgjLh9TJY,False,False
L26_V292,media-info-aic25-b1\media-info\L26_V292.json,True,,,True,ViVU TV,UCyd7ZXu99D6orfKuaCQ9qcg,CHẢ LỤA CHAY KHO THƠM  MÓN NGON MỖI NGÀY  VIVU TV,05/11/2021,,2021-11-05,,330,True,1086,26,https://youtube.com/watch?v=t7VyS5wBquE,t7VyS5wBquE,False,False
L26_V293,media-info-aic25-b1\media-info\L26_V293.json,True,,,True,ViVU TV,UCyd7ZXu99D6orfKuaCQ9qcg,SƯỜN NON KHO CỦ SEN  MÓN NGON MỖI NGÀY  VIVU TV,31/10/2021,,2021-10-31,,319,True,722,25,https://youtube.com/watch?v=wnIlJLsLKfc,wnIlJLsLKfc,False,False
L26_V294,media-info-aic25-b1\media-info\L26_V294.json,True,,,True,ViVU TV,UCyd7ZXu99D6orfKuaCQ9qcg,LẨU XÍ QUÁCH KIM CHI   MÓN NGON MỖI NGÀY  VIVU TV,31/10/2021,,2021-10-31,,320,True,723,27,https://youtube.com/watch?v=SetsFM5soWU,SetsFM5soWU,False,False
L26_V295,media-info-aic25-b1\media-info\L26_V295.json,True,,,True,ViVU TV,UCyd7ZXu99D6orfKuaCQ9qcg,CÁNH GÀ CHIÊN NƯỚC MẮM  MÓN NGON MỖI NGÀY  VIVU TV,30/10/2021,,2021-10-30,,322,True,1047,26,https://youtube.com/watch?v=86WbugXowW4,86WbugXowW4,False,False
L26_V296,media-info-aic25-b1\media-info\L26_V296.json,True,,,True,ViVU TV,UCyd7ZXu99D6orfKuaCQ9qcg,BÁNH NẾP NHÂN SÒ ĐIỆP  MÓN NGON MỖI NGÀY  VIVU TV,22/08/2021,,2021-08-22,,308,True,787,25,https://youtube.com/watch?v=6Qz8NYnrsZk,6Qz8NYnrsZk,False,False
L26_V297,media-info-aic25-b1\media-info\L26_V297.json,True,,,True,ViVU TV,UCyd7ZXu99D6orfKuaCQ9qcg,PANCAKE HẠNH NHÂN ĐẬU ĐỎ  MÓN NGON MỖI NGÀY  VIVU TV,21/08/2021,,2021-08-21,,309,True,793,25,https://youtube.com/watch?v=qGbYJmZX584,qGbYJmZX584,False,False
L26_V298,media-info-aic25-b1\media-info\L26_V298.json,True,,,True,ViVU TV,UCyd7ZXu99D6orfKuaCQ9qcg,SALAD TRÁI THƠM MAYO  MÓN NGON MỖI NGÀY  VIVU TV,20/08/2021,,2021-08-20,,308,True,785,25,https://youtube.com/watch?v=kBii1DFcpmU,kBii1DFcpmU,False,False
L26_V299,media-info-aic25-b1\media-info\L26_V299.json,True,,,True,ViVU TV,UCyd7ZXu99D6orfKuaCQ9qcg,GÀ HẤP LÁ É  MÓN NGON MỖI NGÀY  VIVU TV,14/08/2021,,2021-08-14,,307,True,768,25,https://youtube.com/watch?v=oXr_C6KOIys,oXr_C6KOIys,False,False
L26_V300,media-info-aic25-b1\media-info\L26_V300.json,True,,,True,ViVU TV,UCyd7ZXu99D6orfKuaCQ9qcg,CANH CHẢ TÔM CHÙM NGÂY  MÓN NGON MỖI NGÀY  VIVU TV,08/08/2021,,2021-08-08,,313,True,789,25,https://youtube.com/watch?v=Tb702amAZpI,Tb702amAZpI,False,False
L26_V301,media-info-aic25-b1\media-info\L26_V301.json,True,,,True,ViVU TV,UCyd7ZXu99D6orfKuaCQ9qcg,SALAD MỰC PHỔ TAI  MÓN NGON MỖI NGÀY  VIVU TV,07/08/2021,,2021-08-07,,306,True,780,23,https://youtube.com/watch?v=u0Du1HN2AjU,u0Du1HN2AjU,False,False
L26_V302,media-info-aic25-b1\media-info\L26_V302.json,True,,,True,ViVU TV,UCyd7ZXu99D6orfKuaCQ9qcg,BÁNH RÁN TRỨNG PHÔ MAI  MÓN NGON MỖI NGÀY  VIVU TV,06/08/2021,,2021-08-06,,310,True,789,23,https://youtube.com/watch?v=OIHBvGmHDQA,OIHBvGmHDQA,False,False
L26_V303,media-info-aic25-b1\media-info\L26_V303.json,True,,,True,ViVU TV,UCyd7ZXu99D6orfKuaCQ9qcg,RAU CỦ XÀO ĐẬU HỦ XỐT MÈ MÓN NGON MỖI NGÀY  VIVU TV,01/08/2021,,2021-08-01,,317,True,790,23,https://youtube.com/watch?v=TZKbVRJmMK8,TZKbVRJmMK8,False,False
L26_V304,media-info-aic25-b1\media-info\L26_V304.json,True,,,True,ViVU TV,UCyd7ZXu99D6orfKuaCQ9qcg,SALAD MÙA HÈ  MÓN NGON MỖI NGÀY  VIVU TV,31/07/2021,,2021-07-31,,312,True,771,23,https://youtube.com/watch?v=m1ySeswtnNE,m1ySeswtnNE,False,False
L26_V305,media-info-aic25-b1\media-info\L26_V305.json,True,,,True,ViVU TV,UCyd7ZXu99D6orfKuaCQ9qcg,LẨU BÒ VỊ THÁI  MÓN NGON MỖI NGÀY  VIVU TV,30/07/2021,,2021-07-30,,319,True,774,23,https://youtube.com/watch?v=M_WuJ7y00k8,M_WuJ7y00k8,False,False
L26_V306,media-info-aic25-b1\media-info\L26_V306.json,True,,,True,ViVU TV,UCyd7ZXu99D6orfKuaCQ9qcg,CÁ TRỨNG CHẤM TƯƠNG ME GIÒN THƠM BẮT VỊ  MÓN NGON MỖI NGÀY  VIVU TV,25/07/2021,,2021-07-25,,317,True,1167,23,https://youtube.com/watch?v=9iqhYp5DvfM,9iqhYp5DvfM,False,False
L26_V307,media-info-aic25-b1\media-info\L26_V307.json,True,,,True,ViVU TV,UCyd7ZXu99D6orfKuaCQ9qcg,MÌ CĂN KHO NẤM-CHÁO LÁ DỨA SÁNH BÙI THƠM NGÁT  MÓN NGON MỖI NGÀY  VIVU TV,24/07/2021,,2021-07-24,,324,True,1155,24,https://youtube.com/watch?v=X4KUErpcNRU,X4KUErpcNRU,False,False
L26_V308,media-info-aic25-b1\media-info\L26_V308.json,True,,,True,ViVU TV,UCyd7ZXu99D6orfKuaCQ9qcg,MƯỚP XÀO ĐẬU PHỘNG  MÓN NGON MỖI NGÀY  VIVU TV,23/07/2021,,2021-07-23,,320,True,1064,23,https://youtube.com/watch?v=0iz7ILLFzA8,0iz7ILLFzA8,False,False
L26_V309,media-info-aic25-b1\media-info\L26_V309.json,True,,,True,ViVU TV,UCyd7ZXu99D6orfKuaCQ9qcg,TẬN HƯỞNG VỊ NGỌT NGÀO VỚI TRÀ SỮA HẠT É SƯƠNG SÂM  MÓN NGON MỖI NGÀY  VIVU TV,18/07/2021,,2021-07-18,,312,True,817,23,https://youtube.com/watch?v=jHp4AFQbBq4,jHp4AFQbBq4,False,False
L26_V310,media-info-aic25-b1\media-info\L26_V310.json,True,,,True,ViVU TV,UCyd7ZXu99D6orfKuaCQ9qcg,NÓNG GIÒN CÙNG BÁNH MÌ KẸP CÁ CHIÊN XÙ  MÓN NGON MỖI NGÀY  VIVU TV,17/07/2021,,2021-07-17,,292,True,805,23,https://youtube.com/watch?v=QaPQzZtJ59o,QaPQzZtJ59o,False,False
L26_V311,media-info-aic25-b1\media-info\L26_V311.json,True,,,True,ViVU TV,UCyd7ZXu99D6orfKuaCQ9qcg,CÁ HỒI NƯỚNG TẮC MẬT ONG_THƠM LÙNG BỪNG GIAN BẾP  MÓN NGON MỖI NGÀY  VIVU TV,16/07/2021,,2021-07-16,,321,True,816,23,https://youtube.com/watch?v=is4fcdOY3DM,is4fcdOY3DM,False,False
L26_V312,media-info-aic25-b1\media-info\L26_V312.json,True,,,True,ViVU TV,UCyd7ZXu99D6orfKuaCQ9qcg,DỒI ỐC LÁ TRÚC_HƯƠNG VẤN VƯƠNG VỊ NHỚ THƯƠNG  MÓN NGON MỖI NGÀY  VIVU TV,11/07/2021,,2021-07-11,,321,True,804,23,https://youtube.com/watch?v=QqSE5QV_Fic,QqSE5QV_Fic,False,False
L26_V313,media-info-aic25-b1\media-info\L26_V313.json,True,,,True,ViVU TV,UCyd7ZXu99D6orfKuaCQ9qcg,NGỌT GIÒN NGON CHẤT NGẤT VỚI MĂNG TÂY XÀO TÔM MỰC  MÓN NGON MỖI NGÀY  VIVU TV,10/07/2021,,2021-07-10,,324,True,814,26,https://youtube.com/watch?v=39kUZkr0u_w,39kUZkr0u_w,False,False
L26_V314,media-info-aic25-b1\media-info\L26_V314.json,True,,,True,ViVU TV,UCyd7ZXu99D6orfKuaCQ9qcg,LƯƠN KHO CÀ TÍM  MÓN NGON MỖI NGÀY  VIVU TV,09/07/2021,,2021-07-09,,321,True,776,23,https://youtube.com/watch?v=oxizVVMWNHI,oxizVVMWNHI,False,False
L26_V315,media-info-aic25-b1\media-info\L26_V315.json,True,,,True,ViVU TV,UCyd7ZXu99D6orfKuaCQ9qcg,CANH GÀ LÁ ME_CHUA THANH BẮT VỊ  MÓN NGON MỖI NGÀY  VIVU TV,04/07/2021,,2021-07-04,,307,True,790,25,https://youtube.com/watch?v=8l9CDeR_q00,8l9CDeR_q00,False,False
L26_V316,media-info-aic25-b1\media-info\L26_V316.json,True,,,True,ViVU TV,UCyd7ZXu99D6orfKuaCQ9qcg,SALAD BẮP TÔM_ÔM TRỌN VỊ NGON  MÓN NGON MỖI NGÀY  VIVU TV,03/07/2021,,2021-07-03,,325,True,789,24,https://youtube.com/watch?v=nZ8rV5OFfK4,nZ8rV5OFfK4,False,False
L26_V317,media-info-aic25-b1\media-info\L26_V317.json,True,,,True,ViVU TV,UCyd7ZXu99D6orfKuaCQ9qcg,CHÂN GÀ TIỀM ĐẬU ĐEN  MÓN NGON MỖI NGÀY  VIVU TV,02/07/2021,,2021-07-02,,316,True,785,25,https://youtube.com/watch?v=3VMF58Qnt9c,3VMF58Qnt9c,False,False
L26_V318,media-info-aic25-b1\media-info\L26_V318.json,True,,,True,ViVU TV,UCyd7ZXu99D6orfKuaCQ9qcg,SANDWICH NƯỚNG TRỨNG XỐT MAYONNAISE NÓNG GIÒN BỔ DƯỠNG  MÓN NGON MỖI NGÀY  VIVU TV,27/06/2021,,2021-06-27,,309,True,1051,25,https://youtube.com/watch?v=9FaiixMYXfk,9FaiixMYXfk,False,False
L26_V319,media-info-aic25-b1\media-info\L26_V319.json,True,,,True,ViVU TV,UCyd7ZXu99D6orfKuaCQ9qcg,GIÒN THƠM VỚI HOÀNH THÁNH BẮP CHIÊN  MÓN NGON MỖI NGÀY  VIVU TV,26/06/2021,,2021-06-26,,309,True,1082,26,https://youtube.com/watch?v=1h4SqhwjviQ,1h4SqhwjviQ,False,False
L26_V320,media-info-aic25-b1\media-info\L26_V320.json,True,,,True,ViVU TV,UCyd7ZXu99D6orfKuaCQ9qcg,KHUẤY ĐỘNG MÙA HÈ VƠI MÓN BÚN QUẬY  MÓN NGON MỖI NGÀY  VIVU TV,25/06/2021,,2021-06-25,,306,True,1134,24,https://youtube.com/watch?v=01tBbqcb5X8,01tBbqcb5X8,False,False
L26_V321,media-info-aic25-b1\media-info\L26_V321.json,True,,,True,ViVU TV,UCyd7ZXu99D6orfKuaCQ9qcg,THƠM NGON LẠ MIỆNG VỚI TÔM THỊT BỌC TRỨNG CÚT MÓN NGON MỖI NGÀY  VIVU TV,20/06/2021,,2021-06-20,,308,True,1130,24,https://youtube.com/watch?v=Gtub1upPTtA,Gtub1upPTtA,False,False
L26_V322,media-info-aic25-b1\media-info\L26_V322.json,True,,,True,ViVU TV,UCyd7ZXu99D6orfKuaCQ9qcg,SÚP THANH CUA HẠT CHIA  MÓN NGON MỖI NGÀY  VIVU TV,19/06/2021,,2021-06-19,,307,True,1038,25,https://youtube.com/watch?v=K44CN_GfSXw,K44CN_GfSXw,False,False
L26_V323,media-info-aic25-b1\media-info\L26_V323.json,True,,,True,ViVU TV,UCyd7ZXu99D6orfKuaCQ9qcg,BÁNH TRỨNG PHÔ MAI RAU CỦ BÉO NGẬY GIÒN THƠM  MÓN NGON MỖI NGÀY  VIVU TV,18/06/2021,,2021-06-18,,305,True,1076,26,https://youtube.com/watch?v=du25VI_HFn4,du25VI_HFn4,False,False
L26_V324,media-info-aic25-b1\media-info\L26_V324.json,True,,,True,ViVU TV,UCyd7ZXu99D6orfKuaCQ9qcg,HOÀNH THÁNH HOA HỒNG  MÓN NGON MỖI NGÀY  VIVU TV,13/06/2021,,2021-06-13,,308,True,1089,22,https://youtube.com/watch?v=uZ3JaEGqKBY,uZ3JaEGqKBY,False,False
L26_V325,media-info-aic25-b1\media-info\L26_V325.json,True,,,True,ViVU TV,UCyd7ZXu99D6orfKuaCQ9qcg,NGON NGẤT NGÂY VỚI CHẢ KHOANH HÀNH TÂY  MÓN NGON MỖI NGÀY  VIVU TV,12/06/2021,,2021-06-12,,308,True,803,24,https://youtube.com/watch?v=xCq4z5Uv7wA,xCq4z5Uv7wA,False,False
L26_V326,media-info-aic25-b1\media-info\L26_V326.json,True,,,True,ViVU TV,UCyd7ZXu99D6orfKuaCQ9qcg,VỊT OM NƯỚC TƯƠNG HƯƠNG ĐẬM ĐÀ VỊ VẤN VƯƠNG  MÓN NGON MỖI NGÀY  VIVU TV,11/06/2021,,2021-06-11,,304,True,806,24,https://youtube.com/watch?v=KZZvZy5EEDA,KZZvZy5EEDA,False,False
L26_V327,media-info-aic25-b1\media-info\L26_V327.json,True,,,True,ViVU TV,UCyd7ZXu99D6orfKuaCQ9qcg,CANH ĐẦU CÁ BỚP_TƯƠI NGON CỰC ĐÃ  MÓN NGON MỖI NGÀY  VIVU TV,06/06/2021,,2021-06-06,,308,True,1124,25,https://youtube.com/watch?v=iXZcbSMlosc,iXZcbSMlosc,False,False
L26_V328,media-info-aic25-b1\media-info\L26_V328.json,True,,,True,ViVU TV,UCyd7ZXu99D6orfKuaCQ9qcg,SALAD CẦU VỒNG NGÀY HÈ_MÁT BỪNG SỨC SỐNG  MÓN NGON MỖI NGÀY  VIVU TV,05/06/2021,,2021-06-05,,309,True,1128,24,https://youtube.com/watch?v=MgTrEPhIRVE,MgTrEPhIRVE,False,False
L26_V329,media-info-aic25-b1\media-info\L26_V329.json,True,,,True,ViVU TV,UCyd7ZXu99D6orfKuaCQ9qcg,NUI XÀO CHAY THẬP CẨM_ĐỔI VỊ CƠM NHÀ  MÓN NGON MỖI NGÀY  VIVU TV,04/06/2021,,2021-06-04,,310,True,1174,25,https://youtube.com/watch?v=LVvoaJbCqZc,LVvoaJbCqZc,False,False
L26_V330,media-info-aic25-b1\media-info\L26_V330.json,True,,,True,ViVU TV,UCyd7ZXu99D6orfKuaCQ9qcg,ĐẬU COVE XÀO TIM HEO  MÓN NGON MỖI NGÀY  VIVU TV,30/05/2021,,2021-05-30,,308,True,785,23,https://youtube.com/watch?v=ceMXzk6NH8M,ceMXzk6NH8M,False,False
L26_V331,media-info-aic25-b1\media-info\L26_V331.json,True,,,True,ViVU TV,UCyd7ZXu99D6orfKuaCQ9qcg,PANCAKE SUSHI _BÉO THƠM DIỆU KỲ  MÓN NGON MỖI NGÀY  VIVU TV,29/05/2021,,2021-05-29,,304,True,792,23,https://youtube.com/watch?v=lrajXCyMRQM,lrajXCyMRQM,False,False
L26_V332,media-info-aic25-b1\media-info\L26_V332.json,True,,,True,ViVU TV,UCyd7ZXu99D6orfKuaCQ9qcg,CANH GÀ NẤM MỠ  MÓN NGON MỖI NGÀY  VIVU TV,28/05/2021,,2021-05-28,,308,True,774,23,https://youtube.com/watch?v=b0--BNERxzI,b0--BNERxzI,False,False
L26_V333,media-info-aic25-b1\media-info\L26_V333.json,True,,,True,ViVU TV,UCyd7ZXu99D6orfKuaCQ9qcg,CƠM CHIÊN THẬP CẨM_ ĐẬM VỊ THƠM HƯƠNG MÓN NGON MỖI NGÀY  VIVU TV,23/05/2021,,2021-05-23,,310,True,1190,23,https://youtube.com/watch?v=RPr7d6g5mWs,RPr7d6g5mWs,False,False
L26_V334,media-info-aic25-b1\media-info\L26_V334.json,True,,,True,ViVU TV,UCyd7ZXu99D6orfKuaCQ9qcg,GỎI CÓC TAI HEO_GIÒN RỤM CHUA CHUA  MÓN NGON MỖI NGÀY  VIVU TV,22/05/2021,,2021-05-22,,309,True,1172,24,https://youtube.com/watch?v=G9qhPRHmgaM,G9qhPRHmgaM,False,False
L26_V335,media-info-aic25-b1\media-info\L26_V335.json,True,,,True,ViVU TV,UCyd7ZXu99D6orfKuaCQ9qcg,CỒI SÒ ĐIỆP XÀO HOA THIÊN LÝ NGỌT THANH ĐÚNG Ý  MÓN NGON MỖI NGÀY  VIVU TV,21/05/2021,,2021-05-21,,309,True,1100,23,https://youtube.com/watch?v=LhExit6DREc,LhExit6DREc,False,False
L26_V336,media-info-aic25-b1\media-info\L26_V336.json,True,,,True,ViVU TV,UCyd7ZXu99D6orfKuaCQ9qcg,LƯỠI HEO TRỘN KIỆU CHUA_XUA TAN HÈ NẮNG ĐẬM ĐÀ ĐƯA CƠM  MÓN NGON MỖI NGÀY  VIVU TV,16/05/2021,,2021-05-16,,306,True,1174,24,https://youtube.com/watch?v=M2MIKGPPZx0,M2MIKGPPZx0,False,False
L26_V337,media-info-aic25-b1\media-info\L26_V337.json,True,,,True,ViVU TV,UCyd7ZXu99D6orfKuaCQ9qcg,PANCAKE TÔM PHÔ MAI BÉO THƠM NGẬP TRÀN  MÓN NGON MỖI NGÀY  VIVU TV,15/05/2021,,2021-05-15,,306,True,1102,24,https://youtube.com/watch?v=ADg1ELSWpJ8,ADg1ELSWpJ8,False,False
L26_V338,media-info-aic25-b1\media-info\L26_V338.json,True,,,True,ViVU TV,UCyd7ZXu99D6orfKuaCQ9qcg,MẸT HẢI SẢN CHẤM MUỐI NGÒ GAI  MÓN NGON MỖI NGÀY  VIVU TV,14/05/2021,,2021-05-14,,307,True,1121,24,https://youtube.com/watch?v=dTzFSs_9eXE,dTzFSs_9eXE,False,False
L26_V339,media-info-aic25-b1\media-info\L26_V339.json,True,,,True,ViVU TV,UCyd7ZXu99D6orfKuaCQ9qcg,CHẢ GIÒ NẤM CÁ CHẼM_GIÒN TAN NGỌT VỊ MÓN NGON MỖI NGÀY  VIVU TV,09/05/2021,,2021-05-09,,308,True,1117,23,https://youtube.com/watch?v=iw1mFa3Pj3w,iw1mFa3Pj3w,False,False
L26_V340,media-info-aic25-b1\media-info\L26_V340.json,True,,,True,ViVU TV,UCyd7ZXu99D6orfKuaCQ9qcg,BÚN GÂN BÒ_ĂN LÀ GHIỀN  MÓN NGON MỖI NGÀY  VIVU TV,08/05/2021,,2021-05-08,,309,True,1081,23,https://youtube.com/watch?v=sCNuUgVAxBk,sCNuUgVAxBk,False,False
L26_V341,media-info-aic25-b1\media-info\L26_V341.json,True,,,True,ViVU TV,UCyd7ZXu99D6orfKuaCQ9qcg,RAU CỦ XÀO XỐT CHAY_NGON NGỌT NGẤT NGÂY  MÓN NGON MỖI NGÀY  VIVU TV,07/05/2021,,2021-05-07,,309,True,788,23,https://youtube.com/watch?v=RhttIsvlPxg,RhttIsvlPxg,False,False
L26_V342,media-info-aic25-b1\media-info\L26_V342.json,True,,,True,ViVU TV,UCyd7ZXu99D6orfKuaCQ9qcg,CHÁO HẠT SEN NẤU BÒ VIÊN_VỊ NGON VẸN TOÀN  MÓN NGON MỖI NGÀY  VIVU TV,02/05/2021,,2021-05-02,,309,True,1191,23,https://youtube.com/watch?v=pIaBfX3quwg,pIaBfX3quwg,False,False
L26_V343,media-info-aic25-b1\media-info\L26_V343.json,True,,,True,ViVU TV,UCyd7ZXu99D6orfKuaCQ9qcg,ĐẬM ĐÀ MÊ ĐẮM VỚI DÊ XÀO TÍA TÔ CÀ BÁT   MÓN NGON MỖI NGÀY  VIVU TV,01/05/2021,,2021-05-01,,310,True,1088,23,https://youtube.com/watch?v=zAxsgwe0-vw,zAxsgwe0-vw,False,False
L26_V344,media-info-aic25-b1\media-info\L26_V344.json,True,,,True,ViVU TV,UCyd7ZXu99D6orfKuaCQ9qcg,HEO NƯỚNG HÀN QUỐC_VỊ ĐẬM ĐÀ ĂN THẬT ĐÃ   MÓN NGON MỖI NGÀY  VIVU TV,30/04/2021,,2021-04-30,,302,True,1119,23,https://youtube.com/watch?v=KsPFZ-loo9c,KsPFZ-loo9c,False,False
L26_V345,media-info-aic25-b1\media-info\L26_V345.json,True,,,True,ViVU TV,UCyd7ZXu99D6orfKuaCQ9qcg,THỊT BÒ NƯỚNG MÈ KIỂU HÀN QUỐC_THƠM SAY LÒNG NGƯỜI   MÓN NGON MỖI NGÀY  VIVU TV,25/04/2021,,2021-04-25,,309,True,808,23,https://youtube.com/watch?v=KgLmHS5xle8,KgLmHS5xle8,False,False
L26_V346,media-info-aic25-b1\media-info\L26_V346.json,True,,,True,ViVU TV,UCyd7ZXu99D6orfKuaCQ9qcg,GỎI RAU MẦM TÔM MỰC_THANH MÁT MÙA NẮNG   MÓN NGON MỖI NGÀY  VIVU TV,24/04/2021,,2021-04-24,,309,True,787,23,https://youtube.com/watch?v=dYl-JxVwBl4,dYl-JxVwBl4,False,False
L26_V347,media-info-aic25-b1\media-info\L26_V347.json,True,,,True,ViVU TV,UCyd7ZXu99D6orfKuaCQ9qcg,CUỐN CHẢ CHAY_MÓN NGON CHO NGÀY RẰM  MÓN NGON MỖI NGÀY  VIVU TV,23/04/2021,,2021-04-23,,308,True,779,26,https://youtube.com/watch?v=u8_CAO50zY8,u8_CAO50zY8,False,False
L26_V348,media-info-aic25-b1\media-info\L26_V348.json,True,,,True,ViVU TV,UCyd7ZXu99D6orfKuaCQ9qcg,CHẢ CỐM TẠO HÌNH ÔM TRỌN VỊ NGON  MÓN NGON MỖI NGÀY  VIVU TV,18/04/2021,,2021-04-18,,307,True,1122,25,https://youtube.com/watch?v=gxJmsqkvLxg,gxJmsqkvLxg,False,False
L26_V349,media-info-aic25-b1\media-info\L26_V349.json,True,,,True,ViVU TV,UCyd7ZXu99D6orfKuaCQ9qcg,GÀ CHIÊN XÁ XỊ_GIÒN TAN MANG VI MỚI  MÓN NGON MỖI NGÀY  VIVU TV,17/04/2021,,2021-04-17,,308,True,1086,25,https://youtube.com/watch?v=GfOk246OWWk,GfOk246OWWk,False,False
L26_V350,media-info-aic25-b1\media-info\L26_V350.json,True,,,True,ViVU TV,UCyd7ZXu99D6orfKuaCQ9qcg,THƠM NGON ĐẬM ĐÀ VỚI SALAD BÍ ĐỎ  MÓN NGON MỖI NGÀY  VIVU TV,16/04/2021,,2021-04-16,,308,True,1101,25,https://youtube.com/watch?v=4dzk7smjIdI,4dzk7smjIdI,False,False
L26_V351,media-info-aic25-b1\media-info\L26_V351.json,True,,,True,ViVU TV,UCyd7ZXu99D6orfKuaCQ9qcg,BÁNH NẾP NHÂN SÒ ĐIỆP GÓI TRỌN TINH HOA   MÓN NGON MỖI NGÀY  VIVU TV,10/04/2021,,2021-04-10,,308,True,1184,23,https://youtube.com/watch?v=ZhnjSk6_P1g,ZhnjSk6_P1g,False,False
L26_V352,media-info-aic25-b1\media-info\L26_V352.json,True,,,True,ViVU TV,UCyd7ZXu99D6orfKuaCQ9qcg,BA RỌI TẨM TRỨNG CHIÊN GIÒN   MÓN NGON MỖI NGÀY  VIVU TV,09/04/2021,,2021-04-09,,309,True,783,25,https://youtube.com/watch?v=_Fy-melIgu0,_Fy-melIgu0,False,False
L26_V353,media-info-aic25-b1\media-info\L26_V353.json,True,,,True,ViVU TV,UCyd7ZXu99D6orfKuaCQ9qcg,GÀ RIM NGŨ VỊ ĐẬM ĐÀ HẾT Ý   MÓN NGON MỖI NGÀY  VIVU TV,08/04/2021,,2021-04-08,,307,True,770,25,https://youtube.com/watch?v=-Qe_Kgdos6Y,-Qe_Kgdos6Y,False,False
L26_V354,media-info-aic25-b1\media-info\L26_V354.json,True,,,True,ViVU TV,UCyd7ZXu99D6orfKuaCQ9qcg,CÁNH GÀ CHIÊN TỎI LÁ CHANH   MÓN NGON MỖI NGÀY  VIVU TV,04/04/2021,,2021-04-04,,308,True,781,27,https://youtube.com/watch?v=PerSNt8tlH8,PerSNt8tlH8,False,False
L26_V355,media-info-aic25-b1\media-info\L26_V355.json,True,,,True,ViVU TV,UCyd7ZXu99D6orfKuaCQ9qcg,TRÀ SỮA GẠO RANG THẠCH MATCHA   MÓN NGON MỖI NGÀY  VIVU TV,03/04/2021,,2021-04-03,,307,True,776,28,https://youtube.com/watch?v=0s_-9PSrFGw,0s_-9PSrFGw,False,False
L26_V356,media-info-aic25-b1\media-info\L26_V356.json,True,,,True,ViVU TV,UCyd7ZXu99D6orfKuaCQ9qcg,HẢI SÂM XÀO XỐT CAY_NGON NGẤT NGÂY  MÓN NGON MỖI NGÀY  VIVU TV,02/04/2021,,2021-04-02,,309,True,783,26,https://youtube.com/watch?v=6MJmCNSUFVc,6MJmCNSUFVc,False,False
L26_V357,media-info-aic25-b1\media-info\L26_V357.json,True,,,True,ViVU TV,UCyd7ZXu99D6orfKuaCQ9qcg,BẮP BÒ OM GỪNG SẢ_THƠM LỪNG BỪNG VỊ GIÁC  MÓN NGON MỖI NGÀY  VIVU TV,28/03/2021,,2021-03-28,,301,True,786,26,https://youtube.com/watch?v=WEWNlizdEjk,WEWNlizdEjk,False,False
L26_V358,media-info-aic25-b1\media-info\L26_V358.json,True,,,True,ViVU TV,UCyd7ZXu99D6orfKuaCQ9qcg,MỰC NHỒI TÔM SỐT TIÊU XANH_HƯƠNG THƠM NỒNG VI ẤM LÒNG  MÓN NGON MỖI NGÀY  VIVU TV,27/03/2021,,2021-03-27,,308,True,807,27,https://youtube.com/watch?v=fz7ye15FOCI,fz7ye15FOCI,False,False
L26_V359,media-info-aic25-b1\media-info\L26_V359.json,True,,,True,ViVU TV,UCyd7ZXu99D6orfKuaCQ9qcg,ỐC XÀO TIÊU XANH_GIÒN CAY MÊ SAY  MÓN NGON MỖI NGÀY  VIVU TV,25/03/2021,,2021-03-25,,310,True,778,26,https://youtube.com/watch?v=MhoPgAMwdY0,MhoPgAMwdY0,False,False
L26_V360,media-info-aic25-b1\media-info\L26_V360.json,True,,,True,ViVU TV,UCyd7ZXu99D6orfKuaCQ9qcg,CÁ CHIM NƯỚNG ỚT XIÊM_VỊ ĐẬM ĐÀ TỎA HƯƠNG XA  MÓN NGON MỖI NGÀY  VIVU TV,21/03/2021,,2021-03-21,,302,True,794,26,https://youtube.com/watch?v=o1Z_3v6gXUc,o1Z_3v6gXUc,False,False
L26_V361,media-info-aic25-b1\media-info\L26_V361.json,True,,,True,ViVU TV,UCyd7ZXu99D6orfKuaCQ9qcg,CHÂN GIÒ OM SẤU_NẤU LÀ NGON ĂN LÀ MÊ  MÓN NGON MỖI NGÀY  VIVU TV,20/03/2021,,2021-03-20,,305,True,781,26,https://youtube.com/watch?v=3_NcXQi_KpY,3_NcXQi_KpY,False,False
L26_V362,media-info-aic25-b1\media-info\L26_V362.json,True,,,True,ViVU TV,UCyd7ZXu99D6orfKuaCQ9qcg,PHÁ CÁCH VỚI TÔM CHIÊN DỪA SỐT BẠC HÀ  MÓN NGON MỖI NGÀY  VIVU TV,19/03/2021,,2021-03-19,,301,True,786,25,https://youtube.com/watch?v=S8pIBY6aaTI,S8pIBY6aaTI,False,False
L26_V363,media-info-aic25-b1\media-info\L26_V363.json,True,,,True,ViVU TV,UCyd7ZXu99D6orfKuaCQ9qcg,NGỌT NGÀO MÊ LY VỚI TRÀ SỮA ROYAL COOKIES  MÓN NGON MỖI NGÀY  VIVU TV,17/03/2021,,2021-03-17,,300,True,792,24,https://youtube.com/watch?v=uQW4QL-gUDs,uQW4QL-gUDs,False,False
L26_V364,media-info-aic25-b1\media-info\L26_V364.json,True,,,True,ViVU TV,UCyd7ZXu99D6orfKuaCQ9qcg,CANH CÁ HANH VỊ THÁI-CHUA NGỌT NGON CƠM  MÓN NGON MỖI NGÀY  VIVU TV,13/03/2021,,2021-03-13,,303,True,788,26,https://youtube.com/watch?v=9W17MUtEjxI,9W17MUtEjxI,False,False
L26_V365,media-info-aic25-b1\media-info\L26_V365.json,True,,,True,ViVU TV,UCyd7ZXu99D6orfKuaCQ9qcg,RONG BIỂN CUỘN NẤM KIM CHÂM  MÓN NGON MỖI NGÀY  VIVU TV,11/03/2021,,2021-03-11,,306,True,782,26,https://youtube.com/watch?v=K7SMAZ-_34U,K7SMAZ-_34U,False,False
L26_V366,media-info-aic25-b1\media-info\L26_V366.json,True,,,True,ViVU TV,UCyd7ZXu99D6orfKuaCQ9qcg,MÁT GIÒN TRỌN VỊ VỚI SALAD GÀ NƯỚNG  MÓN NGON MỖI NGÀY  VIVU TV,09/03/2021,,2021-03-09,,310,True,780,24,https://youtube.com/watch?v=Ok9Su_FX9-A,Ok9Su_FX9-A,False,False
L26_V367,media-info-aic25-b1\media-info\L26_V367.json,True,,,True,ViVU TV,UCyd7ZXu99D6orfKuaCQ9qcg,SƯỜN NON XÀO CHANH SẢ _LẠ MÀ NGON ĂN LÀ THÍCH  MÓN NGON MỖI NGÀY  VIVU TV,05/03/2021,,2021-03-05,,308,True,794,26,https://youtube.com/watch?v=KlSNBEmErDI,KlSNBEmErDI,False,False
L26_V368,media-info-aic25-b1\media-info\L26_V368.json,True,,,True,ViVU TV,UCyd7ZXu99D6orfKuaCQ9qcg,TAN CHẢY VỚI TRỨNG LÒNG ĐÀO BỌC THỊT  MÓN NGON MỖI NGÀY  VIVU TV,04/03/2021,,2021-03-04,,308,True,788,26,https://youtube.com/watch?v=FiQMXqqtpZ4,FiQMXqqtpZ4,False,False
L26_V369,media-info-aic25-b1\media-info\L26_V369.json,True,,,True,ViVU TV,UCyd7ZXu99D6orfKuaCQ9qcg,NGỌT THANH VỚI CANH CỦ SEN RONG BIỂN  MÓN NGON MỖI NGÀY  VIVU TV,27/02/2021,,2021-02-27,,307,True,786,27,https://youtube.com/watch?v=SjFRnDF0Ng8,SjFRnDF0Ng8,False,False
L26_V370,media-info-aic25-b1\media-info\L26_V370.json,True,,,True,ViVU TV,UCyd7ZXu99D6orfKuaCQ9qcg,NGON NGỌT VỚI BÁN TÔM HẸ CHIÊN GIÒN  MÓN NGON MỖI NGÀY  VIVU TV,26/02/2021,,2021-02-26,,311,True,786,27,https://youtube.com/watch?v=MXVLC8chopQ,MXVLC8chopQ,False,False
L26_V371,media-info-aic25-b1\media-info\L26_V371.json,True,,,True,ViVU TV,UCyd7ZXu99D6orfKuaCQ9qcg,CÁ CHẼM CHIÊN HẠNH NHÂN NHÌN LÀ MÊ ĂN LÀ GHIỀN  MÓN NGON MỖI NGÀY  VIVU TV,25/02/2021,,2021-02-25,,307,True,798,26,https://youtube.com/watch?v=7wi_q8VZ2fk,7wi_q8VZ2fk,False,False
L26_V372,media-info-aic25-b1\media-info\L26_V372.json,True,,,True,ViVU TV,UCyd7ZXu99D6orfKuaCQ9qcg,GÀ XÀO NẤM_NGON ĐẮM SAY ĂN MÊ NGAY  MÓN NGON MỖI NGÀY  VIVU TV,20/02/2021,,2021-02-20,,310,True,787,24,https://youtube.com/watch?v=BDvCRPQ_dzM,BDvCRPQ_dzM,False,False
L26_V373,media-info-aic25-b1\media-info\L26_V373.json,True,,,True,ViVU TV,UCyd7ZXu99D6orfKuaCQ9qcg,BÁNH RÁN THỊT NGUỘI PATE CHO BUỔI SÁNG THÊM NGON  MÓN NGON MỖI NGÀY  VIVU TV,19/02/2021,,2021-02-19,,310,True,801,24,https://youtube.com/watch?v=7UO0_nQoJyk,7UO0_nQoJyk,False,False
L26_V374,media-info-aic25-b1\media-info\L26_V374.json,True,,,True,ViVU TV,UCyd7ZXu99D6orfKuaCQ9qcg,CHUỐI ĐẬU KHO TƯƠNG SẢ_MÓN LẠ DỄ MÊ  MÓN NGON MỖI NGÀY  VIVU TV,18/02/2021,,2021-02-18,,308,True,786,24,https://youtube.com/watch?v=8NT0zL6ksRw,8NT0zL6ksRw,False,False
L26_V375,media-info-aic25-b1\media-info\L26_V375.json,True,,,True,ViVU TV,UCyd7ZXu99D6orfKuaCQ9qcg,SALAD CAM CÁ HỒI_THĂNG HOA VỊ GIÁC THÊM VỊ NGÀY YÊU  MÓN NGON MỖI NGÀY  VIVU TV,13/02/2021,,2021-02-13,,307,True,797,24,https://youtube.com/watch?v=ECHWReXoGHo,ECHWReXoGHo,False,False
L26_V376,media-info-aic25-b1\media-info\L26_V376.json,True,,,True,ViVU TV,UCyd7ZXu99D6orfKuaCQ9qcg,CÁ CHIÊN XÓC TỎI ĂN MIẾNG NÀO MÊ MIẾNG ĐÓ  MÓN NGON MỖI NGÀY  VIVU TV,12/02/2021,,2021-02-12,,306,True,787,24,https://youtube.com/watch?v=AhD-uVUru3o,AhD-uVUru3o,False,False
L26_V377,media-info-aic25-b1\media-info\L26_V377.json,True,,,True,ViVU TV,UCyd7ZXu99D6orfKuaCQ9qcg,PANCAKE BÒ BẦM_MỀM THƠM CHO NGÀY MỚI  MÓN NGON MỖI NGÀY  VIVU TV,11/02/2021,,2021-02-11,,307,True,781,24,https://youtube.com/watch?v=q4U5qs-4H2w,q4U5qs-4H2w,False,False
L26_V378,media-info-aic25-b1\media-info\L26_V378.json,True,,,True,ViVU TV,UCyd7ZXu99D6orfKuaCQ9qcg,PHỞ CUỐN CHẢ CHIÊN TUÔN TRÀO VỊ NGON  MÓN NGON MỖI NGÀY  VIVU TV,06/02/2021,,2021-02-06,,309,True,784,24,https://youtube.com/watch?v=gALqd9q9u44,gALqd9q9u44,False,False
L26_V379,media-info-aic25-b1\media-info\L26_V379.json,True,,,True,ViVU TV,UCyd7ZXu99D6orfKuaCQ9qcg,BÍ ĐỎ HẤP HẠT SEN VẸN TRÒN VỊ KHAI XUÂN  MÓN NGON MỖI NGÀY  VIVU TV,05/02/2021,,2021-02-05,,306,True,785,24,https://youtube.com/watch?v=AsFe9JwHbg0,AsFe9JwHbg0,False,False
L26_V380,media-info-aic25-b1\media-info\L26_V380.json,True,,,True,ViVU TV,UCyd7ZXu99D6orfKuaCQ9qcg,THANH NGỌT VỚI CANH SƯỜN MÍT NON TRÁI VẢ  MÓN NGON MỖI NGÀY  VIVU TV,04/02/2021,,2021-02-04,,306,True,793,24,https://youtube.com/watch?v=bJlabwGIwOA,bJlabwGIwOA,False,False
L26_V381,media-info-aic25-b1\media-info\L26_V381.json,True,,,True,ViVU TV,UCyd7ZXu99D6orfKuaCQ9qcg,SALAD TRÁI THƠM MAYO_CHUA NGỌT HÀI HÒA  MÓN NGON MỖI NGÀY  VIVU TV,30/01/2021,,2021-01-30,,308,True,788,26,https://youtube.com/watch?v=oCwrcgq5tcA,oCwrcgq5tcA,False,False
L26_V382,media-info-aic25-b1\media-info\L26_V382.json,True,,,True,ViVU TV,UCyd7ZXu99D6orfKuaCQ9qcg,TAI HEO NGÂM CHUA NGỌT GIÒN NGON KHÓ CƯỠNG  MÓN NGON MỖI NGÀY  VIVU TV,30/01/2021,,2021-01-30,,308,True,793,26,https://youtube.com/watch?v=xczNsEztibQ,xczNsEztibQ,False,False
L26_V383,media-info-aic25-b1\media-info\L26_V383.json,True,,,True,ViVU TV,UCyd7ZXu99D6orfKuaCQ9qcg,CƠM TÍM GÀ KHÌA DẺO BÙI NGẤT NGÂY  MÓN NGON MỖI NGÀY  VIVU TV,30/01/2021,,2021-01-30,,307,True,778,28,https://youtube.com/watch?v=hoMgagpL4ks,hoMgagpL4ks,False,False
L26_V384,media-info-aic25-b1\media-info\L26_V384.json,True,,,True,ViVU TV,UCyd7ZXu99D6orfKuaCQ9qcg,CÁ ĐIÊU HỒNG NGŨ VỊ NƯỚNG XỐT THƠM VỊ NGON KHÓ CƯỠNG  MÓN NGON MỖI NGÀY  VIVU TV,26/01/2021,,2021-01-26,,310,True,800,24,https://youtube.com/watch?v=7cxawrrvyAY,7cxawrrvyAY,False,False
L26_V385,media-info-aic25-b1\media-info\L26_V385.json,True,,,True,ViVU TV,UCyd7ZXu99D6orfKuaCQ9qcg,GỎI CUỐN CHAY CHẤM XỐT ĐẬU PHỘNG MÁT GIÒN THƠM NGẬY  MÓN NGON MỖI NGÀY  VIVU TV,23/01/2021,,2021-01-23,,309,True,808,24,https://youtube.com/watch?v=dFw80s91RD4,dFw80s91RD4,False,False
L26_V386,media-info-aic25-b1\media-info\L26_V386.json,True,,,True,ViVU TV,UCyd7ZXu99D6orfKuaCQ9qcg,CÀ TÍM KHO NẤM THỊT BĂM ĐẬM ĐÀ ĐƯA CƠM  MÓN NGON MỖI NGÀY  VIVU TV,22/01/2021,,2021-01-22,,308,True,789,24,https://youtube.com/watch?v=wl9H_FKHEVc,wl9H_FKHEVc,False,False
L26_V387,media-info-aic25-b1\media-info\L26_V387.json,True,,,True,ViVU TV,UCyd7ZXu99D6orfKuaCQ9qcg,DƯA CHUỘT NGÂM DẤM THƠM NGON MỘC MẠC  MÓN NGON MỖI NGÀY  VIVU TV,21/01/2021,,2021-01-21,,301,True,784,24,https://youtube.com/watch?v=xWPu8302D_s,xWPu8302D_s,False,False
L26_V388,media-info-aic25-b1\media-info\L26_V388.json,True,,,True,ViVU TV,UCyd7ZXu99D6orfKuaCQ9qcg,VƯƠNG GIẢ KHAI XUÂN VỚI BURGER CUA LỘT  MÓN NGON MỖI NGÀY  VIVU TV,16/01/2021,,2021-01-16,,308,True,783,27,https://youtube.com/watch?v=mOMKSyZdfQA,mOMKSyZdfQA,False,False
L26_V389,media-info-aic25-b1\media-info\L26_V389.json,True,,,True,ViVU TV,UCyd7ZXu99D6orfKuaCQ9qcg,NGON LẠ MIỆNG ĐẬM VỊ QUÊ NHÀ VỚI BÚN GÀ XÁO SẢ  MÓN NGON MỖI NGÀY  VIVU TV,15/01/2021,,2021-01-15,,306,True,778,26,https://youtube.com/watch?v=hdMg3UjzpkU,hdMg3UjzpkU,False,False
L26_V390,media-info-aic25-b1\media-info\L26_V390.json,True,,,True,ViVU TV,UCyd7ZXu99D6orfKuaCQ9qcg,NUI NẤU BÒ CAY_ĂN MÊ NGẤT NGÂY  MÓN NGON MỖI NGÀY  VIVU TV,09/01/2021,,2021-01-09,,304,True,774,21,https://youtube.com/watch?v=KzuYM7HMtnw,KzuYM7HMtnw,False,False
L26_V391,media-info-aic25-b1\media-info\L26_V391.json,True,,,True,ViVU TV,UCyd7ZXu99D6orfKuaCQ9qcg,GÀ XỐT MẬT ONG MÙ TẠT NGỌT THƠM TUYỆT HẢO  MÓN NGON MỖI NGÀY  VIVU TV,08/01/2021,,2021-01-08,,308,True,790,22,https://youtube.com/watch?v=knFcuRY0Ccs,knFcuRY0Ccs,False,False
L26_V392,media-info-aic25-b1\media-info\L26_V392.json,True,,,True,ViVU TV,UCyd7ZXu99D6orfKuaCQ9qcg,CÁ KÈO CHIÊN XỐT CHANH DÂY  MÓN NGON MỖI NGÀY  VIVU TV,07/01/2021,,2021-01-07,,307,True,782,20,https://youtube.com/watch?v=ehkB5A2c6wo,ehkB5A2c6wo,False,False
L26_V393,media-info-aic25-b1\media-info\L26_V393.json,True,,,True,ViVU TV,UCyd7ZXu99D6orfKuaCQ9qcg,ĐẬM ĐÀ MÊ MẪN VỚI CÁ TRÊ KHO GỪNG NGHỆ  MÓN NGON MỖI NGÀY  VIVU TV,02/01/2021,,2021-01-02,,308,True,787,20,https://youtube.com/watch?v=c8ap73a7MgI,c8ap73a7MgI,False,False
L26_V394,media-info-aic25-b1\media-info\L26_V394.json,True,,,True,ViVU TV,UCyd7ZXu99D6orfKuaCQ9qcg,BÁNH TÔM CHIÊN CỦ SẮN  MÓN NGON MỖI NGÀY  VIVU TV,01/01/2021,,2021-01-01,,308,True,771,21,https://youtube.com/watch?v=1zYHUHUco9c,1zYHUHUco9c,False,False
L26_V395,media-info-aic25-b1\media-info\L26_V395.json,True,,,True,ViVU TV,UCyd7ZXu99D6orfKuaCQ9qcg,BÚN THÁI_ĐÓN NĂM MỚI VỚI VỊ NGON TÊ TÁI  MÓN NGON MỖI NGÀY  VIVU TV,31/12/2020,,2020-12-31,,307,True,779,20,https://youtube.com/watch?v=JlaiKENuhb8,JlaiKENuhb8,False,False
L26_V396,media-info-aic25-b1\media-info\L26_V396.json,True,,,True,ViVU TV,UCyd7ZXu99D6orfKuaCQ9qcg,THÊM NĂNG LƯỢNG VÀ ĐẦY DINH DƯỠNG VỚI CHÁO NGƯU BÀNG HẢI SẢN  MÓN NGON MỖI NGÀY  VIVU TV,26/12/2020,,2020-12-26,,306,True,812,20,https://youtube.com/watch?v=ignrdOUlbfU,ignrdOUlbfU,False,False
L26_V397,media-info-aic25-b1\media-info\L26_V397.json,True,,,True,ViVU TV,UCyd7ZXu99D6orfKuaCQ9qcg,CÁ DIÊU HỒNG CUỐN DƯA KIỆU THƠM NGON MỸ MIỀU  MÓN NGON MỖI NGÀY  VIVU TV,24/12/2020,,2020-12-24,,308,True,798,20,https://youtube.com/watch?v=jzu2-m41oa4,jzu2-m41oa4,False,False
L26_V398,media-info-aic25-b1\media-info\L26_V398.json,True,,,True,ViVU TV,UCyd7ZXu99D6orfKuaCQ9qcg,KHAI VỊ GIÁNG SINH VỚI SALAD MỰC ỐNG RONG BIỂN  MÓN NGON MỖI NGÀY  VIVU TV,19/12/2020,,2020-12-19,,310,True,791,20,https://youtube.com/watch?v=qS2VBSZkHGk,qS2VBSZkHGk,False,False
L26_V399,media-info-aic25-b1\media-info\L26_V399.json,True,,,True,ViVU TV,UCyd7ZXu99D6orfKuaCQ9qcg,NGON GIÒN ĐẬM ĐÀ_BÁNH MÌ THỊT NƯỚNG SẢ MAYO  MÓN NGON MỖI NGÀY  VIVU TV,18/12/2020,,2020-12-18,,307,True,797,22,https://youtube.com/watch?v=8l8-ECVWbfE,8l8-ECVWbfE,False,False
L26_V400,media-info-aic25-b1\media-info\L26_V400.json,True,,,True,ViVU TV,UCyd7ZXu99D6orfKuaCQ9qcg,PANCAKE SOCOLA CHO ĐÊM GIÁNG SINH LUNG LINH  MÓN NGON MỖI NGÀY  VIVU TV,17/12/2020,,2020-12-17,,301,True,790,23,https://youtube.com/watch?v=WbmzWeZ54ZI,WbmzWeZ54ZI,False,False
L26_V401,media-info-aic25-b1\media-info\L26_V401.json,True,,,True,ViVU TV,UCyd7ZXu99D6orfKuaCQ9qcg,SANDWICH KẸP CHẢ TÔM CHO BUỔI SÁNG ĐẦY NĂNG LƯỢNG  MÓN NGON MỖI NGÀY  VIVU TV,12/12/2020,,2020-12-12,,309,True,798,27,https://youtube.com/watch?v=H9mTDCKE9fY,H9mTDCKE9fY,False,False
L26_V402,media-info-aic25-b1\media-info\L26_V402.json,True,,,True,ViVU TV,UCyd7ZXu99D6orfKuaCQ9qcg,ẨM THỰC ĐỒNG QUÊ VỚI LẨU CÁ LĂNG BÔNG SO ĐŨA  MÓN NGON MỖI NGÀY  VIVU TV,11/12/2020,,2020-12-11,,301,True,798,27,https://youtube.com/watch?v=Bvr9b3fp1R0,Bvr9b3fp1R0,False,False
L26_V403,media-info-aic25-b1\media-info\L26_V403.json,True,,,True,ViVU TV,UCyd7ZXu99D6orfKuaCQ9qcg,THƠM LỪNG MÓN GÀ HẤP LÁ É  MÓN NGON MỖI NGÀY  VIVU TV,10/12/2020,,2020-12-10,,307,True,767,23,https://youtube.com/watch?v=d3nPgMo0N-s,d3nPgMo0N-s,False,False
L26_V404,media-info-aic25-b1\media-info\L26_V404.json,True,,,True,ViVU TV,UCyd7ZXu99D6orfKuaCQ9qcg,CANH CÁ BỐNG MÚ  MÓN NGON MỖI NGÀY  VIVU TV 06122020,05/12/2020,2020-12-06,2020-12-05,False,309,True,785,27,https://youtube.com/watch?v=UiT_xrGC4m4,UiT_xrGC4m4,False,False
L26_V405,media-info-aic25-b1\media-info\L26_V405.json,True,,,True,ViVU TV,UCyd7ZXu99D6orfKuaCQ9qcg,GÀ XÀO VỊ THÁI  MÓN NGON MỖI NGÀY  VIVU TV 05122020,04/12/2020,2020-12-05,2020-12-04,False,310,True,781,28,https://youtube.com/watch?v=2zy_TuZPj8E,2zy_TuZPj8E,False,False
L26_V406,media-info-aic25-b1\media-info\L26_V406.json,True,,,True,ViVU TV,UCyd7ZXu99D6orfKuaCQ9qcg,BURGER CÁ HỒI  MÓN NGON MỖI NGÀY  VIVU TV 04122020,03/12/2020,2020-12-04,2020-12-03,False,309,True,782,27,https://youtube.com/watch?v=OE7fbNbxYwI,OE7fbNbxYwI,False,False
L26_V407,media-info-aic25-b1\media-info\L26_V407.json,True,,,True,ViVU TV,UCyd7ZXu99D6orfKuaCQ9qcg,PANCAKE HẠNH NHÂN ĐẬU ĐỎ  MÓN NGON MỖI NGÀY  VIVU TV 29112020,28/11/2020,2020-11-29,2020-11-28,False,309,True,799,27,https://youtube.com/watch?v=KuSygi_pQpw,KuSygi_pQpw,False,False
L26_V408,media-info-aic25-b1\media-info\L26_V408.json,True,,,True,ViVU TV,UCyd7ZXu99D6orfKuaCQ9qcg,MỲ EFU XÀO NẤM TRÀ  MÓN NGON MỖI NGÀY  VIVU TV 28112020,27/11/2020,2020-11-28,2020-11-27,False,309,True,790,28,https://youtube.com/watch?v=g-MI3181WwQ,g-MI3181WwQ,False,False
L26_V409,media-info-aic25-b1\media-info\L26_V409.json,True,,,True,ViVU TV,UCyd7ZXu99D6orfKuaCQ9qcg,BẦU XÀO NGHÊU  MÓN NGON MỖI NGÀY  VIVU TV 27112020,26/11/2020,2020-11-27,2020-11-26,False,302,True,782,27,https://youtube.com/watch?v=IabnfCcHrgk,IabnfCcHrgk,False,False
L26_V410,media-info-aic25-b1\media-info\L26_V410.json,True,,,True,ViVU TV,UCyd7ZXu99D6orfKuaCQ9qcg,CANH GÂN BÒ CHUA CAY  MÓN NGON MỖI NGÀY  VIVU TV 22112020,21/11/2020,2020-11-22,2020-11-21,False,307,True,794,28,https://youtube.com/watch?v=KnXnMEFa1vs,KnXnMEFa1vs,False,False
L26_V411,media-info-aic25-b1\media-info\L26_V411.json,True,,,True,ViVU TV,UCyd7ZXu99D6orfKuaCQ9qcg,LẨU CHÁO CÁ ÁM MIỀN BẮC  MÓN NGON MỖI NGÀY  VIVU TV 21112020,20/11/2020,2020-11-21,2020-11-20,False,308,True,787,27,https://youtube.com/watch?v=of_eNk0V68g,of_eNk0V68g,False,False
L26_V412,media-info-aic25-b1\media-info\L26_V412.json,True,,,True,ViVU TV,UCyd7ZXu99D6orfKuaCQ9qcg,CUA LỘT CHIÊN XỐT THÁI  MÓN NGON MỖI NGÀY  VIVU TV  20112020,19/11/2020,2020-11-20,2020-11-19,False,306,True,775,20,https://youtube.com/watch?v=3awYChyEtOE,3awYChyEtOE,False,False
L26_V413,media-info-aic25-b1\media-info\L26_V413.json,True,,,True,ViVU TV,UCyd7ZXu99D6orfKuaCQ9qcg,GÀ CHIÊN MÈ XỐT CHANH MUỐI MAYO  MÓN NGON MỖI NGÀY  VIVU TV,16/11/2020,,2020-11-16,,292,True,1036,20,https://youtube.com/watch?v=Qsu3jn2iugU,Qsu3jn2iugU,False,False
L26_V414,media-info-aic25-b1\media-info\L26_V414.json,True,,,True,ViVU TV,UCyd7ZXu99D6orfKuaCQ9qcg,CANH TÔM RAU CẦN NƯỚC  MÓN NGON MỖI NGÀY  VIVU TV,15/11/2020,,2020-11-15,,308,True,1012,18,https://youtube.com/watch?v=V2A-EXwtplA,V2A-EXwtplA,False,False
L26_V415,media-info-aic25-b1\media-info\L26_V415.json,True,,,True,ViVU TV,UCyd7ZXu99D6orfKuaCQ9qcg,CÁCH LÀM MÓN GỎI BỐN MÙA  MÓN NGON MỖI NGÀY  VIVU TV,12/11/2020,,2020-11-12,,305,True,791,19,https://youtube.com/watch?v=U697iOuxRpo,U697iOuxRpo,False,False
L26_V416,media-info-aic25-b1\media-info\L26_V416.json,True,,,True,ViVU TV,UCyd7ZXu99D6orfKuaCQ9qcg,BÁNH CÁ KHOAI TÂY  MÓN NGON MỖI NGÀY  VIVU TV 08112020,07/11/2020,2020-11-08,2020-11-07,False,309,True,789,28,https://youtube.com/watch?v=CwEW1qhG49Y,CwEW1qhG49Y,False,False
L26_V418,media-info-aic25-b1\media-info\L26_V418.json,True,,,True,ViVU TV,UCyd7ZXu99D6orfKuaCQ9qcg,RUỐC BIỂN CHIÊN LÁ QUẾ  MÓN NGON MỖI NGÀY  VIVU TV 06112020,05/11/2020,2020-11-06,2020-11-05,False,304,True,930,29,https://youtube.com/watch?v=qPiqwfbQ9Nc,qPiqwfbQ9Nc,False,False
L26_V419,media-info-aic25-b1\media-info\L26_V419.json,True,,,True,ViVU TV,UCyd7ZXu99D6orfKuaCQ9qcg,BÁNH RÁN CAM MẬT ONG  MÓN NGON MỖI NGÀY  VIVU  01112020,31/10/2020,2020-11-01,2020-10-31,False,308,True,924,28,https://youtube.com/watch?v=9X9LqKn1mP4,9X9LqKn1mP4,False,False
L26_V420,media-info-aic25-b1\media-info\L26_V420.json,True,,,True,ViVU TV,UCyd7ZXu99D6orfKuaCQ9qcg,CANH MỌC BÍ NGÒI  MÓN NGON MỖI NGÀY  VIVU TV 31102020,30/10/2020,2020-10-31,2020-10-30,False,306,True,919,27,https://youtube.com/watch?v=DL_AmjUOpGI,DL_AmjUOpGI,False,False
L26_V421,media-info-aic25-b1\media-info\L26_V421.json,True,,,True,ViVU TV,UCyd7ZXu99D6orfKuaCQ9qcg,NẤM KHO TỘ  MÓN NGON MỖI NGÀY  VIVU TV 30102020,29/10/2020,2020-10-30,2020-10-29,False,309,True,908,27,https://youtube.com/watch?v=3xvTGWedzog,3xvTGWedzog,False,False
L26_V422,media-info-aic25-b1\media-info\L26_V422.json,True,,,True,ViVU TV,UCyd7ZXu99D6orfKuaCQ9qcg,CƠM CHANH ẤN ĐỘ  MÓN NGON MỖI NGÀY  VIVU TV  04102020,03/10/2020,2020-10-04,2020-10-03,False,308,True,918,27,https://youtube.com/watch?v=okTh85UWfzU,okTh85UWfzU,False,False
L26_V423,media-info-aic25-b1\media-info\L26_V423.json,True,,,True,ViVU TV,UCyd7ZXu99D6orfKuaCQ9qcg,CÁ KÈO NƯỚNG MUỐI ỚT  MÓN NGON MỖI NGÀY  VIVU TV 03102020,02/10/2020,2020-10-03,2020-10-02,False,301,True,926,27,https://youtube.com/watch?v=cnn9BXk3rqg,cnn9BXk3rqg,False,False
L26_V424,media-info-aic25-b1\media-info\L26_V424.json,True,,,True,ViVU TV,UCyd7ZXu99D6orfKuaCQ9qcg,SÚP MĂNG VỊT CHUA CAY  MÓN NGON MỖI NGÀY  VIVU TV 02102020,01/10/2020,2020-10-02,2020-10-01,False,308,True,789,27,https://youtube.com/watch?v=Yi0ZxwttVy8,Yi0ZxwttVy8,False,False
L26_V425,media-info-aic25-b1\media-info\L26_V425.json,True,,,True,ViVU TV,UCyd7ZXu99D6orfKuaCQ9qcg,CÁ HỒI SAKE CHIÊN GIÒN  MÓN NGON MỖI NGÀY  VIVU TV 27092020,26/09/2020,2020-09-27,2020-09-26,False,302,True,798,26,https://youtube.com/watch?v=47qDn5duZxc,47qDn5duZxc,False,False
L26_V426,media-info-aic25-b1\media-info\L26_V426.json,True,,,True,ViVU TV,UCyd7ZXu99D6orfKuaCQ9qcg,CANH CÁ RÔ BÔNG SÚNG  MÓN NGON MỖI NGÀY  VIVU TV 26092020,25/09/2020,2020-09-26,2020-09-25,False,309,True,794,26,https://youtube.com/watch?v=llRdpD6SFYk,llRdpD6SFYk,False,False
L26_V427,media-info-aic25-b1\media-info\L26_V427.json,True,,,True,ViVU TV,UCyd7ZXu99D6orfKuaCQ9qcg,SUP TÔM MĂNG TÂY VỊ LẨU THÁI  MÓN NGON MỖI NGÀY  VIVU TV 25092020,24/09/2020,2020-09-25,2020-09-24,False,309,True,799,27,https://youtube.com/watch?v=qZeKXZlDB9Q,qZeKXZlDB9Q,False,False
L26_V428,media-info-aic25-b1\media-info\L26_V428.json,True,,,True,ViVU TV,UCyd7ZXu99D6orfKuaCQ9qcg,BÁNH MÌ QUE XỐT THỊT CAY MAYO  MÓN NGON MỖI NGÀY  VIVU TV 20092020,19/09/2020,2020-09-20,2020-09-19,False,333,True,796,26,https://youtube.com/watch?v=NEv8QQgCi38,NEv8QQgCi38,False,False
L26_V429,media-info-aic25-b1\media-info\L26_V429.json,True,,,True,ViVU TV,UCyd7ZXu99D6orfKuaCQ9qcg,CÁ HẤP TÀU XÌ   MÓN NGON MỖI NGÀY  VIVU TV 19092020,18/09/2020,2020-09-19,2020-09-18,False,335,True,782,27,https://youtube.com/watch?v=73NE13FbGnM,73NE13FbGnM,False,False
L26_V430,media-info-aic25-b1\media-info\L26_V430.json,True,,,True,ViVU TV,UCyd7ZXu99D6orfKuaCQ9qcg,PANCAKE LÁ DỨA  MÓN NGON MỖI NGÀY  VIVU TV 18092020,17/09/2020,2020-09-18,2020-09-17,False,336,True,784,26,https://youtube.com/watch?v=Gynh_g4l5Hk,Gynh_g4l5Hk,False,False
L26_V431,media-info-aic25-b1\media-info\L26_V431.json,True,,,True,ViVU TV,UCyd7ZXu99D6orfKuaCQ9qcg,ĐẬU HỦ UM NƯỚC CỐT DỪA  MÓN NGON MỖI NGÀY  VIVU TV 13092020,12/09/2020,2020-09-13,2020-09-12,False,327,True,794,27,https://youtube.com/watch?v=LMbFDBvJZJA,LMbFDBvJZJA,False,False
L26_V432,media-info-aic25-b1\media-info\L26_V432.json,True,,,True,ViVU TV,UCyd7ZXu99D6orfKuaCQ9qcg,LƯƠN NƯỚNG SẢ   MÓN NGON MỖI NGÀY  VIVU TV 12092020,11/09/2020,2020-09-12,2020-09-11,False,326,True,782,28,https://youtube.com/watch?v=gpmcxpYu9BE,gpmcxpYu9BE,False,False
L26_V433,media-info-aic25-b1\media-info\L26_V433.json,True,,,True,ViVU TV,UCyd7ZXu99D6orfKuaCQ9qcg,SÚP HOÀNH THÁNH  MÓN NGON MỖI NGÀY  VIVU TV 11092020,10/09/2020,2020-09-11,2020-09-10,False,338,True,785,27,https://youtube.com/watch?v=YLodN96P3qM,YLodN96P3qM,False,False
L26_V434,media-info-aic25-b1\media-info\L26_V434.json,True,,,True,ViVU TV,UCyd7ZXu99D6orfKuaCQ9qcg,JAMBON CUỘN THANH CUA   MÓN NGON MỖI NGÀY  VIVU TV 06092020,05/09/2020,2020-09-06,2020-09-05,False,335,True,798,28,https://youtube.com/watch?v=ykYBy3JxEZU,ykYBy3JxEZU,False,False
L26_V435,media-info-aic25-b1\media-info\L26_V435.json,True,,,True,ViVU TV,UCyd7ZXu99D6orfKuaCQ9qcg,CHẢ MỰC BÁNH XE CHIÊN GIÒN  MÓN NGON MỖI NGÀY  VIVU TV 05092020,04/09/2020,2020-09-05,2020-09-04,False,339,True,799,27,https://youtube.com/watch?v=CoMNF2w1mQM,CoMNF2w1mQM,False,False
L26_V436,media-info-aic25-b1\media-info\L26_V436.json,True,,,True,ViVU TV,UCyd7ZXu99D6orfKuaCQ9qcg,PANCAKE NHÂN TÁO  MÓN NGON MỖI NGÀY  VIVU TV  04092020,03/09/2020,2020-09-04,2020-09-03,False,333,True,789,27,https://youtube.com/watch?v=EapwHUN1qR8,EapwHUN1qR8,False,False
L26_V437,media-info-aic25-b1\media-info\L26_V437.json,True,,,True,ViVU TV,UCyd7ZXu99D6orfKuaCQ9qcg,CẢI NGỒNG XÀO NẤM   MÓN NGON MỖI NGÀY  VIVU TV 30082020,29/08/2020,2020-08-30,2020-08-29,False,326,True,790,27,https://youtube.com/watch?v=yfLixQQ5E9o,yfLixQQ5E9o,False,False
L26_V438,media-info-aic25-b1\media-info\L26_V438.json,True,,,True,ViVU TV,UCyd7ZXu99D6orfKuaCQ9qcg,LẨU GÀ MẮC KHÉN   MÓN NGON MỖI NGÀY  VIVU TV 29082020,28/08/2020,2020-08-29,2020-08-28,False,324,True,786,27,https://youtube.com/watch?v=-hNBkbPSboE,-hNBkbPSboE,False,False
L26_V439,media-info-aic25-b1\media-info\L26_V439.json,True,,,True,ViVU TV,UCyd7ZXu99D6orfKuaCQ9qcg,ỐC XÀO LĂN LÁ CÁCH  MÓN NGON MỖI NGÀY  VIVU TV 28082020,27/08/2020,2020-08-28,2020-08-27,False,335,True,788,28,https://youtube.com/watch?v=VhFoKacVZv8,VhFoKacVZv8,False,False
L26_V440,media-info-aic25-b1\media-info\L26_V440.json,True,,,True,ViVU TV,UCyd7ZXu99D6orfKuaCQ9qcg,HÀU XÀO BÔNG CẢI  MÓN NGON MỖI NGÀY  VIVU TV 23082020,22/08/2020,2020-08-23,2020-08-22,False,337,True,787,27,https://youtube.com/watch?v=PWhVBSoLJpw,PWhVBSoLJpw,False,False
L26_V441,media-info-aic25-b1\media-info\L26_V441.json,True,,,True,ViVU TV,UCyd7ZXu99D6orfKuaCQ9qcg,ẾCH CHIÊN BỎ TỎI  MÓN NGON MỖI NGÀY  VIVU TV 22082020,21/08/2020,2020-08-22,2020-08-21,False,323,True,785,27,https://youtube.com/watch?v=KyXQBW5QyK0,KyXQBW5QyK0,False,False
L26_V442,media-info-aic25-b1\media-info\L26_V442.json,True,,,True,ViVU TV,UCyd7ZXu99D6orfKuaCQ9qcg,TRÀ SỮA THẠCH KEM HẠT CHIA  MÓN NGON MỖI NGÀY  VIVU TV 21082020,20/08/2020,2020-08-21,2020-08-20,False,337,True,798,27,https://youtube.com/watch?v=lmZZcVPoNsQ,lmZZcVPoNsQ,False,False
L26_V443,media-info-aic25-b1\media-info\L26_V443.json,True,,,True,ViVU TV,UCyd7ZXu99D6orfKuaCQ9qcg,BÚN XÀO HẢI SẢN  MÓN NGON MỖI NGÀY  VIVU TV 16082020,15/08/2020,2020-08-16,2020-08-15,False,334,True,785,27,https://youtube.com/watch?v=3O6Wan91Ba0,3O6Wan91Ba0,False,False
L26_V444,media-info-aic25-b1\media-info\L26_V444.json,True,,,True,ViVU TV,UCyd7ZXu99D6orfKuaCQ9qcg,SÒ LÔNG NƯỚNG BƠ TỎI  MÓN NGON MỖI NGÀY  VIVU TV 15082020,14/08/2020,2020-08-15,2020-08-14,False,330,True,789,27,https://youtube.com/watch?v=0sJowTSfp60,0sJowTSfp60,False,False
L26_V445,media-info-aic25-b1\media-info\L26_V445.json,True,,,True,ViVU TV,UCyd7ZXu99D6orfKuaCQ9qcg,GÀ KHO NẤM   MÓN NGON MỖI NGÀY  VIVU TV 14082020,13/08/2020,2020-08-14,2020-08-13,False,335,True,777,27,https://youtube.com/watch?v=YhcKiw-YNd8,YhcKiw-YNd8,False,False
L26_V446,media-info-aic25-b1\media-info\L26_V446.json,True,,,True,ViVU TV,UCyd7ZXu99D6orfKuaCQ9qcg,CANH CÁ ĐỒNG NẤU KHẾ  MÓN NGON MỖI NGÀY  VIVU TV 09082020,08/08/2020,2020-08-09,2020-08-08,False,328,True,788,27,https://youtube.com/watch?v=D6ZL_eCB2qw,D6ZL_eCB2qw,False,False
L26_V447,media-info-aic25-b1\media-info\L26_V447.json,True,,,True,ViVU TV,UCyd7ZXu99D6orfKuaCQ9qcg,SÚP ÓC HEO TÓC TIÊN  MÓN NGON MỖI NGÀY  VIVU TV 08082020,07/08/2020,2020-08-08,2020-08-07,False,321,True,784,27,https://youtube.com/watch?v=91MrdC5dEvs,91MrdC5dEvs,False,False
L26_V448,media-info-aic25-b1\media-info\L26_V448.json,True,,,True,ViVU TV,UCyd7ZXu99D6orfKuaCQ9qcg,CÁ HỒI ÁP CHẢO SỐT TIÊU  MÓN NGON MỖI NGÀY  VIVU TV 07082020,06/08/2020,2020-08-07,2020-08-06,False,323,True,793,29,https://youtube.com/watch?v=K46pH2_N6Kk,K46pH2_N6Kk,False,False
L26_V449,media-info-aic25-b1\media-info\L26_V449.json,True,,,True,ViVU TV,UCyd7ZXu99D6orfKuaCQ9qcg,CÀNG CUA CHIÊN MÈ XỐT MAYO  MÓN NGON MỖI NGÀY  VIVU TV 02082020,01/08/2020,2020-08-02,2020-08-01,False,329,True,798,30,https://youtube.com/watch?v=1sNH9bBdokI,1sNH9bBdokI,False,False
L26_V450,media-info-aic25-b1\media-info\L26_V450.json,True,,,True,ViVU TV,UCyd7ZXu99D6orfKuaCQ9qcg,CHÁO ĐẬU CHÀ BÔNG CÁ HỒI  MÓN NGON MỖI NGÀY  VIVU TV 01082020,31/07/2020,2020-08-01,2020-07-31,False,338,True,796,31,https://youtube.com/watch?v=kTJu6gXaYRQ,kTJu6gXaYRQ,False,False
L26_V451,media-info-aic25-b1\media-info\L26_V451.json,True,,,True,ViVU TV,UCyd7ZXu99D6orfKuaCQ9qcg,LẨU NẤM TIỀM CỦ QUẢ   MÓN NGON MỖI NGÀY  VIVU TV 31072020,30/07/2020,2020-07-31,2020-07-30,False,329,True,783,30,https://youtube.com/watch?v=5NyvzEMOaRM,5NyvzEMOaRM,False,False
L26_V452,media-info-aic25-b1\media-info\L26_V452.json,True,,,True,ViVU TV,UCyd7ZXu99D6orfKuaCQ9qcg,CANH SƯỜN NHA ĐAM   MÓN NGON MỖI NGÀY  VIVU TV 26072020,25/07/2020,2020-07-26,2020-07-25,False,326,True,790,32,https://youtube.com/watch?v=4264hPsyJEk,4264hPsyJEk,False,False
L26_V453,media-info-aic25-b1\media-info\L26_V453.json,True,,,True,ViVU TV,UCyd7ZXu99D6orfKuaCQ9qcg,SƯỜN CUỘN BACON CHIÊN MÈ  MÓN NGON MỖI NGÀY  VIVU TV 25072020,24/07/2020,2020-07-25,2020-07-24,False,337,True,795,30,https://youtube.com/watch?v=aRY1KZgZynQ,aRY1KZgZynQ,False,False
L26_V454,media-info-aic25-b1\media-info\L26_V454.json,True,,,True,ViVU TV,UCyd7ZXu99D6orfKuaCQ9qcg,HÀU TRỘN MẦM CẢI   MÓN NGON MỖI NGÀY  VIVU TV  24072020,23/07/2020,2020-07-24,2020-07-23,False,320,True,789,32,https://youtube.com/watch?v=Uh7C0S1N-TU,Uh7C0S1N-TU,False,False
L26_V455,media-info-aic25-b1\media-info\L26_V455.json,True,,,True,ViVU TV,UCyd7ZXu99D6orfKuaCQ9qcg,CÁ TAI TƯỢNG XỐT SAMBAL  MÓN NGON MỖI NGÀY  VIVU TV 19072020,18/07/2020,2020-07-19,2020-07-18,False,335,True,794,30,https://youtube.com/watch?v=ZEEhpTxDZR8,ZEEhpTxDZR8,False,False
L26_V456,media-info-aic25-b1\media-info\L26_V456.json,True,,,True,ViVU TV,UCyd7ZXu99D6orfKuaCQ9qcg,SALAD TÔM ĐẬU HỦ  MÓN NGON MỖI NGÀY  VIVU TV 18072020,17/07/2020,2020-07-18,2020-07-17,False,333,True,786,27,https://youtube.com/watch?v=iGbe_yqY4f8,iGbe_yqY4f8,False,False
L26_V457,media-info-aic25-b1\media-info\L26_V457.json,True,,,True,ViVU TV,UCyd7ZXu99D6orfKuaCQ9qcg,CANH NGHÊU KIM CHI TÍA TÔ  MÓN NGON MỖI NGÀY  VIVU TV 17072020,16/07/2020,2020-07-17,2020-07-16,False,336,True,792,28,https://youtube.com/watch?v=TDwN1XCYcn0,TDwN1XCYcn0,False,False
L26_V458,media-info-aic25-b1\media-info\L26_V458.json,True,,,True,ViVU TV,UCyd7ZXu99D6orfKuaCQ9qcg,CANH NẤM GÀ LÁ GIANG  MÓN NGON MỖI NGÀY  VIVU TV 12072020,11/07/2020,2020-07-12,2020-07-11,False,289,True,794,29,https://youtube.com/watch?v=7KV2wcLeHxI,7KV2wcLeHxI,False,False
L26_V459,media-info-aic25-b1\media-info\L26_V459.json,True,,,True,ViVU TV,UCyd7ZXu99D6orfKuaCQ9qcg,GÀ NƯỚNG LỬA TRẠI  MÓN NGON MỖI NGÀY  VIVU TV 11072020,10/07/2020,2020-07-11,2020-07-10,False,297,True,789,28,https://youtube.com/watch?v=T2zCtyfyeBM,T2zCtyfyeBM,False,False
L26_V460,media-info-aic25-b1\media-info\L26_V460.json,True,,,True,ViVU TV,UCyd7ZXu99D6orfKuaCQ9qcg,PANCAKE 2 MÀU CHUỐI SOCOLA  MÓN NGON MỖI NGÀY  VIVU TV 10072020,09/07/2020,2020-07-10,2020-07-09,False,292,True,802,28,https://youtube.com/watch?v=yVt1fr9BAlU,yVt1fr9BAlU,False,False
L26_V461,media-info-aic25-b1\media-info\L26_V461.json,True,,,True,ViVU TV,UCyd7ZXu99D6orfKuaCQ9qcg,CÁ CHIÊN XỐT NẤM  MÓN NGON MỖI NGÀY  VIVU TV 05072020,04/07/2020,2020-07-05,2020-07-04,False,292,True,787,30,https://youtube.com/watch?v=XiDjzKLHR5Y,XiDjzKLHR5Y,False,False
L26_V462,media-info-aic25-b1\media-info\L26_V462.json,True,,,True,ViVU TV,UCyd7ZXu99D6orfKuaCQ9qcg,SÚP BÁT TRÂN CHAY   MÓN NGON MỖI NGÀY  VIVU TV 04072020,03/07/2020,2020-07-04,2020-07-03,False,302,True,786,30,https://youtube.com/watch?v=aS6LWCg1mm0,aS6LWCg1mm0,False,False
L26_V463,media-info-aic25-b1\media-info\L26_V463.json,True,,,True,ViVU TV,UCyd7ZXu99D6orfKuaCQ9qcg,SALAD THANH LONG CHANH DÂY  MÓN NGON MỖI NGÀY  VIVU TV 03072020,02/07/2020,2020-07-03,2020-07-02,False,303,True,789,32,https://youtube.com/watch?v=ruraYsk-MDA,ruraYsk-MDA,False,False
L26_V464,media-info-aic25-b1\media-info\L26_V464.json,True,,,True,ViVU TV,UCyd7ZXu99D6orfKuaCQ9qcg,BÁNH CANH VỊT   MÓN NGON MỖI NGÀY  VIVU TV 28062020,27/06/2020,2020-06-28,2020-06-27,False,304,True,783,29,https://youtube.com/watch?v=JlVS5Avhg5w,JlVS5Avhg5w,False,False
L26_V465,media-info-aic25-b1\media-info\L26_V465.json,True,,,True,ViVU TV,UCyd7ZXu99D6orfKuaCQ9qcg,CHẢ BÒ CHIÊN   MÓN NGON MỖI NGÀY  VIVU TV 27062020,26/06/2020,2020-06-27,2020-06-26,False,306,True,780,28,https://youtube.com/watch?v=gBfMxCrFfRM,gBfMxCrFfRM,False,False
L26_V466,media-info-aic25-b1\media-info\L26_V466.json,True,,,True,ViVU TV,UCyd7ZXu99D6orfKuaCQ9qcg,CÁ NGỪ ĐẠI DƯƠNG LÚC LẮC  MÓN NGON MỖI NGÀY  VIVU TV 26062020,25/06/2020,2020-06-26,2020-06-25,False,307,True,795,28,https://youtube.com/watch?v=Y9UVc4FwDzg,Y9UVc4FwDzg,False,False
L26_V467,media-info-aic25-b1\media-info\L26_V467.json,True,,,True,ViVU TV,UCyd7ZXu99D6orfKuaCQ9qcg,CÁ HẤP NGƯU BÀNG  MÓN NGON MỖI NGÀY  VIVU TV 07062020,06/06/2020,2020-06-07,2020-06-06,False,307,True,787,31,https://youtube.com/watch?v=pAwi-wEjDCc,pAwi-wEjDCc,False,False
L26_V468,media-info-aic25-b1\media-info\L26_V468.json,True,,,True,ViVU TV,UCyd7ZXu99D6orfKuaCQ9qcg,CHẢ GIÒ HÀU  MÓN NGON MỖI NGÀY  VIVU TV 06062020,05/06/2020,2020-06-06,2020-06-05,False,309,True,778,33,https://youtube.com/watch?v=27AvnVM31_8,27AvnVM31_8,False,False
L26_V469,media-info-aic25-b1\media-info\L26_V469.json,True,,,True,ViVU TV,UCyd7ZXu99D6orfKuaCQ9qcg,ĐẬU HỦ ÁP CHẢO XỐT SAMBAL  MÓN NGON MỖI NGÀY  VIVU TV 05062020,04/06/2020,2020-06-05,2020-06-04,False,308,True,794,30,https://youtube.com/watch?v=ckPEMmsu5hY,ckPEMmsu5hY,False,False
L26_V470,media-info-aic25-b1\media-info\L26_V470.json,True,,,True,ViVU TV,UCyd7ZXu99D6orfKuaCQ9qcg,MỰC QUE CHIÊN GIÒN XỐT CAM  MÓN NGON MỖI NGÀY  VIVU TV 31052020,30/05/2020,2020-05-31,2020-05-30,False,310,True,796,29,https://youtube.com/watch?v=CS2Akz1OOic,CS2Akz1OOic,False,False
L26_V471,media-info-aic25-b1\media-info\L26_V471.json,True,,,True,ViVU TV,UCyd7ZXu99D6orfKuaCQ9qcg,CẢI THẢO CUỘN TÔM CÁ  MÓN NGON MỖI NGÀY  VIVU TV 30052020,29/05/2020,2020-05-30,2020-05-29,False,309,True,794,29,https://youtube.com/watch?v=NHWaAaozQas,NHWaAaozQas,False,False
L26_V472,media-info-aic25-b1\media-info\L26_V472.json,True,,,True,ViVU TV,UCyd7ZXu99D6orfKuaCQ9qcg,PANCAKE THANH LONG ĐỎ  MÓN NGON MỖI NGÀY  VIVU TV 29052020,28/05/2020,2020-05-29,2020-05-28,False,308,True,799,30,https://youtube.com/watch?v=hp72Q5U2E0I,hp72Q5U2E0I,False,False
L26_V473,media-info-aic25-b1\media-info\L26_V473.json,True,,,True,ViVU TV,UCyd7ZXu99D6orfKuaCQ9qcg,CANH GÀ BÍ XANH  MÓN NGON MỖI NGÀY  VIVU TV  24052020,23/05/2020,2020-05-24,2020-05-23,False,296,True,786,32,https://youtube.com/watch?v=IHRtnGACx4M,IHRtnGACx4M,False,False
L26_V474,media-info-aic25-b1\media-info\L26_V474.json,True,,,True,ViVU TV,UCyd7ZXu99D6orfKuaCQ9qcg,SƯỜN NON KHO CHAO   MÓN NGON MỖI NGÀY  VIVU TV 23052020,22/05/2020,2020-05-23,2020-05-22,False,307,True,790,30,https://youtube.com/watch?v=fuQ4ZNpu7gc,fuQ4ZNpu7gc,False,False
L26_V475,media-info-aic25-b1\media-info\L26_V475.json,True,,,True,ViVU TV,UCyd7ZXu99D6orfKuaCQ9qcg,CÀ TÍM NƯỚNG TÔM CHÁY MỠ HẸ   MÓN NGON MỖI NGÀY  VIVU TV 22052020,21/05/2020,2020-05-22,2020-05-21,False,306,True,796,30,https://youtube.com/watch?v=VwASMZqxZuQ,VwASMZqxZuQ,False,False
L26_V476,media-info-aic25-b1\media-info\L26_V476.json,True,,,True,ViVU TV,UCyd7ZXu99D6orfKuaCQ9qcg,CÁ KHO QUẸT MÓN QUÊ LẠ MIỆNG  MÓN NGON MỖI NGÀY  VIVU TV 16052020.,17/05/2020,2020-05-16,2020-05-17,False,304,True,780,30,https://youtube.com/watch?v=XleUq4nJGGg,XleUq4nJGGg,False,False
L26_V477,media-info-aic25-b1\media-info\L26_V477.json,True,,,True,ViVU TV,UCyd7ZXu99D6orfKuaCQ9qcg,TÔM CHIÊN MẶT NGUYỆT  MÓN NGON MỖI NGÀY  VIVU TV 15052020.,16/05/2020,2020-05-15,2020-05-16,False,307,True,1017,28,https://youtube.com/watch?v=hhLGEWRz_4s,hhLGEWRz_4s,False,False
L26_V478,media-info-aic25-b1\media-info\L26_V478.json,True,,,True,ViVU TV,UCyd7ZXu99D6orfKuaCQ9qcg,SALAD MỰC ỐNG  MÓN NGON MỖI NGÀY  VIVU TV 10052020,09/05/2020,2020-05-10,2020-05-09,False,303,True,780,30,https://youtube.com/watch?v=XghaqnEFgRM,XghaqnEFgRM,False,False
L26_V479,media-info-aic25-b1\media-info\L26_V479.json,True,,,True,ViVU TV,UCyd7ZXu99D6orfKuaCQ9qcg,ỚT CHUÔNG HẢI SẢN PHÔ MAI  MÓN NGON MỖI NGÀY  VIVU TV  09052020,08/05/2020,2020-05-09,2020-05-08,False,308,True,1011,29,https://youtube.com/watch?v=_VgfwLN0H_0,_VgfwLN0H_0,False,False
L26_V480,media-info-aic25-b1\media-info\L26_V480.json,True,,,True,ViVU TV,UCyd7ZXu99D6orfKuaCQ9qcg,CÁ DỨA MỘT NẮNG CHUA NGỌT  MÓN NGON MỖI NGÀY  VIVU TV 08052020,07/05/2020,2020-05-08,2020-05-07,False,307,True,1016,31,https://youtube.com/watch?v=Nf2rT3KDBKI,Nf2rT3KDBKI,False,False
L26_V481,media-info-aic25-b1\media-info\L26_V481.json,True,,,True,ViVU TV,UCyd7ZXu99D6orfKuaCQ9qcg,CANH SƯỜN BÍ ĐỎ RONG BIỂN  MÓN NGON MỖI NGÀY  VIVU TV 03052020,02/05/2020,2020-05-03,2020-05-02,False,310,True,1023,30,https://youtube.com/watch?v=b8XfRRFern0,b8XfRRFern0,False,False
L26_V482,media-info-aic25-b1\media-info\L26_V482.json,True,,,True,ViVU TV,UCyd7ZXu99D6orfKuaCQ9qcg,ĐẬU HŨ CUỘN CHIÊN GIÒN   MÓN NGON MỖI NGÀY  VIVU TV 02052020,01/05/2020,2020-05-02,2020-05-01,False,307,True,1020,29,https://youtube.com/watch?v=YdW-OBMoPqg,YdW-OBMoPqg,False,False
L26_V483,media-info-aic25-b1\media-info\L26_V483.json,True,,,True,ViVU TV,UCyd7ZXu99D6orfKuaCQ9qcg,PHỞ SẮN XÀO THẬP CẨM  MÓN NGON MỖI NGÀY  VIVU TV 01052020,30/04/2020,2020-05-01,2020-04-30,False,310,True,1015,29,https://youtube.com/watch?v=GuMlqao9YRE,GuMlqao9YRE,False,False
L26_V484,media-info-aic25-b1\media-info\L26_V484.json,True,,,True,ViVU TV,UCyd7ZXu99D6orfKuaCQ9qcg,ẾCH KHÓI LỬA  MÓN NGON MỖI NGÀY  VIVU TV  26042020,25/04/2020,2020-04-26,2020-04-25,False,304,True,782,29,https://youtube.com/watch?v=TRUGN5A1csU,TRUGN5A1csU,False,False
L26_V485,media-info-aic25-b1\media-info\L26_V485.json,True,,,True,ViVU TV,UCyd7ZXu99D6orfKuaCQ9qcg,CANH MỒNG TƠI NẤM  MÓN NGON MỖI NGÀY  VIVU TV  25042020,24/04/2020,2020-04-25,2020-04-24,False,305,True,791,30,https://youtube.com/watch?v=0oTiFJUdqpE,0oTiFJUdqpE,False,False
L26_V486,media-info-aic25-b1\media-info\L26_V486.json,True,,,True,ViVU TV,UCyd7ZXu99D6orfKuaCQ9qcg,BÁNH XÈO HẢI SẢN  MÓN NGON MỖI NGÀY  VIVU TV  24042020.,23/04/2020,2020-04-24,2020-04-23,False,308,True,789,30,https://youtube.com/watch?v=ELTbbf5ISP8,ELTbbf5ISP8,False,False
L26_V487,media-info-aic25-b1\media-info\L26_V487.json,True,,,True,ViVU TV,UCyd7ZXu99D6orfKuaCQ9qcg,GÀ NƯỚNG CỎ XẠ HƯƠNG  MÓN NGON MỖI NGÀY  VIVU TV 22022020,21/04/2020,2020-02-22,2020-04-21,False,309,True,796,32,https://youtube.com/watch?v=Q5JBViR2OaY,Q5JBViR2OaY,False,False
L26_V488,media-info-aic25-b1\media-info\L26_V488.json,True,,,True,ViVU TV,UCyd7ZXu99D6orfKuaCQ9qcg,THỊT BA CHỈ XIÊN QUE CHIÊN GIÒN  MÓN NGON MỖI NGÀY  VIVU TV,20/04/2020,,2020-04-20,,309,True,807,31,https://youtube.com/watch?v=6zf1v9YDcgU,6zf1v9YDcgU,False,False
L26_V489,media-info-aic25-b1\media-info\L26_V489.json,True,,,True,ViVU TV,UCyd7ZXu99D6orfKuaCQ9qcg,BẮP BÒ XỐT PATE CHẤM MUỐI TẮC  MÓN NGON MỖI NGÀY  VIVU TV  19042020.,18/04/2020,2020-04-19,2020-04-18,False,296,True,800,32,https://youtube.com/watch?v=qMVUZpghsrE,qMVUZpghsrE,False,False
L26_V490,media-info-aic25-b1\media-info\L26_V490.json,True,,,True,ViVU TV,UCyd7ZXu99D6orfKuaCQ9qcg,PANCAKE ĐẬU XANH CỐT DỪA  MÓN NGON MỖI NGÀY  VIVU TV  18042020,17/04/2020,2020-04-18,2020-04-17,False,309,True,1022,29,https://youtube.com/watch?v=_-Zd4lQnAnI,_-Zd4lQnAnI,False,False
L26_V491,media-info-aic25-b1\media-info\L26_V491.json,True,,,True,ViVU TV,UCyd7ZXu99D6orfKuaCQ9qcg,SALAD BÒ DƯA KIỆU TƯƠI MÁT GIẢI NHIỆT MÙA DỊCH  MÓN NGON MỖI NGÀY  VIVU TV  17042020,16/04/2020,2020-04-17,2020-04-16,False,309,True,820,30,https://youtube.com/watch?v=wmZWRI8T9CQ,wmZWRI8T9CQ,False,False
L26_V492,media-info-aic25-b1\media-info\L26_V492.json,True,,,True,ViVU TV,UCyd7ZXu99D6orfKuaCQ9qcg,PANCAKE KHOAI LANG MẬT ONG  MÓN NGON MỖI NGÀY  VIVU TV 21022020,14/04/2020,2020-02-21,2020-04-14,False,309,True,808,31,https://youtube.com/watch?v=ZywPFLu9dos,ZywPFLu9dos,False,False
L26_V493,media-info-aic25-b1\media-info\L26_V493.json,True,,,True,ViVU TV,UCyd7ZXu99D6orfKuaCQ9qcg,CANH CHÂN NẤM TÁO ĐỎ  MÓN NGON MỖI NGÀY  VIVU TV 12042020,11/04/2020,2020-04-12,2020-04-11,False,309,True,796,30,https://youtube.com/watch?v=wFLYkAlGt10,wFLYkAlGt10,False,False
L26_V494,media-info-aic25-b1\media-info\L26_V494.json,True,,,True,ViVU TV,UCyd7ZXu99D6orfKuaCQ9qcg,PANCAKE DỨA HẠNH NHÂN  MÓN NGON MỖI NGÀY  VIVU TV 11042020,10/04/2020,2020-04-11,2020-04-10,False,306,True,788,31,https://youtube.com/watch?v=Zc_zw3FR6Pc,Zc_zw3FR6Pc,False,False
L26_V495,media-info-aic25-b1\media-info\L26_V495.json,True,,,True,ViVU TV,UCyd7ZXu99D6orfKuaCQ9qcg,LẨU ẾCH LÁ LỐT  MÓN NGON MỖI NGÀY  VIVU TV  29022020,10/04/2020,2020-02-29,2020-04-10,False,310,True,784,32,https://youtube.com/watch?v=ooCegsCSEkM,ooCegsCSEkM,False,False
L26_V496,media-info-aic25-b1\media-info\L26_V496.json,True,,,True,ViVU TV,UCyd7ZXu99D6orfKuaCQ9qcg,CƠM GẠO LỨT TRỘN  MÓN NGON MỖI NGÀY  VIVU TV  01032020,10/04/2020,2020-03-01,2020-04-10,False,309,True,788,31,https://youtube.com/watch?v=ISS_V1_t6sg,ISS_V1_t6sg,False,False
L26_V497,media-info-aic25-b1\media-info\L26_V497.json,True,,,True,ViVU TV,UCyd7ZXu99D6orfKuaCQ9qcg,ĐẬU HỦ HẤP NẤM NHẬT  MÓN NGON MỖI NGÀY  VIVU TV  06032020,10/04/2020,2020-03-06,2020-04-10,False,306,True,793,30,https://youtube.com/watch?v=-ojux-HklLc,-ojux-HklLc,False,False
L26_V498,media-info-aic25-b1\media-info\L26_V498.json,True,,,True,ViVU TV,UCyd7ZXu99D6orfKuaCQ9qcg,SALAD CẢI MẦM TÔM CHIÊN  MÓN NGON MỖI NGÀY  VIVU TV  07032020,10/04/2020,2020-03-07,2020-04-10,False,306,True,801,31,https://youtube.com/watch?v=oBnxnZ-YeP8,oBnxnZ-YeP8,False,False
L26_V499,media-info-aic25-b1\media-info\L26_V499.json,True,,,True,ViVU TV,UCyd7ZXu99D6orfKuaCQ9qcg,CÁ CHÉP NẤU RIỀNG MẺ  MÓN NGON MỖI NGÀY  VIVU TV 05042020,10/04/2020,2020-04-05,2020-04-10,False,308,True,794,30,https://youtube.com/watch?v=qsIhLw5xIgA,qsIhLw5xIgA,False,False
L27_V001,media-info-aic25-b1\media-info\L27_V001.json,True,,,True,HTV Giải Trí,UCmPdu28PZdURVqb9deV38lw,Việt Nam Đi Là Ghiền - Mùa 3  Tập 17  Miếu Bà Núi Sam (04102024),03/10/2024,2024-10-04,2024-10-03,False,598,True,560,13,https://youtube.com/watch?v=6_4YFckbd1g,6_4YFckbd1g,False,False
L27_V002,media-info-aic25-b1\media-info\L27_V002.json,True,,,True,HTV Giải Trí,UCmPdu28PZdURVqb9deV38lw,Việt Nam Đi Là Ghiền - Mùa 3  Tập15 Măng rừng vùng Bảy Núi An Giang 20092024,19/09/2024,2024-09-20,2024-09-19,False,588,True,961,13,https://youtube.com/watch?v=qgPsK3GjSXc,qgPsK3GjSXc,False,False
L27_V003,media-info-aic25-b1\media-info\L27_V003.json,True,,,True,HTV Giải Trí,UCmPdu28PZdURVqb9deV38lw,Việt Nam đi là ghiền Mùa 3  Tập 14   Rau rừng và bánh xèo trên đỉnh núi Cấm  #VNDLGM3 13092024,13/09/2024,2024-09-13,2024-09-13,True,588,True,780,22,https://youtube.com/watch?v=2Ol1Lv9JtMc,2Ol1Lv9JtMc,False,False
L27_V004,media-info-aic25-b1\media-info\L27_V004.json,True,,,True,HTV Giải Trí,UCmPdu28PZdURVqb9deV38lw,Việt Nam Đi Là Ghiền - Mùa 3  Tập 13,05/09/2024,,2024-09-05,,601,True,779,13,https://youtube.com/watch?v=peuk4c36Fvg,peuk4c36Fvg,False,False
L27_V005,media-info-aic25-b1\media-info\L27_V005.json,True,,,True,HTV Giải Trí,UCmPdu28PZdURVqb9deV38lw,VIỆT NAM đi là ghiền Mùa 3  Tập 12  MŨI NAI  #VNDLGM3,30/08/2024,,2024-08-30,,606,True,821,21,https://youtube.com/watch?v=IwxcTZ7U_UM,IwxcTZ7U_UM,False,False
L27_V006,media-info-aic25-b1\media-info\L27_V006.json,True,,,True,HTV Giải Trí,UCmPdu28PZdURVqb9deV38lw,Việt Nam Đi Là Ghiền - Mùa 3  Tập 11  BUN KEN HA TIEN 23082024,22/08/2024,2024-08-23,2024-08-22,False,581,True,872,13,https://youtube.com/watch?v=kHqIiNIJaM0,kHqIiNIJaM0,False,False
L27_V007,media-info-aic25-b1\media-info\L27_V007.json,True,,,True,HTV Giải Trí,UCmPdu28PZdURVqb9deV38lw,Việt Nam đi là ghiền Mùa 3  Tập 10  HÀ TIÊN XƯA  #VNDLGM3,15/08/2024,,2024-08-15,,603,True,269,21,https://youtube.com/watch?v=cQprP6LQDuQ,cQprP6LQDuQ,False,False
L27_V008,media-info-aic25-b1\media-info\L27_V008.json,True,,,True,HTV Giải Trí,UCmPdu28PZdURVqb9deV38lw,Việt Nam Đi Là Ghiền - Mùa 3  Tập 9  Danh Thắng Hòn Chong,09/08/2024,,2024-08-09,,602,True,1139,13,https://youtube.com/watch?v=J6IGW1zbjZU,J6IGW1zbjZU,False,False
L27_V009,media-info-aic25-b1\media-info\L27_V009.json,True,,,True,HTV Giải Trí,UCmPdu28PZdURVqb9deV38lw,VIỆT NAM ĐI LÀ GHIỀN MÙA 3   TẬP 8 KHÁM PHÁ MÓN NGON XỨ BIỂN  #VNDLGM3,01/08/2024,,2024-08-01,,579,True,0,22,https://youtube.com/watch?v=G18wvtz_7aA,G18wvtz_7aA,False,False
L27_V010,media-info-aic25-b1\media-info\L27_V010.json,True,,,True,HTV Giải Trí,UCmPdu28PZdURVqb9deV38lw,Việt Nam đi là ghiền Mùa 3  Tập 7 Rạch Giá Phố biển cổ xưa và nay  #VNDLGM3,18/07/2024,,2024-07-18,,584,True,0,13,https://youtube.com/watch?v=ztY08a2hmg8,ztY08a2hmg8,False,False
L27_V011,media-info-aic25-b1\media-info\L27_V011.json,True,,,True,HTV Giải Trí,UCmPdu28PZdURVqb9deV38lw,Việt Nam Đi Là Ghiền - Mùa 3 - Tập 6  Miệt Vườn Ngã Bảy,11/07/2024,,2024-07-11,,594,True,1489,13,https://youtube.com/watch?v=MS5NPYXl6F4,MS5NPYXl6F4,False,False
L27_V012,media-info-aic25-b1\media-info\L27_V012.json,True,,,True,HTV Giải Trí,UCmPdu28PZdURVqb9deV38lw,Việt Nam đi là ghiền Mùa 3  Tập 5 Làng trầu Vị Thuỷ  #VNDLGM3,04/07/2024,,2024-07-04,,601,True,870,15,https://youtube.com/watch?v=hPva71jR_vQ,hPva71jR_vQ,False,False
L27_V013,media-info-aic25-b1\media-info\L27_V013.json,True,,,True,HTV Giải Trí,UCmPdu28PZdURVqb9deV38lw,Việt Nam Đi Là Ghiền - Mùa 3  Tập 4  Trăm Năm làng Khóm.,28/06/2024,,2024-06-28,,572,True,1145,14,https://youtube.com/watch?v=xGFcE9L6aU0,xGFcE9L6aU0,False,False
L27_V014,media-info-aic25-b1\media-info\L27_V014.json,True,,,True,HTV Giải Trí,UCmPdu28PZdURVqb9deV38lw,Việt Nam đi là ghiền  Tập 3 Mùa 3 Một ngày làm nông dân chăn dê  #VNDLGM3,20/06/2024,,2024-06-20,,580,True,0,16,https://youtube.com/watch?v=yQvVjEyOSro,yQvVjEyOSro,False,False
L27_V015,media-info-aic25-b1\media-info\L27_V015.json,True,,,True,HTV Giải Trí,UCmPdu28PZdURVqb9deV38lw,Việt Nam Đi Là Ghiền   MÙA 3  TẬP 2 Du lịch xanh Hậu Giang  #VNDLGM3,13/06/2024,,2024-06-13,,587,True,936,13,https://youtube.com/watch?v=T0bW8kAbJQw,T0bW8kAbJQw,False,False
L27_V016,media-info-aic25-b1\media-info\L27_V016.json,True,,,True,HTV Giải Trí,UCmPdu28PZdURVqb9deV38lw,Việt Nam đi là ghiền Mùa 3   Tập 1 Làng khô sặc rằn U Minh  #VNDLGM3,06/06/2024,,2024-06-06,,569,True,128,20,https://youtube.com/watch?v=JRTSR1inWyg,JRTSR1inWyg,False,False
L28_V001,media-info-aic25-b1\media-info\L28_V001.json,True,,,True,HTV Entertainment,UCbq8aOyj9ZtIqcD-0MwG1fQ,"Tản Mạn Mê Kông, Đến Và Ở Lại  TẬP 1  342024",02/05/2024,,2024-05-02,,1267,True,982,12,https://youtube.com/watch?v=NsjPtzHAP9k,NsjPtzHAP9k,False,False
L28_V002,media-info-aic25-b1\media-info\L28_V002.json,True,,,True,HTV Entertainment,UCbq8aOyj9ZtIqcD-0MwG1fQ,"Tản Mạn Mê Kông, Đến Và Ở Lại  TẬP 2  1142024",02/05/2024,,2024-05-02,,1151,True,982,9,https://youtube.com/watch?v=P-2w4ZQ8cfY,P-2w4ZQ8cfY,False,False
L28_V003,media-info-aic25-b1\media-info\L28_V003.json,True,,,True,HTV Entertainment,UCbq8aOyj9ZtIqcD-0MwG1fQ,"Tản Mạn Mê Kông, Đến Và Ở Lại  TẬP 3  252024",02/05/2024,,2024-05-02,,1151,True,982,10,https://youtube.com/watch?v=drvFdl-YyEg,drvFdl-YyEg,False,False
L28_V004,media-info-aic25-b1\media-info\L28_V004.json,True,,,True,HTV Entertainment,UCbq8aOyj9ZtIqcD-0MwG1fQ,"Tản Mạn Mê Kông, Đến Và Ở Lại  TẬP 5  252024",02/05/2024,,2024-05-02,,1123,True,983,13,https://youtube.com/watch?v=TvAkmSILNAI,TvAkmSILNAI,False,False
L28_V005,media-info-aic25-b1\media-info\L28_V005.json,True,,,True,HTV Entertainment,UCbq8aOyj9ZtIqcD-0MwG1fQ,"Tản Mạn Mê Kông, Đến Và Ở Lại  TẬP 4  2242024",02/05/2024,,2024-05-02,,1127,True,982,10,https://youtube.com/watch?v=mZ3T2GFsxF8,mZ3T2GFsxF8,False,False
L28_V006,media-info-aic25-b1\media-info\L28_V006.json,True,,,True,HTV Entertainment,UCbq8aOyj9ZtIqcD-0MwG1fQ,"Tản Mạn Mê Kông, Đến Và Ở Lại  TẬP 6  952024",09/05/2024,,2024-05-09,,1137,True,983,13,https://youtube.com/watch?v=yATaJAabU7o,yATaJAabU7o,False,False
L28_V007,media-info-aic25-b1\media-info\L28_V007.json,True,,,True,HTV Entertainment,UCbq8aOyj9ZtIqcD-0MwG1fQ,"Tản Mạn Mê Kông, Đến Và Ở Lại  TẬP 7  1652024",16/05/2024,,2024-05-16,,1130,True,984,13,https://youtube.com/watch?v=qJb7coqrBPs,qJb7coqrBPs,False,False
L28_V008,media-info-aic25-b1\media-info\L28_V008.json,True,,,True,HTV Entertainment,UCbq8aOyj9ZtIqcD-0MwG1fQ,"Tản Mạn Mê Kông, Đến Và Ở Lại  TẬP 8  2352024",23/05/2024,,2024-05-23,,1118,True,983,13,https://youtube.com/watch?v=CGG6plMAZAI,CGG6plMAZAI,False,False
L28_V009,media-info-aic25-b1\media-info\L28_V009.json,True,,,True,HTV Entertainment,UCbq8aOyj9ZtIqcD-0MwG1fQ,"Tản Mạn Mê Kông, Đến Và Ở Lại  TẬP 9  3052024",30/05/2024,,2024-05-30,,1139,True,983,13,https://youtube.com/watch?v=uYy6Wjn5shc,uYy6Wjn5shc,False,False
L28_V010,media-info-aic25-b1\media-info\L28_V010.json,True,,,True,HTV Entertainment,UCbq8aOyj9ZtIqcD-0MwG1fQ,"Tản Mạn Mê Kông, Đến Và Ở Lại  TẬP 10  662024",06/06/2024,,2024-06-06,,1121,True,983,13,https://youtube.com/watch?v=00vX5XaaR1g,00vX5XaaR1g,False,False
L28_V011,media-info-aic25-b1\media-info\L28_V011.json,True,,,True,HTV Entertainment,UCbq8aOyj9ZtIqcD-0MwG1fQ,"Tản Mạn Mê Kông, Đến Và Ở Lại  TẬP 11  1352024",13/06/2024,,2024-06-13,,1141,True,983,13,https://youtube.com/watch?v=1uRzTNscALU,1uRzTNscALU,False,False
L28_V012,media-info-aic25-b1\media-info\L28_V012.json,True,,,True,HTV Entertainment,UCbq8aOyj9ZtIqcD-0MwG1fQ,"Tản Mạn Mê Kông, Đến Và Ở Lại  TẬP 12  2762024",27/06/2024,,2024-06-27,,1137,True,983,13,https://youtube.com/watch?v=3XVfUsKAqZs,3XVfUsKAqZs,False,False
L28_V013,media-info-aic25-b1\media-info\L28_V013.json,True,,,True,HTV Entertainment,UCbq8aOyj9ZtIqcD-0MwG1fQ,"Tản Mạn Mê Kông, Đến Và Ở Lại  TẬP 13  472024",04/07/2024,,2024-07-04,,1130,True,983,13,https://youtube.com/watch?v=ngVtBZ5euhM,ngVtBZ5euhM,False,False
L28_V014,media-info-aic25-b1\media-info\L28_V014.json,True,,,True,HTV Entertainment,UCbq8aOyj9ZtIqcD-0MwG1fQ,"Tản Mạn Mê Kông, Đến Và Ở Lại  TẬP 14  1172024",11/07/2024,,2024-07-11,,1131,True,983,13,https://youtube.com/watch?v=JuldTsGDanc,JuldTsGDanc,False,False
L28_V015,media-info-aic25-b1\media-info\L28_V015.json,True,,,True,HTV Entertainment,UCbq8aOyj9ZtIqcD-0MwG1fQ,"Tản Mạn Mê Kông, Đến Và Ở Lại  TẬP 15  1872024",18/07/2024,,2024-07-18,,1130,True,982,13,https://youtube.com/watch?v=Khd020nLqc4,Khd020nLqc4,False,False
L28_V016,media-info-aic25-b1\media-info\L28_V016.json,True,,,True,HTV Entertainment,UCbq8aOyj9ZtIqcD-0MwG1fQ,"Tản Mạn Mê Kông, Đến Và Ở Lại  TẬP 16  182024",01/08/2024,,2024-08-01,,1169,True,1022,13,https://youtube.com/watch?v=Fd0RDp8WRYs,Fd0RDp8WRYs,False,False
L28_V017,media-info-aic25-b1\media-info\L28_V017.json,True,,,True,HTV Entertainment,UCbq8aOyj9ZtIqcD-0MwG1fQ,"Tản Mạn Mê Kông, Đến Và Ở Lại  TẬP 17  882024",08/08/2024,,2024-08-08,,1170,True,1000,13,https://youtube.com/watch?v=2V7ehQvX5vc,2V7ehQvX5vc,False,False
L28_V018,media-info-aic25-b1\media-info\L28_V018.json,True,,,True,HTV Entertainment,UCbq8aOyj9ZtIqcD-0MwG1fQ,"Tản Mạn Mê Kông, Đến Và Ở Lại  TẬP 18  1582024",15/08/2024,,2024-08-15,,1130,True,1000,13,https://youtube.com/watch?v=ZpgX2kDHSRY,ZpgX2kDHSRY,False,False
L28_V019,media-info-aic25-b1\media-info\L28_V019.json,True,,,True,HTV Entertainment,UCbq8aOyj9ZtIqcD-0MwG1fQ,"Tản Mạn Mê Kông, Đến Và Ở Lại  TẬP 19  2282024",22/08/2024,,2024-08-22,,1134,True,1000,13,https://youtube.com/watch?v=QUJ1H3R_8Cw,QUJ1H3R_8Cw,False,False
L28_V020,media-info-aic25-b1\media-info\L28_V020.json,True,,,True,HTV Entertainment,UCbq8aOyj9ZtIqcD-0MwG1fQ,"Tản Mạn Mê Kông, Đến Và Ở Lại  TẬP 20  2982024",29/08/2024,,2024-08-29,,1099,True,1000,13,https://youtube.com/watch?v=Roat2usqL5M,Roat2usqL5M,False,False
L28_V021,media-info-aic25-b1\media-info\L28_V021.json,True,,,True,HTV Entertainment,UCbq8aOyj9ZtIqcD-0MwG1fQ,"Tản Mạn Mê Kông, Đến Và Ở Lại  TẬP 21  592024",05/09/2024,,2024-09-05,,1130,True,1000,13,https://youtube.com/watch?v=9emEf_l9VYY,9emEf_l9VYY,False,False
L28_V022,media-info-aic25-b1\media-info\L28_V022.json,True,,,True,HTV Entertainment,UCbq8aOyj9ZtIqcD-0MwG1fQ,"Tản Mạn Mê Kông, Đến Và Ở Lại  TẬP 22  1292024",12/09/2024,,2024-09-12,,1106,True,1000,13,https://youtube.com/watch?v=2epORUZoAVA,2epORUZoAVA,False,False
L28_V023,media-info-aic25-b1\media-info\L28_V023.json,True,,,True,HTV Entertainment,UCbq8aOyj9ZtIqcD-0MwG1fQ,"Tản Mạn Mê Kông, Đến Và Ở Lại  TẬP 24 Sự hội nhập của cộng đồng dân tộc Khơ Me  1992024",19/09/2024,,2024-09-19,,1094,True,1000,13,https://youtube.com/watch?v=-CuZ6u6T4eM,-CuZ6u6T4eM,False,False
L28_V024,media-info-aic25-b1\media-info\L28_V024.json,True,,,True,HTV Entertainment,UCbq8aOyj9ZtIqcD-0MwG1fQ,"Tản Mạn Mê Kông, Đến Và Ở Lại  TẬP 24  2692024",26/09/2024,,2024-09-26,,1126,True,1000,13,https://youtube.com/watch?v=z-n2TiNYzkk,z-n2TiNYzkk,False,False
L29_V001,media-info-aic25-b1\media-info\L29_V001.json,True,,,True,HTV Entertainment,UCbq8aOyj9ZtIqcD-0MwG1fQ,Đôi Mắt MeKong  Tập 3  Nghề đan đát,30/04/2024,,2024-04-30,,1083,True,1097,0,https://youtube.com/watch?v=eIGo6ijIfXI,eIGo6ijIfXI,False,False
L29_V002,media-info-aic25-b1\media-info\L29_V002.json,True,,,True,HTV Entertainment,UCbq8aOyj9ZtIqcD-0MwG1fQ,Đôi Mắt MeKong  Tập 2  Cua Cà Mau,29/04/2024,,2024-04-29,,1047,True,1494,0,https://youtube.com/watch?v=wtvd-QeSJbI,wtvd-QeSJbI,False,False
L29_V003,media-info-aic25-b1\media-info\L29_V003.json,True,,,True,HTV Entertainment,UCbq8aOyj9ZtIqcD-0MwG1fQ,Đôi Mắt MeKong  Tập 1  Vườn cò Tư Sự,29/04/2024,,2024-04-29,,1047,True,1070,9,https://youtube.com/watch?v=nYSWDBktoD4,nYSWDBktoD4,False,False
L29_V004,media-info-aic25-b1\media-info\L29_V004.json,True,,,True,HTV Entertainment,UCbq8aOyj9ZtIqcD-0MwG1fQ,Đôi Mắt Mê Kông  Tập 4 Gác Kèo Ong  26042024,02/05/2024,2024-04-26,2024-05-02,False,1073,True,983,9,https://youtube.com/watch?v=VGGQv1S47wk,VGGQv1S47wk,False,False
L29_V005,media-info-aic25-b1\media-info\L29_V005.json,True,,,True,HTV Entertainment,UCbq8aOyj9ZtIqcD-0MwG1fQ,Đôi Mắt Mê Kông  TẬP 5  352024,03/05/2024,,2024-05-03,,1069,True,983,9,https://youtube.com/watch?v=DOiWrnu9pDQ,DOiWrnu9pDQ,False,False
L29_V006,media-info-aic25-b1\media-info\L29_V006.json,True,,,True,HTV Entertainment,UCbq8aOyj9ZtIqcD-0MwG1fQ,Đôi Mắt Mê Kông  TẬP 6 Nhớ con ba khía Cà Mau  1052024,10/05/2024,,2024-05-10,,1076,True,983,9,https://youtube.com/watch?v=rnkWGeN6NeQ,rnkWGeN6NeQ,False,False
L29_V007,media-info-aic25-b1\media-info\L29_V007.json,True,,,True,HTV Entertainment,UCbq8aOyj9ZtIqcD-0MwG1fQ,Đôi Mắt Mê Kông  TẬP 7  1752024,17/05/2024,,2024-05-17,,1073,True,984,9,https://youtube.com/watch?v=WvQyARkVfaw,WvQyARkVfaw,False,False
L29_V008,media-info-aic25-b1\media-info\L29_V008.json,True,,,True,HTV Entertainment,UCbq8aOyj9ZtIqcD-0MwG1fQ,Đôi Mắt Mê Kông  TẬP 8 Làng tôm khô Rạch Gốc  2452024,24/05/2024,,2024-05-24,,1062,True,984,9,https://youtube.com/watch?v=2-1IsZt5gO4,2-1IsZt5gO4,False,False
L29_V009,media-info-aic25-b1\media-info\L29_V009.json,True,,,True,HTV Entertainment,UCbq8aOyj9ZtIqcD-0MwG1fQ,Đôi Mắt Mê Kông  TẬP 9  3152024,31/05/2024,,2024-05-31,,1077,True,984,9,https://youtube.com/watch?v=r2piPBjdWh4,r2piPBjdWh4,False,False
L29_V010,media-info-aic25-b1\media-info\L29_V010.json,True,,,True,HTV Entertainment,UCbq8aOyj9ZtIqcD-0MwG1fQ,Đôi Mắt Mê Kông  TẬP 10  762024,07/06/2024,,2024-06-07,,1055,True,984,9,https://youtube.com/watch?v=u3Y_ngROflM,u3Y_ngROflM,False,False
L29_V011,media-info-aic25-b1\media-info\L29_V011.json,True,,,True,HTV Entertainment,UCbq8aOyj9ZtIqcD-0MwG1fQ,Đôi Mắt Mê Kông  TẬP 11  1462024,14/06/2024,,2024-06-14,,1076,True,946,9,https://youtube.com/watch?v=RilnkY0S9Ik,RilnkY0S9Ik,False,False
L29_V012,media-info-aic25-b1\media-info\L29_V012.json,True,,,True,HTV Entertainment,UCbq8aOyj9ZtIqcD-0MwG1fQ,Đôi Mắt Mê Kông  TẬP 12  2862024,28/06/2024,,2024-06-28,,1061,True,983,9,https://youtube.com/watch?v=JmOtq-8ph_U,JmOtq-8ph_U,False,False
L29_V013,media-info-aic25-b1\media-info\L29_V013.json,True,,,True,HTV Entertainment,UCbq8aOyj9ZtIqcD-0MwG1fQ,Đôi Mắt Mê Kông  TẬP 13  1272024,12/07/2024,,2024-07-12,,1073,True,983,9,https://youtube.com/watch?v=dkfc-Bd3dac,dkfc-Bd3dac,False,False
L29_V014,media-info-aic25-b1\media-info\L29_V014.json,True,,,True,HTV Entertainment,UCbq8aOyj9ZtIqcD-0MwG1fQ,Đôi Mắt Mê Kông  TẬP 14  1972024,19/07/2024,,2024-07-19,,1027,True,983,9,https://youtube.com/watch?v=dlkqreqM78g,dlkqreqM78g,False,False
L29_V015,media-info-aic25-b1\media-info\L29_V015.json,True,,,True,HTV Entertainment,UCbq8aOyj9ZtIqcD-0MwG1fQ,Đôi Mắt Mê Kông  TẬP 15  282024,02/08/2024,,2024-08-02,,1081,True,983,9,https://youtube.com/watch?v=H8SyI38Rd-M,H8SyI38Rd-M,False,False
L29_V016,media-info-aic25-b1\media-info\L29_V016.json,True,,,True,HTV Entertainment,UCbq8aOyj9ZtIqcD-0MwG1fQ,Đôi Mắt Mê Kông  TẬP 16 Chồn Hương Cà Mau  982024,09/08/2024,,2024-08-09,,1065,True,983,9,https://youtube.com/watch?v=eIIFK5Eq2SM,eIIFK5Eq2SM,False,False
L29_V017,media-info-aic25-b1\media-info\L29_V017.json,True,,,True,HTV Entertainment,UCbq8aOyj9ZtIqcD-0MwG1fQ,Đôi Mắt Mê Kông  TẬP 17  1682024,16/08/2024,,2024-08-16,,1083,True,961,9,https://youtube.com/watch?v=g7fxVyYXRts,g7fxVyYXRts,False,False
L29_V018,media-info-aic25-b1\media-info\L29_V018.json,True,,,True,HTV Entertainment,UCbq8aOyj9ZtIqcD-0MwG1fQ,Đôi Mắt Mê Kông  TẬP 18  2382024,23/08/2024,,2024-08-23,,1096,True,961,9,https://youtube.com/watch?v=P_XTsXOuMcg,P_XTsXOuMcg,False,False
L29_V019,media-info-aic25-b1\media-info\L29_V019.json,True,,,True,HTV Entertainment,UCbq8aOyj9ZtIqcD-0MwG1fQ,Đôi Mắt Mê Kông  TẬP 19  3082024,04/09/2024,,2024-09-04,,1065,True,961,10,https://youtube.com/watch?v=5sItinhLIDI,5sItinhLIDI,False,False
L29_V020,media-info-aic25-b1\media-info\L29_V020.json,True,,,True,HTV Entertainment,UCbq8aOyj9ZtIqcD-0MwG1fQ,Đôi Mắt Mê Kông  TẬP 20  692024,06/09/2024,,2024-09-06,,1089,True,961,9,https://youtube.com/watch?v=xz46Hs9awuc,xz46Hs9awuc,False,False
L29_V021,media-info-aic25-b1\media-info\L29_V021.json,True,,,True,HTV Entertainment,UCbq8aOyj9ZtIqcD-0MwG1fQ,Đôi Mắt Mê Kông  TẬP 21  1392024,13/09/2024,,2024-09-13,,1080,True,961,9,https://youtube.com/watch?v=wqEyM3rGuWs,wqEyM3rGuWs,False,False
L29_V022,media-info-aic25-b1\media-info\L29_V022.json,True,,,True,HTV Entertainment,UCbq8aOyj9ZtIqcD-0MwG1fQ,Đôi Mắt Mê Kông  TẬP 22 Nghề làm mắm cá đồng Thới Bình (2092024),20/09/2024,,2024-09-20,,1090,True,961,9,https://youtube.com/watch?v=bPeuYIROeTA,bPeuYIROeTA,False,False
L29_V023,media-info-aic25-b1\media-info\L29_V023.json,True,,,True,HTV Entertainment,UCbq8aOyj9ZtIqcD-0MwG1fQ,Đôi Mắt Mê Kông  TẬP 23  2792024,27/09/2024,,2024-09-27,,1082,True,961,9,https://youtube.com/watch?v=vgQQe1AS9Y4,vgQQe1AS9Y4,False,False
L30_V001,media-info-aic25-b1\media-info\L30_V001.json,True,,,True,Báo Tuổi Trẻ,UC47WI-kZXFf0H_f7pvaNCEQ,Lan tỏa năng lượng tích cực 2024 Chàng trai ‘hồi sinh’ xe đạp tặng người nghèo,10/10/2024,,2024-10-10,,127,True,1157,13,https://youtube.com/watch?v=-3DpZteWZW4,-3DpZteWZW4,False,False
L30_V002,media-info-aic25-b1\media-info\L30_V002.json,True,,,True,Báo Tuổi Trẻ,UC47WI-kZXFf0H_f7pvaNCEQ,Lan tỏa năng lượng tích cực 2024 Nuôi ước mơ gieo con chữ cho người nghèo,10/10/2024,,2024-10-10,,165,True,1227,13,https://youtube.com/watch?v=49QGabZZdHI,49QGabZZdHI,False,False
L30_V003,media-info-aic25-b1\media-info\L30_V003.json,True,,,True,Báo Tuổi Trẻ,UC47WI-kZXFf0H_f7pvaNCEQ,Lan tỏa năng lượng tích cực 2024 Truyền cảm hứng với tinh thần tự học,08/10/2024,,2024-10-08,,324,True,1384,17,https://youtube.com/watch?v=fmE7xoSNjcU,fmE7xoSNjcU,False,False
L30_V004,media-info-aic25-b1\media-info\L30_V004.json,True,,,True,Báo Tuổi Trẻ,UC47WI-kZXFf0H_f7pvaNCEQ,Lan tỏa năng lượng tích cực 2024 Hãy làm cho mẹ tự hào!,08/10/2024,,2024-10-08,,240,True,1366,18,https://youtube.com/watch?v=Tw8amdW5_kY,Tw8amdW5_kY,False,False
L30_V005,media-info-aic25-b1\media-info\L30_V005.json,True,,,True,Báo Tuổi Trẻ,UC47WI-kZXFf0H_f7pvaNCEQ,Lan tỏa năng lượng tích cực 2024 Lan tỏa phong trào hiến máu tình nguyện,06/10/2024,,2024-10-06,,66,True,1421,15,https://youtube.com/watch?v=xhwVO3V9oi0,xhwVO3V9oi0,False,False
L30_V006,media-info-aic25-b1\media-info\L30_V006.json,True,,,True,Báo Tuổi Trẻ,UC47WI-kZXFf0H_f7pvaNCEQ,Lan tỏa năng lượng tích cực 2024 Ban nhạc học sinh lan tỏa niềm vui qua câu hát,06/10/2024,,2024-10-06,,186,True,1223,11,https://youtube.com/watch?v=VFlp6KZL3uI,VFlp6KZL3uI,False,False
L30_V007,media-info-aic25-b1\media-info\L30_V007.json,True,,,True,Báo Tuổi Trẻ,UC47WI-kZXFf0H_f7pvaNCEQ,Lan tỏa năng lượng tích cực 2024 Giúp nhau học tốt,03/10/2024,,2024-10-03,,312,True,1397,16,https://youtube.com/watch?v=aW1gnfvMIag,aW1gnfvMIag,False,False
L30_V008,media-info-aic25-b1\media-info\L30_V008.json,True,,,True,Báo Tuổi Trẻ,UC47WI-kZXFf0H_f7pvaNCEQ,Lan tỏa năng lượng tích cực 2024 Nỗ lực khôi phục nghệ thuật xưa,02/10/2024,,2024-10-02,,205,True,1172,11,https://youtube.com/watch?v=wy7GtcNaVZU,wy7GtcNaVZU,False,False
L30_V009,media-info-aic25-b1\media-info\L30_V009.json,True,,,True,Báo Tuổi Trẻ,UC47WI-kZXFf0H_f7pvaNCEQ,Lan tỏa năng lượng tích cực 2024 Sử dụng mạng xã hội để làm điều có ích,02/10/2024,,2024-10-02,,422,True,1176,11,https://youtube.com/watch?v=gsR4rCct7RE,gsR4rCct7RE,False,False
L30_V010,media-info-aic25-b1\media-info\L30_V010.json,True,,,True,Báo Tuổi Trẻ,UC47WI-kZXFf0H_f7pvaNCEQ,Lan tỏa năng lượng tích cực 2024 ‘Gieo chữ’ cho học sinh nghèo,01/10/2024,,2024-10-01,,166,True,1382,17,https://youtube.com/watch?v=zOJqflPAaxk,zOJqflPAaxk,False,False
L30_V011,media-info-aic25-b1\media-info\L30_V011.json,True,,,True,Báo Tuổi Trẻ,UC47WI-kZXFf0H_f7pvaNCEQ,Lan tỏa năng lượng tích cực 2024 Chúng ta hãy giúp đỡ động vật,29/09/2024,,2024-09-29,,75,True,1174,13,https://youtube.com/watch?v=TE9WlQX9O8Y,TE9WlQX9O8Y,False,False
L30_V012,media-info-aic25-b1\media-info\L30_V012.json,True,,,True,Báo Tuổi Trẻ,UC47WI-kZXFf0H_f7pvaNCEQ,Lan tỏa năng lượng tích cực 2024 Cỏ thủy tinh trên đất thép,29/09/2024,,2024-09-29,,320,True,1146,12,https://youtube.com/watch?v=IQ-dAO4DtLY,IQ-dAO4DtLY,False,False
L30_V013,media-info-aic25-b1\media-info\L30_V013.json,True,,,True,Báo Tuổi Trẻ,UC47WI-kZXFf0H_f7pvaNCEQ,Lan tỏa năng lượng tích cực 2024 Theo đuổi ước mơ làm giàu từ đam mê,28/09/2024,,2024-09-28,,81,True,1177,15,https://youtube.com/watch?v=ZTrhZW1Mu44,ZTrhZW1Mu44,False,False
L30_V014,media-info-aic25-b1\media-info\L30_V014.json,True,,,True,Báo Tuổi Trẻ,UC47WI-kZXFf0H_f7pvaNCEQ,Lan tỏa năng lượng tích cực 2024 Tiệm sách miễn phí ‘3 không’ ở Sài Gòn,28/09/2024,,2024-09-28,,114,True,1170,11,https://youtube.com/watch?v=UBROYKS3SQE,UBROYKS3SQE,False,False
L30_V015,media-info-aic25-b1\media-info\L30_V015.json,True,,,True,Báo Tuổi Trẻ,UC47WI-kZXFf0H_f7pvaNCEQ,Lan tỏa năng lượng tích cực 2024 Hãy làm phong phú cuộc sống của bạn!,27/09/2024,,2024-09-27,,272,True,1339,18,https://youtube.com/watch?v=A1vwxmEFNFo,A1vwxmEFNFo,False,False
L30_V016,media-info-aic25-b1\media-info\L30_V016.json,True,,,True,Báo Tuổi Trẻ,UC47WI-kZXFf0H_f7pvaNCEQ,Lan tỏa năng lượng tích cực 2024 Cùng nhau lan tỏa yêu thương,26/09/2024,,2024-09-26,,138,True,1221,11,https://youtube.com/watch?v=3yXbJYJWOQY,3yXbJYJWOQY,False,False
L30_V017,media-info-aic25-b1\media-info\L30_V017.json,True,,,True,Báo Tuổi Trẻ,UC47WI-kZXFf0H_f7pvaNCEQ,Lan tỏa năng lượng tích cực 2024 Thanh âm diệu kỳ của trống Hang-drum,26/09/2024,,2024-09-26,,291,True,1341,15,https://youtube.com/watch?v=GXNXxVZiKwg,GXNXxVZiKwg,False,False
L30_V018,media-info-aic25-b1\media-info\L30_V018.json,True,,,True,Báo Tuổi Trẻ,UC47WI-kZXFf0H_f7pvaNCEQ,Lan tỏa năng lượng tích cực 2024 Trái tim người thầy thuốc,22/09/2024,,2024-09-22,,378,True,1171,11,https://youtube.com/watch?v=B1caF2UNKYM,B1caF2UNKYM,False,False
L30_V019,media-info-aic25-b1\media-info\L30_V019.json,True,,,True,Báo Tuổi Trẻ,UC47WI-kZXFf0H_f7pvaNCEQ,Lan tỏa năng lượng tích cực 2024 Lan tỏa tinh thần tương trợ,22/09/2024,,2024-09-22,,175,True,1388,15,https://youtube.com/watch?v=uLKK8dCYLA0,uLKK8dCYLA0,False,False
L30_V020,media-info-aic25-b1\media-info\L30_V020.json,True,,,True,Báo Tuổi Trẻ,UC47WI-kZXFf0H_f7pvaNCEQ,Lan tỏa năng lượng tích cực 2024 Tấm lòng hướng về những bệnh nhân nghèo,19/09/2024,,2024-09-19,,141,True,1319,16,https://youtube.com/watch?v=IWROho5sjF4,IWROho5sjF4,False,False
L30_V021,media-info-aic25-b1\media-info\L30_V021.json,True,,,True,Báo Tuổi Trẻ,UC47WI-kZXFf0H_f7pvaNCEQ,Lan tỏa năng lượng tích cực 2024 Chung tay chia sẻ yêu thương,19/09/2024,,2024-09-19,,126,True,1348,15,https://youtube.com/watch?v=sOtGZ_7XXSA,sOtGZ_7XXSA,False,False
L30_V022,media-info-aic25-b1\media-info\L30_V022.json,True,,,True,Báo Tuổi Trẻ,UC47WI-kZXFf0H_f7pvaNCEQ,Lan tỏa năng lượng tích cực 2024 Trung thu ý nghĩa,18/09/2024,,2024-09-18,,117,True,1206,11,https://youtube.com/watch?v=RStRfBY39hU,RStRfBY39hU,False,False
L30_V023,media-info-aic25-b1\media-info\L30_V023.json,True,,,True,Báo Tuổi Trẻ,UC47WI-kZXFf0H_f7pvaNCEQ,Lan tỏa năng lượng tích cực 2024 Tình nghĩa đồng bào,18/09/2024,,2024-09-18,,235,True,1216,11,https://youtube.com/watch?v=QrckUWVBXM4,QrckUWVBXM4,False,False
L30_V024,media-info-aic25-b1\media-info\L30_V024.json,True,,,True,Báo Tuổi Trẻ,UC47WI-kZXFf0H_f7pvaNCEQ,Lan tỏa năng lượng tích cực 2024 Sáng tạo góp phần nâng tầm bánh kem,17/09/2024,,2024-09-17,,136,True,1229,13,https://youtube.com/watch?v=XWfzuNXMg0I,XWfzuNXMg0I,False,False
L30_V025,media-info-aic25-b1\media-info\L30_V025.json,True,,,True,Báo Tuổi Trẻ,UC47WI-kZXFf0H_f7pvaNCEQ,Lan tỏa năng lượng tích cực 2024 Âm nhạc nâng đỡ tâm hồn người yếu thế,17/09/2024,,2024-09-17,,248,True,1228,11,https://youtube.com/watch?v=ig2iI8azYTU,ig2iI8azYTU,False,False
L30_V026,media-info-aic25-b1\media-info\L30_V026.json,True,,,True,Báo Tuổi Trẻ,UC47WI-kZXFf0H_f7pvaNCEQ,Lan tỏa năng lượng tích cực 2024 Sinh viên dựng kịch nói tôn vinh Việt phục,16/09/2024,,2024-09-16,,182,True,1233,11,https://youtube.com/watch?v=zOC3PjaOmpU,zOC3PjaOmpU,False,False
L30_V027,media-info-aic25-b1\media-info\L30_V027.json,True,,,True,Báo Tuổi Trẻ,UC47WI-kZXFf0H_f7pvaNCEQ,Lan tỏa năng lượng tích cực 2024 15 tập nhật ký lưu giữ ký ức,16/09/2024,,2024-09-16,,351,True,1215,11,https://youtube.com/watch?v=BNQ36v3g_38,BNQ36v3g_38,False,False
L30_V028,media-info-aic25-b1\media-info\L30_V028.json,True,,,True,Báo Tuổi Trẻ,UC47WI-kZXFf0H_f7pvaNCEQ,Lan tỏa năng lượng tích cực 2024 Thỏa sức sáng tạo dù ở bất cứ độ tuổi nào,13/09/2024,,2024-09-13,,245,True,1400,15,https://youtube.com/watch?v=zU7WeOX915I,zU7WeOX915I,False,False
L30_V029,media-info-aic25-b1\media-info\L30_V029.json,True,,,True,Báo Tuổi Trẻ,UC47WI-kZXFf0H_f7pvaNCEQ,Lan tỏa năng lượng tích cực 2024 Khởi nghiệp từ dự án làm khóa luận tốt nghiệp,13/09/2024,,2024-09-13,,313,True,1345,18,https://youtube.com/watch?v=6KXhreofgZo,6KXhreofgZo,False,False
L30_V030,media-info-aic25-b1\media-info\L30_V030.json,True,,,True,Báo Tuổi Trẻ,UC47WI-kZXFf0H_f7pvaNCEQ,Lan tỏa năng lượng tích cực 2024 Thắp sáng tương lai bằng con chữ,11/09/2024,,2024-09-11,,344,True,1207,13,https://youtube.com/watch?v=ZdRtPntRebI,ZdRtPntRebI,False,False
L30_V031,media-info-aic25-b1\media-info\L30_V031.json,True,,,True,Báo Tuổi Trẻ,UC47WI-kZXFf0H_f7pvaNCEQ,Lan tỏa năng lượng tích cực 2024 Nghĩa tình đồng bào,11/09/2024,,2024-09-11,,140,True,1228,14,https://youtube.com/watch?v=IGK0b-SsBT8,IGK0b-SsBT8,False,False
L30_V032,media-info-aic25-b1\media-info\L30_V032.json,True,,,True,Báo Tuổi Trẻ,UC47WI-kZXFf0H_f7pvaNCEQ,Lan tỏa năng lượng tích cực 2024 Bệnh tật không đánh gục giấc mơ đại học,09/09/2024,,2024-09-09,,250,True,1130,11,https://youtube.com/watch?v=A1YYKssUaSM,A1YYKssUaSM,False,False
L30_V033,media-info-aic25-b1\media-info\L30_V033.json,True,,,True,Báo Tuổi Trẻ,UC47WI-kZXFf0H_f7pvaNCEQ,Lan tỏa năng lượng tích cực 2024 Biết ơn và trân trọng thiên nhiên,08/09/2024,,2024-09-08,,343,True,1279,17,https://youtube.com/watch?v=YCbabfKHttc,YCbabfKHttc,False,False
L30_V034,media-info-aic25-b1\media-info\L30_V034.json,True,,,True,Báo Tuổi Trẻ,UC47WI-kZXFf0H_f7pvaNCEQ,Lan tỏa năng lượng tích cực 2024 Lớp học đong đầy yêu thương,08/09/2024,,2024-09-08,,265,True,1251,15,https://youtube.com/watch?v=azvN9E0FCYQ,azvN9E0FCYQ,False,False
L30_V035,media-info-aic25-b1\media-info\L30_V035.json,True,,,True,Báo Tuổi Trẻ,UC47WI-kZXFf0H_f7pvaNCEQ,Lan tỏa năng lượng tích cực 2024 Giữ cho làng chiếu mãi tươi màu,07/09/2024,,2024-09-07,,80,True,1167,13,https://youtube.com/watch?v=3SVVqwSgEts,3SVVqwSgEts,False,False
L30_V036,media-info-aic25-b1\media-info\L30_V036.json,True,,,True,Báo Tuổi Trẻ,UC47WI-kZXFf0H_f7pvaNCEQ,Lan tỏa năng lượng tích cực 2024 Du lịch miệt vườn - cách chữa lành tích cực,07/09/2024,,2024-09-07,,83,True,1184,14,https://youtube.com/watch?v=hIYbICLJGHU,hIYbICLJGHU,False,False
L30_V037,media-info-aic25-b1\media-info\L30_V037.json,True,,,True,Báo Tuổi Trẻ,UC47WI-kZXFf0H_f7pvaNCEQ,"Lan tỏa năng lượng tích cực 2024 Vượt qua bạo bệnh, lan tỏa năng lượng tích cực",06/09/2024,,2024-09-06,,219,True,1177,11,https://youtube.com/watch?v=REoDm1UvwWQ,REoDm1UvwWQ,False,False
L30_V038,media-info-aic25-b1\media-info\L30_V038.json,True,,,True,Báo Tuổi Trẻ,UC47WI-kZXFf0H_f7pvaNCEQ,Lan tỏa năng lượng tích cực 2024 Hoa nhân ái,05/09/2024,,2024-09-05,,253,True,1241,13,https://youtube.com/watch?v=04XAyCRw-r4,04XAyCRw-r4,False,False
L30_V039,media-info-aic25-b1\media-info\L30_V039.json,True,,,True,Báo Tuổi Trẻ,UC47WI-kZXFf0H_f7pvaNCEQ,Lan tỏa năng lượng tích cực 2024 ‘Gieo chữ’ cho học trò nghèo,05/09/2024,,2024-09-05,,273,True,1224,12,https://youtube.com/watch?v=dwz3Pu_5_Oo,dwz3Pu_5_Oo,False,False
L30_V040,media-info-aic25-b1\media-info\L30_V040.json,True,,,True,Báo Tuổi Trẻ,UC47WI-kZXFf0H_f7pvaNCEQ,Lan tỏa năng lượng tích cực 2024 Mái ấm của những chú mèo hoang,04/09/2024,,2024-09-04,,65,True,1254,16,https://youtube.com/watch?v=-SYD0wQjPd4,-SYD0wQjPd4,False,False
L30_V041,media-info-aic25-b1\media-info\L30_V041.json,True,,,True,Báo Tuổi Trẻ,UC47WI-kZXFf0H_f7pvaNCEQ,Lan tỏa năng lượng tích cực 2024 Tìm về hồi ức tuổi thơ,04/09/2024,,2024-09-04,,84,True,1195,11,https://youtube.com/watch?v=0D9KW8W5Mdo,0D9KW8W5Mdo,False,False
L30_V042,media-info-aic25-b1\media-info\L30_V042.json,True,,,True,Báo Tuổi Trẻ,UC47WI-kZXFf0H_f7pvaNCEQ,Lan tỏa năng lượng tích cực 2024 Kiến thức bao la từ mái chùa,03/09/2024,,2024-09-03,,111,True,1158,13,https://youtube.com/watch?v=SUYmkr_-7BM,SUYmkr_-7BM,False,False
L30_V043,media-info-aic25-b1\media-info\L30_V043.json,True,,,True,Báo Tuổi Trẻ,UC47WI-kZXFf0H_f7pvaNCEQ,Lan tỏa năng lượng tích cực 2024 Quán trọ bao dung,02/09/2024,,2024-09-02,,185,True,1195,13,https://youtube.com/watch?v=xZ-h9mdkAJQ,xZ-h9mdkAJQ,False,False
L30_V044,media-info-aic25-b1\media-info\L30_V044.json,True,,,True,Báo Tuổi Trẻ,UC47WI-kZXFf0H_f7pvaNCEQ,Lan tỏa năng lượng tích cực 2024 Quán cà phê của sự tử tế,02/09/2024,,2024-09-02,,133,True,1166,12,https://youtube.com/watch?v=iKakpS0KqWw,iKakpS0KqWw,False,False
L30_V045,media-info-aic25-b1\media-info\L30_V045.json,True,,,True,Báo Tuổi Trẻ,UC47WI-kZXFf0H_f7pvaNCEQ,Lan tỏa năng lượng tích cực 2024 Khơi dậy tình yêu nghề truyền thống,31/08/2024,,2024-08-31,,328,True,1183,11,https://youtube.com/watch?v=EWX1ttKXD7M,EWX1ttKXD7M,False,False
L30_V046,media-info-aic25-b1\media-info\L30_V046.json,True,,,True,Báo Tuổi Trẻ,UC47WI-kZXFf0H_f7pvaNCEQ,Lan tỏa năng lượng tích cực 2024 Dành tình thương cho người yếu thế,31/08/2024,,2024-08-31,,277,True,1359,18,https://youtube.com/watch?v=iE0x-jNnoOo,iE0x-jNnoOo,False,False
L30_V047,media-info-aic25-b1\media-info\L30_V047.json,True,,,True,Báo Tuổi Trẻ,UC47WI-kZXFf0H_f7pvaNCEQ,Lan tỏa năng lượng tích cực 2024 Cùng lan tỏa những việc làm ý nghĩa,29/08/2024,,2024-08-29,,288,True,1171,11,https://youtube.com/watch?v=-2NpDMgM_Mw,-2NpDMgM_Mw,False,False
L30_V048,media-info-aic25-b1\media-info\L30_V048.json,True,,,True,Báo Tuổi Trẻ,UC47WI-kZXFf0H_f7pvaNCEQ,Lan tỏa năng lượng tích cực 2024 Khát vọng cống hiến,29/08/2024,,2024-08-29,,400,True,1330,17,https://youtube.com/watch?v=W2cRLfkrO48,W2cRLfkrO48,False,False
L30_V049,media-info-aic25-b1\media-info\L30_V049.json,True,,,True,Báo Tuổi Trẻ,UC47WI-kZXFf0H_f7pvaNCEQ,Cuộc thi Lan tỏa năng lượng tích cực 2024 Ý nghĩa từ lớp dạy bơi miễn phí,26/08/2024,,2024-08-26,,181,True,1180,15,https://youtube.com/watch?v=T6SGHUssBlM,T6SGHUssBlM,False,False
L30_V050,media-info-aic25-b1\media-info\L30_V050.json,True,,,True,Báo Tuổi Trẻ,UC47WI-kZXFf0H_f7pvaNCEQ,Cuộc thi Lan tỏa năng lượng tích cực 2024 Lớp học đặc biệt giữa rừng,26/08/2024,,2024-08-26,,142,True,1391,19,https://youtube.com/watch?v=s0uarvHzsjs,s0uarvHzsjs,False,False
L30_V051,media-info-aic25-b1\media-info\L30_V051.json,True,,,True,Báo Tuổi Trẻ,UC47WI-kZXFf0H_f7pvaNCEQ,Cuộc thi Lan tỏa năng lượng tích cực 2024 Thông điệp về tình người sau gánh hàng rong,24/08/2024,,2024-08-24,,187,True,1200,11,https://youtube.com/watch?v=liDOA4iMlbQ,liDOA4iMlbQ,False,False
L30_V052,media-info-aic25-b1\media-info\L30_V052.json,True,,,True,Báo Tuổi Trẻ,UC47WI-kZXFf0H_f7pvaNCEQ,Cuộc thi Lan tỏa năng lượng tích cực 2024 Làm ‘bác sĩ’ cho sách,24/08/2024,,2024-08-24,,293,True,1181,11,https://youtube.com/watch?v=TMmA7_vyyDk,TMmA7_vyyDk,False,False
L30_V053,media-info-aic25-b1\media-info\L30_V053.json,True,,,True,Báo Tuổi Trẻ,UC47WI-kZXFf0H_f7pvaNCEQ,Lan tỏa năng lượng tích cực 2024 'Cơm treo' nối dài lòng nhân ái,23/08/2024,,2024-08-23,,304,True,1339,20,https://youtube.com/watch?v=UtSsdQOaQXo,UtSsdQOaQXo,False,False
L30_V054,media-info-aic25-b1\media-info\L30_V054.json,True,,,True,Báo Tuổi Trẻ,UC47WI-kZXFf0H_f7pvaNCEQ,Cuộc thi Lan tỏa năng lượng tích cực 2024 Thắp sáng niềm tin vào cuộc sống,23/08/2024,,2024-08-23,,366,True,1313,17,https://youtube.com/watch?v=fUmpbxxwUjI,fUmpbxxwUjI,False,False
L30_V055,media-info-aic25-b1\media-info\L30_V055.json,True,,,True,Báo Tuổi Trẻ,UC47WI-kZXFf0H_f7pvaNCEQ,Lan tỏa năng lượng tích cực 2024 Âm nhạc và sự tử tế,22/08/2024,,2024-08-22,,216,True,1281,19,https://youtube.com/watch?v=I9lgobC7zW0,I9lgobC7zW0,False,False
L30_V056,media-info-aic25-b1\media-info\L30_V056.json,True,,,True,Báo Tuổi Trẻ,UC47WI-kZXFf0H_f7pvaNCEQ,Lan tỏa năng lượng tích cực 2024 Khởi nghiệp với mong muốn nâng tầm nông sản Việt,22/08/2024,,2024-08-22,,300,True,1417,19,https://youtube.com/watch?v=n9n7jZ0826M,n9n7jZ0826M,False,False
L30_V057,media-info-aic25-b1\media-info\L30_V057.json,True,,,True,Báo Tuổi Trẻ,UC47WI-kZXFf0H_f7pvaNCEQ,Lan tỏa năng lượng tích cực 2024 Hãy làm cuộc sống trở nên thú vị,21/08/2024,,2024-08-21,,187,True,1222,11,https://youtube.com/watch?v=1O85iaSp8mI,1O85iaSp8mI,False,False
L30_V058,media-info-aic25-b1\media-info\L30_V058.json,True,,,True,Báo Tuổi Trẻ,UC47WI-kZXFf0H_f7pvaNCEQ,Lan tỏa năng lượng tích cực 2024 ‘Chiến thần’ làm tình nguyện,21/08/2024,,2024-08-21,,119,True,1371,18,https://youtube.com/watch?v=aBCOzE6WZOI,aBCOzE6WZOI,False,False
L30_V059,media-info-aic25-b1\media-info\L30_V059.json,True,,,True,Báo Tuổi Trẻ,UC47WI-kZXFf0H_f7pvaNCEQ,Lan tỏa năng lượng tích cực 2024 Đổi mới sáng tạo là chìa khóa thành công,20/08/2024,,2024-08-20,,216,True,1268,13,https://youtube.com/watch?v=F0Fhw_0kp4g,F0Fhw_0kp4g,False,False
L30_V060,media-info-aic25-b1\media-info\L30_V060.json,True,,,True,Báo Tuổi Trẻ,UC47WI-kZXFf0H_f7pvaNCEQ,Lan tỏa năng lượng tích cực 2024 Xương rồng và tình yêu,20/08/2024,,2024-08-20,,148,True,1226,14,https://youtube.com/watch?v=iy5C9JmUtI4,iy5C9JmUtI4,False,False
L30_V061,media-info-aic25-b1\media-info\L30_V061.json,True,,,True,Báo Tuổi Trẻ,UC47WI-kZXFf0H_f7pvaNCEQ,Lan tỏa năng lượng tích cực 2024 ‘Khởi nghiệp xanh’ để gần hơn với thiên nhiên,20/08/2024,,2024-08-20,,332,True,1220,11,https://youtube.com/watch?v=Go8EU72klWA,Go8EU72klWA,False,False
L30_V062,media-info-aic25-b1\media-info\L30_V062.json,True,,,True,Báo Tuổi Trẻ,UC47WI-kZXFf0H_f7pvaNCEQ,Lan tỏa năng lượng tích cực 2024 Hãy yêu thương động vật xung quanh ta!,19/08/2024,,2024-08-19,,224,True,1379,16,https://youtube.com/watch?v=QFYzmxM_I4Q,QFYzmxM_I4Q,False,False
L30_V063,media-info-aic25-b1\media-info\L30_V063.json,True,,,True,Báo Tuổi Trẻ,UC47WI-kZXFf0H_f7pvaNCEQ,Lan tỏa năng lượng tích cực 2024 Yêu và mạnh dạn theo đuổi đam mê,19/08/2024,,2024-08-19,,258,True,1366,19,https://youtube.com/watch?v=LQ2dPgNzKfQ,LQ2dPgNzKfQ,False,False
L30_V064,media-info-aic25-b1\media-info\L30_V064.json,True,,,True,Báo Tuổi Trẻ,UC47WI-kZXFf0H_f7pvaNCEQ,Lan tỏa năng lượng tích cực 2024 Chia sẻ hơi ấm đến người nghèo,18/08/2024,,2024-08-18,,274,True,1189,17,https://youtube.com/watch?v=yiHDcwStnhM,yiHDcwStnhM,False,False
L30_V065,media-info-aic25-b1\media-info\L30_V065.json,True,,,True,Báo Tuổi Trẻ,UC47WI-kZXFf0H_f7pvaNCEQ,Lan tỏa năng lượng tích cực 2024 Thanh âm đại ngàn,17/08/2024,,2024-08-17,,108,True,1396,16,https://youtube.com/watch?v=hV4kwDQgdvw,hV4kwDQgdvw,False,False
L30_V066,media-info-aic25-b1\media-info\L30_V066.json,True,,,True,Báo Tuổi Trẻ,UC47WI-kZXFf0H_f7pvaNCEQ,Cuộc thi Lan tỏa năng lượng tích cực 2024 Lan tỏa tinh thần sống đẹp,17/08/2024,,2024-08-17,,280,True,1411,15,https://youtube.com/watch?v=qvaL7aPATFc,qvaL7aPATFc,False,False
L30_V067,media-info-aic25-b1\media-info\L30_V067.json,True,,,True,Báo Tuổi Trẻ,UC47WI-kZXFf0H_f7pvaNCEQ,Lan tỏa năng lượng tích cực 2024 Kết nối những trái tim,16/08/2024,,2024-08-16,,111,True,1219,11,https://youtube.com/watch?v=eZYnHmFDIro,eZYnHmFDIro,False,False
L30_V068,media-info-aic25-b1\media-info\L30_V068.json,True,,,True,Báo Tuổi Trẻ,UC47WI-kZXFf0H_f7pvaNCEQ,Lan tỏa năng lượng tích cực 2024 Bản làng hạnh phúc,16/08/2024,,2024-08-16,,247,True,1348,16,https://youtube.com/watch?v=gR0mTeteR04,gR0mTeteR04,False,False
L30_V069,media-info-aic25-b1\media-info\L30_V069.json,True,,,True,Báo Tuổi Trẻ,UC47WI-kZXFf0H_f7pvaNCEQ,Lan tỏa năng lượng tích cực 2024 Sáng chế hữu ích của 'kỹ sư chân đất',15/08/2024,,2024-08-15,,225,True,1425,17,https://youtube.com/watch?v=ezQ4LR54rnk,ezQ4LR54rnk,False,False
L30_V070,media-info-aic25-b1\media-info\L30_V070.json,True,,,True,Báo Tuổi Trẻ,UC47WI-kZXFf0H_f7pvaNCEQ,Cuộc thi Lan tỏa năng lượng tích cực 2024 Hạnh phúc trên những phím đàn,15/08/2024,,2024-08-15,,89,True,1342,18,https://youtube.com/watch?v=fVB_dRzhaN0,fVB_dRzhaN0,False,False
L30_V071,media-info-aic25-b1\media-info\L30_V071.json,True,,,True,Báo Tuổi Trẻ,UC47WI-kZXFf0H_f7pvaNCEQ,Lan tỏa năng lượng tích cực 2024 Người giữ rừng,14/08/2024,,2024-08-14,,78,True,1259,14,https://youtube.com/watch?v=ywjjXVohLNs,ywjjXVohLNs,False,False
L30_V072,media-info-aic25-b1\media-info\L30_V072.json,True,,,True,Báo Tuổi Trẻ,UC47WI-kZXFf0H_f7pvaNCEQ,Lan tỏa năng lượng tích cực 2024 12 năm mang yêu thương trao nơi vùng xa,14/08/2024,,2024-08-14,,87,True,1220,14,https://youtube.com/watch?v=-imEtAqSvgY,-imEtAqSvgY,False,False
L30_V073,media-info-aic25-b1\media-info\L30_V073.json,True,,,True,Báo Tuổi Trẻ,UC47WI-kZXFf0H_f7pvaNCEQ,Cuộc thi Lan tỏa năng lượng tích cực 2024 Dùng chuyên môn để làm thiện nguyện,13/08/2024,,2024-08-13,,210,True,1221,18,https://youtube.com/watch?v=3tBU3Pa2ys8,3tBU3Pa2ys8,False,False
L30_V074,media-info-aic25-b1\media-info\L30_V074.json,True,,,True,Báo Tuổi Trẻ,UC47WI-kZXFf0H_f7pvaNCEQ,"Lan tỏa năng lượng tích cực 2024 Lưu giữ hồi ức qua bộ sưu tập sách, lưu bút",11/08/2024,,2024-08-11,,257,True,1254,14,https://youtube.com/watch?v=HFV6Jaspld8,HFV6Jaspld8,False,False
L30_V075,media-info-aic25-b1\media-info\L30_V075.json,True,,,True,Báo Tuổi Trẻ,UC47WI-kZXFf0H_f7pvaNCEQ,Lan tỏa năng lượng tích cực 2024 Chàng trai tinh thể,11/08/2024,,2024-08-11,,258,True,1285,14,https://youtube.com/watch?v=IEZtrkG794I,IEZtrkG794I,False,False
L30_V076,media-info-aic25-b1\media-info\L30_V076.json,True,,,True,Báo Tuổi Trẻ,UC47WI-kZXFf0H_f7pvaNCEQ,Lan tỏa năng lượng tích cực 2024 Tấm lòng của một vị lương y,10/08/2024,,2024-08-10,,169,True,1378,17,https://youtube.com/watch?v=B2vIR7EZnac,B2vIR7EZnac,False,False
L30_V077,media-info-aic25-b1\media-info\L30_V077.json,True,,,True,Báo Tuổi Trẻ,UC47WI-kZXFf0H_f7pvaNCEQ,"Lan tỏa năng lượng tích cực 2024 ‘Ai cần thì đến lấy, ai dư thì đến cho’",10/08/2024,,2024-08-10,,199,True,1342,17,https://youtube.com/watch?v=oOqxp67tCgQ,oOqxp67tCgQ,False,False
L30_V078,media-info-aic25-b1\media-info\L30_V078.json,True,,,True,Báo Tuổi Trẻ,UC47WI-kZXFf0H_f7pvaNCEQ,Lan tỏa năng lượng tích cực 2024 Lớp học 0 đồng cho người yêu bếp,09/08/2024,,2024-08-09,,198,True,1374,17,https://youtube.com/watch?v=rNnSnWrITiY,rNnSnWrITiY,False,False
L30_V079,media-info-aic25-b1\media-info\L30_V079.json,True,,,True,Báo Tuổi Trẻ,UC47WI-kZXFf0H_f7pvaNCEQ,Lan tỏa năng lượng tích cực 2024 Tiệm sửa xe dễ thương giữa lòng Sài Gòn,09/08/2024,,2024-08-09,,160,True,1361,16,https://youtube.com/watch?v=ooARL85vaYE,ooARL85vaYE,False,False
L30_V080,media-info-aic25-b1\media-info\L30_V080.json,True,,,True,Báo Tuổi Trẻ,UC47WI-kZXFf0H_f7pvaNCEQ,Lan tỏa năng lượng tích cực 2024 Đam mê dẫn lối,09/08/2024,,2024-08-09,,278,True,1344,17,https://youtube.com/watch?v=AbRc6CLY_M8,AbRc6CLY_M8,False,False
L30_V081,media-info-aic25-b1\media-info\L30_V081.json,True,,,True,Báo Tuổi Trẻ,UC47WI-kZXFf0H_f7pvaNCEQ,Cuộc thi Lan tỏa năng lượng tích cực 2024 Nơi tình người tỏa sáng,08/08/2024,,2024-08-08,,184,True,1378,18,https://youtube.com/watch?v=jEEh04VGLtw,jEEh04VGLtw,False,False
L30_V082,media-info-aic25-b1\media-info\L30_V082.json,True,,,True,Báo Tuổi Trẻ,UC47WI-kZXFf0H_f7pvaNCEQ,Lan tỏa năng lượng tích cực 2024 Trái tim yêu thương,07/08/2024,,2024-08-07,,220,True,1260,16,https://youtube.com/watch?v=2jFspBwznPw,2jFspBwznPw,False,False
L30_V083,media-info-aic25-b1\media-info\L30_V083.json,True,,,True,Báo Tuổi Trẻ,UC47WI-kZXFf0H_f7pvaNCEQ,Lan tỏa năng lượng tích cực 2024 Màu của hy vọng,07/08/2024,,2024-08-07,,297,True,1306,16,https://youtube.com/watch?v=lRUf6mjdd4s,lRUf6mjdd4s,False,False
L30_V084,media-info-aic25-b1\media-info\L30_V084.json,True,,,True,Báo Tuổi Trẻ,UC47WI-kZXFf0H_f7pvaNCEQ,Lan tỏa năng lượng tích cực 2024 Cho đi là còn mãi,06/08/2024,,2024-08-06,,207,True,1267,14,https://youtube.com/watch?v=kCB06CfmEY0,kCB06CfmEY0,False,False
L30_V085,media-info-aic25-b1\media-info\L30_V085.json,True,,,True,Báo Tuổi Trẻ,UC47WI-kZXFf0H_f7pvaNCEQ,Lan tỏa năng lượng tích cực 2024 Hết mình theo đuổi đam mê,06/08/2024,,2024-08-06,,195,True,1278,11,https://youtube.com/watch?v=-FWnOaD6cUU,-FWnOaD6cUU,False,False
L30_V086,media-info-aic25-b1\media-info\L30_V086.json,True,,,True,Báo Tuổi Trẻ,UC47WI-kZXFf0H_f7pvaNCEQ,Lan tỏa năng lượng tích cực 2024 Sáng tạo để cuộc sống thêm phần thú vị,05/08/2024,,2024-08-05,,190,True,1397,17,https://youtube.com/watch?v=rENw-B7fsmQ,rENw-B7fsmQ,False,False
L30_V087,media-info-aic25-b1\media-info\L30_V087.json,True,,,True,Báo Tuổi Trẻ,UC47WI-kZXFf0H_f7pvaNCEQ,Lan tỏa năng lượng tích cực 2024 Mong người trẻ yêu thích và lan tỏa văn hóa đọc,05/08/2024,,2024-08-05,,226,True,1390,17,https://youtube.com/watch?v=5ynpxihUKQQ,5ynpxihUKQQ,False,False
L30_V088,media-info-aic25-b1\media-info\L30_V088.json,True,,,True,Báo Tuổi Trẻ,UC47WI-kZXFf0H_f7pvaNCEQ,"Lan tỏa năng lượng tích cực 2024 Nếu đã chọn, hãy học cách kiên trì",04/08/2024,,2024-08-04,,209,True,1328,18,https://youtube.com/watch?v=GXHddVXdLxE,GXHddVXdLxE,False,False
L30_V089,media-info-aic25-b1\media-info\L30_V089.json,True,,,True,Báo Tuổi Trẻ,UC47WI-kZXFf0H_f7pvaNCEQ,Lan tỏa năng lượng tích cực 2024 Những ‘trái tim xanh’,04/08/2024,,2024-08-04,,211,True,1370,19,https://youtube.com/watch?v=bvzMTej15UM,bvzMTej15UM,False,False
L30_V090,media-info-aic25-b1\media-info\L30_V090.json,True,,,True,Báo Tuổi Trẻ,UC47WI-kZXFf0H_f7pvaNCEQ,Lan tỏa năng lượng tích cực 2024 Lan tỏa tình yêu qua sách tranh,03/08/2024,,2024-08-03,,225,True,1390,16,https://youtube.com/watch?v=95vQ4yGGRGU,95vQ4yGGRGU,False,False
L30_V091,media-info-aic25-b1\media-info\L30_V091.json,True,,,True,Báo Tuổi Trẻ,UC47WI-kZXFf0H_f7pvaNCEQ,Lan tỏa năng lượng tích cực 2024 Hãy cho nhau những gì ta có thể!,03/08/2024,,2024-08-03,,281,True,1348,16,https://youtube.com/watch?v=ED034yanN_c,ED034yanN_c,False,False
L30_V092,media-info-aic25-b1\media-info\L30_V092.json,True,,,True,Báo Tuổi Trẻ,UC47WI-kZXFf0H_f7pvaNCEQ,Cuộc thi Lan tỏa năng lượng tích cực 2024 Ấm áp phiên chợ 0 đồng ở bệnh viện,02/08/2024,,2024-08-02,,173,True,1208,12,https://youtube.com/watch?v=XeISyuQ-sDQ,XeISyuQ-sDQ,False,False
L30_V093,media-info-aic25-b1\media-info\L30_V093.json,True,,,True,Báo Tuổi Trẻ,UC47WI-kZXFf0H_f7pvaNCEQ,Lan tỏa năng lượng tích cực 2024 Bước qua bóng tối,02/08/2024,,2024-08-02,,262,True,1241,15,https://youtube.com/watch?v=iMBShv-CmyI,iMBShv-CmyI,False,False
L30_V094,media-info-aic25-b1\media-info\L30_V094.json,True,,,True,Báo Tuổi Trẻ,UC47WI-kZXFf0H_f7pvaNCEQ,Lan tỏa năng lượng tích cực 2024 Hệ thống bơm nước tự động giúp nông dân tưới tiêu,01/08/2024,,2024-08-01,,219,True,1430,18,https://youtube.com/watch?v=MGJ-x3Ky5UI,MGJ-x3Ky5UI,False,False
L30_V095,media-info-aic25-b1\media-info\L30_V095.json,True,,,True,Báo Tuổi Trẻ,UC47WI-kZXFf0H_f7pvaNCEQ,"Lan tỏa năng lượng tích cực 2024 Gieo mầm đam mê, gặt về quả ngọt",01/08/2024,,2024-08-01,,310,True,1258,14,https://youtube.com/watch?v=xNFsvysBHzU,xNFsvysBHzU,False,False
L30_V096,media-info-aic25-b1\media-info\L30_V096.json,True,,,True,Báo Tuổi Trẻ,UC47WI-kZXFf0H_f7pvaNCEQ,Mời bạn đọc tham gia cuộc thi ‘Lan tỏa năng lượng tích cực’ lần 5,28/07/2024,,2024-07-28,,94,True,1166,11,https://youtube.com/watch?v=PnrBIfUOHQU,PnrBIfUOHQU,False,False
