normalized_line,example_line,document_frequency,document_rate
********************,********************,544,0.623139
"""món ngon mỗi ngày"" phát sóng lúc 11g50 hàng ngày, trên htv7","""Món ngon mỗi ngày"" phát sóng lúc 11g50 hàng ngày, trên HTV7",498,0.570447
"“thế giới ẩm thực - món ngon mỗi ngày” thực đơn gia đình với những món ngon dễ làm lạ mắt và hấp dẫn. mỗi ngày một món ngon cho bữa cơm gia đình ấm áp, mỗi điểm đến một món đặc sản hấp dẫn... đón xem bộ sưu tập thế giới ẩm thực đậm đà hương vị trên kênh youtube vivu tv","“THẾ GIỚI ẨM THỰC - MÓN NGON MỖI NGÀY” thực đơn gia đình với những món ngon dễ làm lạ mắt và hấp dẫn. Mỗi ngày một món ngon cho bữa cơm gia đình ấm áp, mỗi điểm đến một món đặc sản hấp dẫn... Đón xem bộ sưu tập Thế giới ẩm thực đậm đà hương vị trên kênh Youtube VIVU TV",498,0.570447
► tất cả video của vivu tv đều có bản quyền,► Tất cả video của ViVu TV Đều Có Bản Quyền,468,0.536082
nguyên liệu,NGUYÊN LIỆU,340,0.389462
►tổng hợp món ngon mỗi ngày: <url>,►Tổng hợp MÓN NGON MỖI NGÀY: https://bit.ly/2UEvaiP,287,0.328751
► đăng ký: <url>,► Đăng ký: https://bit.ly/2WPXBNp,287,0.328751
► cấm sao chép dưới mọi hình thức contact information:,► Cấm Sao Chép Dưới Mọi Hình Thức Contact information:,287,0.328751
* your full legal name: vivu tv,* Your full legal name: ViVu TV,287,0.328751
► facebook:www.facebook.com/life.htv/,► Facebook:www.facebook.com/life.htv/,282,0.323024
"✪ bạn giúp like, share và comment nếu thấy hữu ích nhé !","✪ Bạn giúp LIKE, SHARE và COMMENT nếu thấy hữu ích nhé !",226,0.258877
👉 mời các bạn xem full các chương trình hấp dẫn khác của vivu tv:,👉 Mời các bạn xem full các chương trình hấp dẫn khác của VIVU TV:,211,0.241695
👉 lần theo dấu vết :<url>,👉 Lần Theo Dấu Vết :https://bit.ly/3zYp7Mf,211,0.241695
👉 bếp ngọt : <url>,👉 Bếp Ngọt : https://bit.ly/3n4yyST,211,0.241695
👉 bếp nhà mình : <url>,👉 Bếp Nhà Mình : https://bit.ly/3yajwkD,211,0.241695
👉 món ngon mỗi ngày: <url>,👉 Món Ngon Mỗi Ngày: https://bit.ly/3n3qfqp,211,0.241695
👉 khoảnh khắc cuộc đời : <url>,👉 Khoảnh Khắc Cuộc Đời : https://bit.ly/3yaRPs1,211,0.241695
👉 ranh giới trắng đen : <url>,👉 Ranh Giới Trắng Đen : https://bit.ly/RanhGioiTrangDen,211,0.241695
<url>,http://popsww.com/BaoThanhNien,184,0.210767
📣 subscribe kênh vivu tv để xem các video hấp dẫn : <url>,📣 Subscribe kênh VIVU TV để xem các VIDEO HẤP DẪN : https://bit.ly/DangKyKenh_VIVU_TV,181,0.207331
► fanpage::<url>,► Fanpage::https://www.facebook.com/VacGiaiTri,181,0.207331
► cấm sao chép dưới mọi hình thức,► Cấm Sao Chép Dưới Mọi Hình Thức,181,0.207331
- tin tức nhanh: <url>,- Tin tức nhanh: https://tuoitre.vn,96,0.109966
- video nóng xem tại: <url>,- Video nóng xem tại: https://video.tuoitre.vn,96,0.109966
- tin thời sự: <url>,- Tin thời sự: https://tuoitre.vn/phap-luat,96,0.109966
- tin tức thế giới xem: <url>,- Tin tức thế giới xem: https://tuoitre.vn/the-gioi,96,0.109966
kênh thông tin chính thức và duy nhất của #báo_tuổi_trẻ trên youtube.,Kênh thông tin chính thức và duy nhất của #Báo_Tuổi_Trẻ trên YouTube.,96,0.109966
"tin tức nhanh nhất, mới nhất, nóng nhất đang diễn ra ở việt nam và thế giới về: thời sự, kinh tế, chính trị, xã hội, giáo dục, thể thao, văn hóa, giải trí, công nghệ, nhịp sống số, pháp luật, du lịch...","Tin tức nhanh nhất, mới nhất, nóng nhất đang diễn ra ở Việt Nam và thế giới về: thời sự, kinh tế, chính trị, xã hội, giáo dục, thể thao, văn hóa, giải trí, công nghệ, nhịp sống số, pháp luật, du lịch...",96,0.109966
#tuoitre #baotuoitre #tinnong #thời_sự #thoisu #tuổi_trẻ,#TuoiTre #BaoTuoiTre #TinNong #Thời_Sự #ThoiSu #Tuổi_Trẻ,96,0.109966
-----------,-----------,96,0.109966
đăng ký kênh xem thêm nhiều chuyên mục hấp dẫn khác:,Đăng ký kênh xem thêm nhiều chuyên mục hấp dẫn khác:,96,0.109966
facebook:,Facebook:,96,0.109966
- <url>,- https://facebook.com/baotuoitre,96,0.109966
bản quyền nội dung thuộc về báo tuổi trẻ.,Bản quyền nội dung thuộc về báo Tuổi Trẻ.,96,0.109966
--------------------,--------------------,96,0.109966
tòa soạn báo tuổi trẻ,TÒA SOẠN BÁO TUỔI TRẺ,96,0.109966
"- địa chỉ: số 60a, hoàng văn thụ, phường.9, quận phú nhuận, thành phố hồ chí minh, việt nam","- Địa chỉ: Số 60A, Hoàng Văn Thụ, Phường.9, Quận Phú Nhuận, Thành phố Hồ Chí Minh, Việt Nam",96,0.109966
- điện thoại: (84.8) 3.997.3838,- Điện thoại: (84.8) 3.997.3838,96,0.109966
- website: <url>,- Website: http://tuoitre.vn,96,0.109966
- email: tto@tuoitre.com.vn,- Email: tto@tuoitre.com.vn,96,0.109966
- đường dây nóng: 0918.033.133 - (84.8) 39.971.010,- Đường dây nóng: 0918.033.133 - (84.8) 39.971.010,96,0.109966
#thoisuthanhnien #tinnongthanhnien #phongsuthanhnien,#thoisuthanhnien #tinnongthanhnien #phongsuthanhnien,88,0.100802
những thông tin thời sự quốc tế nóng hổi nhất sẽ được báo thanh niên cập nhật trên kênh điểm nóng toàn cầu: youtube.com/@diemnongtoancautv,Những thông tin thời sự quốc tế nóng hổi nhất sẽ được Báo Thanh Niên cập nhật trên kênh ĐIỂM NÓNG TOÀN CẦU: youtube.com/@DiemnongtoancauTV,88,0.100802
quý vị hãy bấm đăng ký kênh điểm nóng toàn cầu để không bỏ lỡ dòng thời sự quốc tế.,Quý vị hãy bấm đăng ký kênh ĐIỂM NÓNG TOÀN CẦU để không bỏ lỡ dòng thời sự quốc tế.,88,0.100802
--------,--------,88,0.100802
đăng kí theo dõi kênh để xem những tin tức mới nhất:,Đăng kí theo dõi kênh để xem những tin tức mới nhất:,88,0.100802
tin tức báo thanh niên - đọc tin mới online - tin nhanh - tin 24h - thời sự,Tin tức báo Thanh Niên - Đọc tin mới online - tin nhanh - tin 24h - thời sự,88,0.100802
kênh youtube chính thức của báo thanh niên. đăng kí theo dõi kênh để xem những tin tức mới nhất:,Kênh YouTube chính thức của Báo Thanh Niên. Đăng kí theo dõi kênh để xem những tin tức mới nhất:,88,0.100802
website: <url>,Website: http://thanhnien.vn/,88,0.100802
fanpage: <url>,Fanpage: https://www.facebook.com/thanhnien,88,0.100802
youtube channel: <url>,Youtube Channel: http://popsww.com/BaoThanhNien,88,0.100802
"268 - 270 nguyễn đình chiểu, phường võ thị sáu, q.3, tp hcm","268 - 270 Nguyễn Đình Chiểu, Phường Võ Thị Sáu, Q.3, TP HCM",88,0.100802
đt: (+84.8) 39302302,ĐT: (+84.8) 39302302,88,0.100802
fax: (+84.8) 39309939,Fax: (+84.8) 39309939,88,0.100802
email: tnmedia@thanhnien.vn,Email: tnmedia@thanhnien.vn,88,0.100802
"chương trình được phát trên các kênh thanhnien.vn, facebook.com/thanhnien và youtube báo thanh niên.","Chương trình được phát trên các kênh thanhnien.vn, facebook.com/thanhnien và YouTube Báo Thanh Niên.",87,0.099656
#tuvanmuathi #tiepsucmuathi #tuyensinh2024 #chonnganhhocchotuonglai #onthi2024 #biquyetonthi2024 #thithptondautrungdo #baothanhnien,#tuvanmuathi #tiepsucmuathi #Tuyensinh2024 #chonnganhhocchotuonglai #onthi2024 #biquyetonthi2024 #thithptondautrungdo #baothanhnien,87,0.099656
📱fanpage htv thể thao: <url>,📱Fanpage HTV Thể thao: https://bit.ly/.................,68,0.077892
📱youtube htv sports: <url>,📱Youtube HTV Sports: https://bit.ly/....................,68,0.077892
—————,—————,65,0.074456
📱tiktok htv thể thao <url>,📱Tiktok HTV Thể thao https://www.tiktok.com/@htvofficial,65,0.074456
"bạn giúp like, share và comment nếu thấy hữu ích nhé !","Bạn giúp LIKE, SHARE và COMMENT nếu thấy hữu ích nhé !",61,0.069874
► đăng ký kênh để xem tin tức mới nhất: <url>,► Đăng ký KÊNH để xem Tin Tức Mới Nhất: https://bit.ly/2HoUna4,60,0.068729
kênh tin tức thời sự 60 giây là kênh tổng hợp tin tức - sự kiện - giải trí nhanh nhất việt nam.,Kênh Tin Tức Thời Sự 60 Giây Là Kênh Tổng Hợp Tin Tức - Sự Kiện - Giải trí Nhanh Nhất Việt Nam.,60,0.068729
©️ bản quyền tin tức thuộc htv - đài truyền hình tp.hcm,©️ Bản quyền Tin Tức thuộc HTV - Đài Truyền hình TP.HCM,60,0.068729
©️ the copyright of this video belongs to htv - ho chi minh city television,©️ The copyright of this video belongs to HTV - Ho Chi Minh City Television,60,0.068729
#tintucthoisuvietnam,#TintucthoisuVietnam,60,0.068729
#htvtintuc #htvnews #htv60s #60giay #60s,#HTVTintuc #HTVnews #HTV60s #60Giay #60s,60,0.068729
------------,------------,60,0.068729
xem tv online tại truyền hình htvc:,Xem TV online tại Truyền hình HTVC:,60,0.068729
✅ web / wap mobile :,✅ Web / Wap mobile :,60,0.068729
► <url>,► https://hplus.com.vn,60,0.068729
✅ app mobile/tv htvc :,✅ App mobile/TV HTVC :,60,0.068729
► ios: <url>,► IOS: https://goo.gl/Dih3DB,60,0.068729
► android: <url>,► Android: https://goo.gl/XGBzxg,60,0.068729
► smart tv /stb : tải htvc for android tv,► Smart TV /STB : Tải HTVC for Android TV,60,0.068729
.,.,60,0.068729
✅ theo dõi htvc trên mạng xã hội :,✅ Theo dõi HTVC trên Mạng xã hội :,60,0.068729
- facebook show : <url>,- Facebook Show : https://www.facebook.com/HPlusOfficial,60,0.068729
- instagram show : <url>,- Instagram Show : https://www.instagram.com/htvc_truyen_hinh_internet/,60,0.068729
- lotus show : <url>,- Lotus Show : https://lotus.vn/w/profile/18444255300272761.htm,60,0.068729
- tiktok news : <url>,- Tiktok News : https://www.tiktok.com/@htvc.tintuc,60,0.068729
- tiktok phim : <url>,- Tiktok Phim : https://www.tiktok.com/@htvc.phimtruyen,60,0.068729
- tiktok show : <url>,- Tiktok Show : https://www.tiktok.com/@htvc.truyenhinh,60,0.068729
- youtube phim : <url>,- Youtube Phim : https://www.youtube.com/c/HplusVn,60,0.068729
- youtube news : <url>,- Youtube News : https://www.youtube.com/c/HTV60s,60,0.068729
* đăng ký: <url>,* Đăng ký: https://bit.ly/3D9sgXH,47,0.053837
* website: <url>,* Website: http://www.htv.com.vn,47,0.053837
#htvthethao #htvsports,#HTVThethao #HTVSports,44,0.050401
theo dõi thông tin tại:,Theo dõi thông tin tại:,44,0.050401
"👉 htv entertainment, kênh youtube chính thức của đài truyền hình tp. hcm (htv).","👉 HTV Entertainment, kênh Youtube chính thức của Đài truyền hình TP. HCM (HTV).",44,0.050401
* facebook: <url>,* Facebook: https://www.facebook.com/htv.hcm,44,0.050401
* ứng dụng htvc: <url>,* Ứng dụng HTVC: https://htvc.tv,44,0.050401
👉 các show hấp dẫn khác,👉 Các show hấp dẫn khác,44,0.050401
"mẹ vắng nhà, ba là siêu nhân 3: <url>","Mẹ vắng nhà, Ba là siêu nhân 3: https://bit.ly/3PIlLnI",44,0.050401
nhanh như chớp 5: <url>,Nhanh như chớp 5: https://bit.ly/3GVtLgh,44,0.050401
bạn muốn hẹn hò: <url>,Bạn muốn hẹn hò: https://bit.ly/3HcaUOm,44,0.050401
mái ấm gia đình việt: <url>,Mái ấm gia đình Việt: https://bit.ly/3edga9r,44,0.050401
2 ngày 1 đêm: <url>,2 ngày 1 đêm: https://bit.ly/48OI1Ez,43,0.049255
xem video full: <url>,Xem video full: https://tuoitre.vn/cuoc-thi-lan-toa-nang-luong-tich-cuc-2024-truyen-cam-hung-voi-tinh-than-tu-hoc-20241008111549532.htm,40,0.045819
#lantoanangluongtichcuc #baotuoitre,#lantoanangluongtichcuc #baotuoitre,37,0.042383
7 nụ cười xuân: <url>,7 Nụ cười xuân: https://bit.ly/3wic3Sj,29,0.033219
ca sĩ bí ẩn: <url>,Ca sĩ bí ẩn: https://bit.ly/4436G5q,29,0.033219
khi ta 20: <url>,Khi ta 20: https://bit.ly/3Eq2UI9,29,0.033219
full playlist: <url>,Full Playlist: https://bit.ly/4cj7CGd,29,0.033219
✨ cảm ơn tôn đông á đã đồng hành cùng cuộc đua! ✨,✨ Cảm ơn Tôn Đông Á đã đồng hành cùng cuộc đua! ✨,25,0.028637
🌐website tôn đông á: <url>,🌐Website Tôn Đông Á: http://www.tondonga.com.vn/,25,0.028637
📞zalo tôn đông á: <url>,📞Zalo Tôn Đông Á: https://zalo.me/1630226449412145857,25,0.028637
#htvtondonga,#HTVTONDONGA,25,0.028637
#cuptruyenhinhhtv #htvthethao #htvsports #htv9 #htv7,#CupTruyenHinhHTV #HTVTheThao #HTVSports #HTV9 #HTV7,25,0.028637
#tondonga #cungxaycuocsongxanh #kingwinsviet,#TONDONGA #cungxaycuocsongxanh #KINGWINSVIET,25,0.028637
theo dõi thông tin cuộc đua tại:,Theo dõi thông tin cuộc đua tại:,24,0.027491
"""tản mạn mê kông, đến và ở lại"" là hành trình tìm hiểu về sông mê kông, từ nơi thượng nguồn đến điểm đổ vào đất việt, từ nơi những dòng sông giao nhau đến ký ức về nhịp sống hòa quyện cùng thiên nhiên của người dân hai bên bờ dòng chảy kì vĩ này.","""Tản mạn Mê Kông, đến và ở lại"" là hành trình tìm hiểu về sông Mê Kông, từ nơi thượng nguồn đến điểm đổ vào đất Việt, từ nơi những dòng sông giao nhau đến ký ức về nhịp sống hòa quyện cùng thiên nhiên của người dân hai bên bờ dòng chảy kì vĩ này.",24,0.027491
#tanmanmekonghtv #tanmanmekong #htv,#tanmanmekongHTV #tanmanmekong #HTV,24,0.027491
#cuptruyenhinhhtvtondonga #cth2024 #xedapcuptruyenhinh#cth36,#CupTruyenHinhHTVTONDONGA #CTH2024 #xedapcuptruyenhinh#CTH36,23,0.026346
📱fanpage tôn đông á: <url>,📱Fanpage Tôn Đông Á: https://www.facebook.com/tondonga.com.vn,22,0.0252
📱youtube tôn đông á: <url>,📱Youtube Tôn Đông Á: https://www.youtube.com/c/TonDongACorp,22,0.0252
📱tiktok tôn đông á: <url>,📱Tiktok Tôn Đông Á: https://www.tiktok.com/@tondongacorp,22,0.0252
"🚴🏻♂️cuộc đua xe đạp toàn quốc tranh cúp truyền hình thành phố hồ chí minh lần thứ 36 năm 2024, non sông liền một dải, htv – tôn đông á","🚴🏻♂️Cuộc đua xe đạp toàn quốc tranh cúp truyền hình Thành phố Hồ Chí Minh lần thứ 36 năm 2024, Non sông liền một dải, HTV – Tôn Đông Á",21,0.024055
🚴🏻♂️ từ 03/04 đến 30/04/2024🚴🏻♂️,🚴🏻♂️ Từ 03/04 đến 30/04/2024🚴🏻♂️,21,0.024055
"""đôi mắt mê kông"" là cuộc phiêu lưu đầy màu sắc và sức sống khám phá bí ẩn và vẻ đẹp của cuộc sống dọc sông mê kông, từ đó nêu bật lên nét đẹp trong sự giao thoa giữa đời sống tinh thần của con người và mạch sống tự nhiên.","""Đôi mắt Mê Kông"" là cuộc phiêu lưu đầy màu sắc và sức sống khám phá bí ẩn và vẻ đẹp của cuộc sống dọc sông Mê Kông, từ đó nêu bật lên nét đẹp trong sự giao thoa giữa đời sống tinh thần của con người và mạch sống tự nhiên.",20,0.02291
#doimatmekonghtv #doimatmekong #htv,#doimatmekongHTV #doimatmekong #HTV,20,0.02291
sao nhập ngũ 2024: <url>,Sao nhập ngũ 2024: https://bit.ly/3yjQO3T,15,0.017182
nữ hoàng vũ đạo đường phố: <url>,Nữ hoàng vũ đạo đường phố: https://bit.ly/4fpTVIi,15,0.017182
"""đôi mắt mê kông"" phát sóng lúc 22g45 thứ sáu hàng tuần trên kênh htv7.","""Đôi Mắt Mê Kông"" phát sóng lúc 22g45 thứ Sáu hàng tuần trên kênh HTV7.",15,0.017182
"""tản mạn mê kông, đến và ở lại"" phát sóng lúc 22g45 thứ năm hàng tuần trên kênh htv7.","""Tản mạn Mê Kông, đến và ở lại"" phát sóng lúc 22g45 thứ Năm hàng tuần trên kênh HTV7.",14,0.016037
hạt nêm aji-ngon® heo,Hạt nêm Aji-ngon® Heo,12,0.013746
#lan_tỏa_năng_lượng_tích_cực,#lan_tỏa_năng_lượng_tích_cực,11,0.0126
"chương trình hướng dẫn học sinh làm bài thi môn ngữ văn kỳ thi tốt nghiệp thpt 2024. buổi hướng dẫn do thầy đỗ đức anh, trường thpt bùi thị xuân, tp.hcm thực hiện.","Chương trình hướng dẫn học sinh làm bài thi môn Ngữ văn kỳ thi tốt nghiệp THPT 2024. Buổi hướng dẫn do thầy Đỗ Đức Anh, Trường THPT Bùi Thị Xuân, TP.HCM thực hiện.",10,0.011455
"chương trình hướng dẫn học sinh làm bài thi môn sinh học, kỳ thi tốt nghiệp thpt 2024. buổi hướng dẫn do thầy võ thanh bình, trường thpt chuyên lê hồng phong, tp.hcm thực hiện.","Chương trình hướng dẫn học sinh làm bài thi môn Sinh học, kỳ thi tốt nghiệp THPT 2024. Buổi hướng dẫn do thầy Võ Thanh Bình, Trường THPT chuyên Lê Hồng Phong, TP.HCM thực hiện.",10,0.011455
"chương trình hướng dẫn học sinh làm bài thi môn hóa học, kỳ thi tốt nghiệp thpt 2024. buổi hướng dẫn do thầy phạm lê thanh, trường thpt nguyễn hiền, tp.hcm thực hiện.","Chương trình hướng dẫn học sinh làm bài thi môn Hóa học, kỳ thi tốt nghiệp THPT 2024. Buổi hướng dẫn do thầy Phạm Lê Thanh, Trường THPT Nguyễn Hiền, TP.HCM thực hiện.",10,0.011455
"chương trình hướng dẫn học sinh làm bài thi môn vật lý, kỳ thi tốt nghiệp thpt 2024. buổi hướng dẫn do thầy huỳnh kiều viết lãm, trường thpt ernst thälmann, tp.hcm thực hiện.","Chương trình hướng dẫn học sinh làm bài thi môn Vật lý, kỳ thi tốt nghiệp THPT 2024. Buổi hướng dẫn do thầy Huỳnh Kiều Viết Lãm, Trường THPT Ernst Thälmann, TP.HCM thực hiện.",10,0.011455
"chương trình hướng dẫn học sinh làm bài thi môn anh văn kỳ thi tốt nghiệp thpt 2024. buổi hướng dẫn do cô trần thị hồng nhung, trường quốc tế á châu tại tp.hcm thực hiện.","Chương trình hướng dẫn học sinh làm bài thi môn Anh văn kỳ thi tốt nghiệp THPT 2024. Buổi hướng dẫn do cô Trần Thị Hồng Nhung, Trường Quốc tế Á Châu tại TP.HCM thực hiện.",10,0.011455
"chương trình hướng dẫn học sinh làm bài thi môn địa lý kỳ thi tốt nghiệp thpt 2024. buổi hướng dẫn do thầy trần ngọc anh, trường thpt chuyên trần đại nghĩa, tp.hcm thực hiện.","Chương trình hướng dẫn học sinh làm bài thi môn Địa lý kỳ thi tốt nghiệp THPT 2024. Buổi hướng dẫn do thầy Trần Ngọc Anh, Trường THPT chuyên Trần Đại Nghĩa, TP.HCM thực hiện.",10,0.011455
"chương trình hướng dẫn học sinh làm bài thi môn toán kỳ thi tốt nghiệp thpt 2024. buổi hướng dẫn do thầy lê minh huy, trường thpt nguyễn hiền, tp.hcm thực hiện.","Chương trình hướng dẫn học sinh làm bài thi môn Toán kỳ thi tốt nghiệp THPT 2024. Buổi hướng dẫn do thầy Lê Minh Huy, Trường THPT Nguyễn Hiền, TP.HCM thực hiện.",10,0.011455
bột ngọt aji-no-moto®,Bột ngọt AJI-NO-MOTO®,10,0.011455
"chương trình hướng dẫn học sinh làm bài thi môn lịch sử kỳ thi tốt nghiệp thpt 2024. buổi hướng dẫn do thầy nguyễn viết đăng du, trường thpt lê quý đôn, tp.hcm thực hiện.","Chương trình hướng dẫn học sinh làm bài thi môn Lịch sử kỳ thi tốt nghiệp THPT 2024. Buổi hướng dẫn do thầy Nguyễn Viết Đăng Du, Trường THPT Lê Quý Đôn, TP.HCM thực hiện.",9,0.010309
"""tản mạn mê kông, đến và ở lại"" phát sóng lúc 222g45 thứ năm hàng tuần trên kênh htv7.","""Tản mạn Mê Kông, đến và ở lại"" phát sóng lúc 222g45 thứ Năm hàng tuần trên kênh HTV7.",9,0.010309
"chương trình hướng dẫn học sinh làm bài thi môn giáo dục công dân kỳ thi tốt nghiệp thpt 2024. buổi hướng dẫn do cô võ hậu, trường thpt marie curie, tp.hcm) thực hiện.","Chương trình hướng dẫn học sinh làm bài thi môn Giáo dục công dân kỳ thi tốt nghiệp THPT 2024. Buổi hướng dẫn do cô Võ Hậu, Trường THPT Marie Curie, TP.HCM) thực hiện.",8,0.009164
#lantoanangluongtichcuc,#lantoanangluongtichcuc,8,0.009164
📌 nguyên liệu,📌 NGUYÊN LIỆU,7,0.008018
xốt mayonnaise aji-mayo®,Xốt Mayonnaise Aji-mayo®,7,0.008018
* email address: info@vacfilms.com,* Email address: info@vacfilms.com,7,0.008018
"* street address: 165 trương địnhphường 9, quận 3, hồ chí minh","* Street address: 165 Trương ĐịnhPhường 9, Quận 3, Hồ Chí Minh",7,0.008018
* city: hồ chí minh,* City: Hồ Chí Minh,7,0.008018
* state/province: hồ chí minh,* State/Province: Hồ Chí Minh,7,0.008018
* zip/postal code: 710000,* ZIP/Postal code: 710000,7,0.008018
* country: vietnam,* Country: Vietnam,7,0.008018
* company công ty tnhh vac,* Company Công Ty TNHH VAC,7,0.008018
► cấm sao chép dưới mọi hình thức ********************,► Cấm Sao Chép Dưới Mọi Hình Thức ********************,6,0.006873
xốt mayonnaise aji-mayo® ngọt dịu,Xốt Mayonnaise Aji-mayo® Ngọt Dịu,5,0.005727
"nước tương ""phú sĩ""","Nước tương ""Phú Sĩ""",5,0.005727
► facebook:www.facebook.com/life.htv/ #,► Facebook:www.facebook.com/life.htv/ #,5,0.005727
"""đôi mắt mê kông"" phát sóng lúc 222g45 thứ sáu hàng tuần trên kênh htv7.","""Đôi Mắt Mê Kông"" phát sóng lúc 222g45 thứ Sáu hàng tuần trên kênh HTV7.",5,0.005727
"🚴🏻‍♂️cuộc đua xe đạp toàn quốc tranh cúp truyền hình thành phố hồ chí minh lần thứ 36 năm 2024, non sông liền một dải, htv – tôn đông á","🚴🏻‍♂️Cuộc đua xe đạp toàn quốc tranh cúp truyền hình Thành phố Hồ Chí Minh lần thứ 36 năm 2024, Non sông liền một dải, HTV – Tôn Đông Á",4,0.004582
🚴🏻‍♂️ từ 03/04 đến 30/04/2024🚴🏻‍♂️,🚴🏻‍♂️ Từ 03/04 đến 30/04/2024🚴🏻‍♂️,4,0.004582
giấm gạo lên men ajinomoto,Giấm gạo lên men Ajinomoto,4,0.004582
📱fanpage tôn đông á:,📱Fanpage Tôn Đông Á:,3,0.003436
/ tondonga.com.vn,/ tondonga.com.vn,3,0.003436
📱youtube tôn đông á:,📱Youtube Tôn Đông Á:,3,0.003436
/ tondongacorp,/ tondongacorp,3,0.003436
📱tiktok htv thể thao,📱Tiktok HTV Thể thao,3,0.003436
/ htvofficial,/ htvofficial,3,0.003436
📱tiktok tôn đông á:,📱Tiktok Tôn Đông Á:,3,0.003436
xin chúc mừng !,Xin chúc mừng !,3,0.003436
#vivutv #monngonmoingay #banhranxucxich,#VIVUTV #monngonmoingay #BanhranXucXich,3,0.003436
tỏi băm: 1m,Tỏi băm: 1M,3,0.003436
tỏi băm: 2m,Tỏi băm: 2M,3,0.003436
👉 theo dõi các kênh chính thức của đài truyền hình tp. hcm (htv) tại:,👉 Theo dõi các kênh chính thức của Đài truyền hình TP. HCM (HTV) tại:,3,0.003436
► fanpage:,► Fanpage:,3,0.003436
/htv.hcm,/htv.hcm,3,0.003436
* facebook:<url>,* Facebook:https://www.fb.com/htv.hcm,3,0.003436
* tiktok: <url>,* TikTok: https://www.tiktok.com/@htvofficial,3,0.003436
#htvthethao #htvsports #cuptruyenhinhhtvtondonga #cth2024 #xedapcuptruyenhinh#cth36,#HTVThethao #HTVSports #CupTruyenHinhHTVTONDONGA #CTH2024 #xedapcuptruyenhinh#CTH36,2,0.002291
#cupcholonhtv2024 #lansurong #quan5 #htv #htvthethao #htvsports,#cupcholonhtv2024 #lansurong #quan5 #HTV #HTVThethao #HTVSports,2,0.002291
👉 ranh giới trắng đen : <url> ********************,👉 Ranh Giới Trắng Đen : https://bit.ly/RanhGioiTrangDen ********************,2,0.002291
#vivutv #monngonmoingay #chaoca,#VIVUTV #monngonmoingay #ChaoCa,2,0.002291
#vivutv #monngonmoingay #canhchuacaloc,#VIVUTV #monngonmoingay #CanhChuaCaLoc,2,0.002291
#vivutv #monngonmoingay #bunbapbocaichua,#VIVUTV #monngonmoingay #BunBapBoCaiChua,2,0.002291
#vivutv #monngonmoingay #thitvitxaocucaimuoi,#VIVUTV #monngonmoingay #ThitVitXaoCuCaiMuoi,2,0.002291
giò sống: 100g,Giò sống: 100g,2,0.002291
lòng trắng trứng gà: 2 quả,Lòng trắng trứng gà: 2 quả,2,0.002291
đậu hà lan: 50g,Đậu hà lan: 50g,2,0.002291
rau nêm: ngò rí,RAU NÊM: Ngò rí,2,0.002291
#vivutv #monngonmoingay #banhnepnhansodiep,#VIVUTV #monngonmoingay #Banhnepnhansodiep,2,0.002291
#vivutv #monngonmoingay #gahaplae,#VIVUTV #monngonmoingay #GahaplaE,2,0.002291
gia vị nêm sẵn aji-quick® bột tẩm khô chiên giòn,Gia vị nêm sẵn Aji-Quick® Bột tẩm khô chiên giòn,2,0.002291
ớt sừng: 1 trái,Ớt sừng: 1 trái,2,0.002291
giò sống 100g,Giò sống 100g,2,0.002291
bắp mỹ 50g,Bắp Mỹ 50g,2,0.002291
trứng gà 1 trứng,Trứng gà 1 trứng,2,0.002291
hành lá 2 cây,Hành lá 2 cây,2,0.002291
gia vị nêm sẵn aji-quick® bột chiên giòn,Gia vị nêm sẵn Aji-Quick® Bột Chiên Giòn,2,0.002291
cà chua: 1 trái,Cà chua: 1 Trái,2,0.002291
gia vị nêm sẵn aji-quick® lẩu thái,Gia vị nêm sẵn Aji-Quick® Lẩu Thái,2,0.002291
ớt sừng: 1 quả,Ớt sừng: 1 quả,2,0.002291
nấm đông cô tươi: 50g,Nấm đông cô tươi: 50g,2,0.002291
hạt nêm aji-ngon® nấm hương & hạt sen,Hạt nêm Aji-ngon® Nấm Hương & Hạt Sen,2,0.002291
cà rốt: 100g,Cà rốt: 100g,2,0.002291
nước tương “phú sĩ”,Nước tương “Phú Sĩ”,2,0.002291
hành tây: 1/4 củ,Hành tây: 1/4 củ,2,0.002291
bơ lạt: 20g,Bơ lạt: 20g,2,0.002291
ăn kèm: cơm trắng,ĂN KÈM: Cơm trắng,2,0.002291
gia vị: dầu ăn,Gia vị: Dầu ăn,2,0.002291
hành lá: 1 nhánh,Hành lá: 1 nhánh,2,0.002291
mè trắng rang: 1m,Mè trắng rang: 1M,2,0.002291
tương ớt hàn quốc (gochujang): 1m,Tương ớt Hàn Quốc (Gochujang): 1M,2,0.002291
hạt nêm aji-ngon® gà,Hạt nêm Aji-ngon® Gà,2,0.002291
#vivutv #monngonmoingay #canhsuonmitnontraiva,#VIVUTV #monngonmoingay #Canhsuonmitnontraiva,2,0.002291
"rau cần nước được nhiều người yêu thích vì có vị thơm ngon đặc trưng, lại có tính mát, thanh nhiệt như một vị thuốc đông y. một món canh đơn giản với nguyên liệu chính là rau cần nước vừa giúp cơm nhà thêm ngon miệng, vừa có tác dụng chữa bệnh.","Rau cần nước được nhiều người yêu thích vì có vị thơm ngon đặc trưng, lại có tính mát, thanh nhiệt như một vị thuốc Đông Y. Một món canh đơn giản với nguyên liệu chính là rau cần nước vừa giúp cơm nhà thêm ngon miệng, vừa có tác dụng chữa bệnh.",2,0.002291
#vivutv #monngonmoingay #laugamackhen #amthuc #thucdongiadinh,#VIVUTV #monngonmoingay #laugamackhen #amthuc #thucdongiadinh,2,0.002291
#năng_lượng_tích_cực,#năng_lượng_tích_cực,2,0.002291
60 giây sáng - ngày 01/08/2024 - htv tin tức mới nhất 2024,60 Giây Sáng - Ngày 01/08/2024 - HTV Tin Tức Mới Nhất 2024,1,0.001145
60 giây sáng - ngày 02/08/2024 - htv tin tức mới nhất 2024,60 Giây Sáng - Ngày 02/08/2024 - HTV Tin Tức Mới Nhất 2024,1,0.001145
60 giây sáng - ngày 03/08/2024 - htv tin tức mới nhất 2024,60 Giây Sáng - Ngày 03/08/2024 - HTV Tin Tức Mới Nhất 2024,1,0.001145
60 giây sáng - ngày 05/08/2024 - htv tin tức mới nhất 2024,60 Giây Sáng - Ngày 05/08/2024 - HTV Tin Tức Mới Nhất 2024,1,0.001145
60 giây sáng - ngày 06/08/2024 - htv tin tức mới nhất 2024,60 Giây Sáng - Ngày 06/08/2024 - HTV Tin Tức Mới Nhất 2024,1,0.001145
60 giây sáng - ngày 07/08/2024 - htv tin tức mới nhất 2024,60 Giây Sáng - Ngày 07/08/2024 - HTV Tin Tức Mới Nhất 2024,1,0.001145
60 giây sáng - ngày 08/08/2024 - htv tin tức mới nhất 2024,60 Giây Sáng - Ngày 08/08/2024 - HTV Tin Tức Mới Nhất 2024,1,0.001145
60 giây sáng - ngày 09/08/2024 - htv tin tức mới nhất 2024,60 Giây Sáng - Ngày 09/08/2024 - HTV Tin Tức Mới Nhất 2024,1,0.001145
60 giây sáng - ngày 10/08/2024 - htv tin tức mới nhất 2024,60 Giây Sáng - Ngày 10/08/2024 - HTV Tin Tức Mới Nhất 2024,1,0.001145
60 giây sáng - ngày 11/08/2024 - htv tin tức mới nhất 2024,60 Giây Sáng - Ngày 11/08/2024 - HTV Tin Tức Mới Nhất 2024,1,0.001145
60 giây sáng - ngày 12/08/2024 - htv tin tức mới nhất 2024,60 Giây Sáng - Ngày 12/08/2024 - HTV Tin Tức Mới Nhất 2024,1,0.001145
60 giây sáng - ngày 13/08/2024 - htv tin tức mới nhất 2024,60 Giây Sáng - Ngày 13/08/2024 - HTV Tin Tức Mới Nhất 2024,1,0.001145
60 giây sáng - ngày 14/08/2024 - htv tin tức mới nhất 2024,60 Giây Sáng - Ngày 14/08/2024 - HTV Tin Tức Mới Nhất 2024,1,0.001145
60 giây sáng - ngày 15/08/2024 - htv tin tức mới nhất 2024,60 Giây Sáng - Ngày 15/08/2024 - HTV Tin Tức Mới Nhất 2024,1,0.001145
60 giây sáng - ngày 16/08/2024 - htv tin tức mới nhất 2024,60 Giây Sáng - Ngày 16/08/2024 - HTV Tin Tức Mới Nhất 2024,1,0.001145
60 giây sáng - ngày 17/08/2024 - htv tin tức mới nhất 2024,60 Giây Sáng - Ngày 17/08/2024 - HTV Tin Tức Mới Nhất 2024,1,0.001145
60 giây sáng - ngày 18/08/2024 - htv tin tức mới nhất 2024,60 Giây Sáng - Ngày 18/08/2024 - HTV Tin Tức Mới Nhất 2024,1,0.001145
60 giây sáng - ngày 19/08/2024 - htv tin tức mới nhất 2024,60 Giây Sáng - Ngày 19/08/2024 - HTV Tin Tức Mới Nhất 2024,1,0.001145
60 giây sáng - ngày 21/08/2024 - htv tin tức mới nhất 2024,60 Giây Sáng - Ngày 21/08/2024 - HTV Tin Tức Mới Nhất 2024,1,0.001145
60 giây sáng - ngày 22/08/2024 - htv tin tức mới nhất 2024,60 Giây Sáng - Ngày 22/08/2024 - HTV Tin Tức Mới Nhất 2024,1,0.001145
60 giây sáng - ngày 23/08/2024 - htv tin tức mới nhất 2024,60 Giây Sáng - Ngày 23/08/2024 - HTV Tin Tức Mới Nhất 2024,1,0.001145
60 giây sáng - ngày 24/08/2024 - htv tin tức mới nhất 2024,60 Giây Sáng - Ngày 24/08/2024 - HTV Tin Tức Mới Nhất 2024,1,0.001145
60 giây sáng - ngày 25/08/2024 - htv tin tức mới nhất 2024,60 Giây Sáng - Ngày 25/08/2024 - HTV Tin Tức Mới Nhất 2024,1,0.001145
60 giây sáng - ngày 26/08/2024 - htv tin tức mới nhất 2024,60 Giây Sáng - Ngày 26/08/2024 - HTV Tin Tức Mới Nhất 2024,1,0.001145
60 giây sáng - ngày 27/08/2024 - htv tin tức mới nhất 2024,60 Giây Sáng - Ngày 27/08/2024 - HTV Tin Tức Mới Nhất 2024,1,0.001145
60 giây sáng - ngày 28/08/2024 - htv tin tức mới nhất 2024,60 Giây Sáng - Ngày 28/08/2024 - HTV Tin Tức Mới Nhất 2024,1,0.001145
60 giây sáng - ngày 29/08/2024 - htv tin tức mới nhất 2024,60 Giây Sáng - Ngày 29/08/2024 - HTV Tin Tức Mới Nhất 2024,1,0.001145
60 giây sáng - ngày 30/08/2024 - htv tin tức mới nhất 2024,60 Giây Sáng - Ngày 30/08/2024 - HTV Tin Tức Mới Nhất 2024,1,0.001145
60 giây sáng - ngày 31/08/2024 - htv tin tức mới nhất 2024,60 Giây Sáng - Ngày 31/08/2024 - HTV Tin Tức Mới Nhất 2024,1,0.001145
60 giây chiều - ngày 01/08/2024 - htv tin tức mới nhất 2024,60 Giây Chiều - Ngày 01/08/2024 - HTV Tin Tức Mới Nhất 2024,1,0.001145
60 giây chiều - ngày 02/08/2024 - htv tin tức mới nhất 2024,60 Giây Chiều - Ngày 02/08/2024 - HTV Tin Tức Mới Nhất 2024,1,0.001145
60 giây chiều - ngày 03/08/2024 - htv tin tức mới nhất 2024,60 Giây Chiều - Ngày 03/08/2024 - HTV Tin Tức Mới Nhất 2024,1,0.001145
60 giây chiều - ngày 04/08/2024 - htv tin tức mới nhất 2024,60 Giây Chiều - Ngày 04/08/2024 - HTV Tin Tức Mới Nhất 2024,1,0.001145
60 giây chiều - ngày 05/08/2024 - htv tin tức mới nhất 2024,60 Giây Chiều - Ngày 05/08/2024 - HTV Tin Tức Mới Nhất 2024,1,0.001145
60 giây chiều - ngày 06/08/2024 - htv tin tức mới nhất 2024,60 Giây Chiều - Ngày 06/08/2024 - HTV Tin Tức Mới Nhất 2024,1,0.001145
60 giây chiều - ngày 07/08/2024 - htv tin tức mới nhất 2024,60 Giây Chiều - Ngày 07/08/2024 - HTV Tin Tức Mới Nhất 2024,1,0.001145
60 giây chiều - ngày 08/08/2024 - htv tin tức mới nhất 2024,60 Giây Chiều - Ngày 08/08/2024 - HTV Tin Tức Mới Nhất 2024,1,0.001145
60 giây chiều - ngày 09/08/2024 - htv tin tức mới nhất 2024,60 Giây Chiều - Ngày 09/08/2024 - HTV Tin Tức Mới Nhất 2024,1,0.001145
60 giây chiều - ngày 10/08/2024 - htv tin tức mới nhất 2024,60 Giây Chiều - Ngày 10/08/2024 - HTV Tin Tức Mới Nhất 2024,1,0.001145
60 giây chiều - ngày 11/08/2024 - htv tin tức mới nhất 2024,60 Giây Chiều - Ngày 11/08/2024 - HTV Tin Tức Mới Nhất 2024,1,0.001145
60 giây chiều - ngày 12/08/2024 - htv tin tức mới nhất 2024,60 Giây Chiều - Ngày 12/08/2024 - HTV Tin Tức Mới Nhất 2024,1,0.001145
60 giây chiều - ngày 13/08/2024 - htv tin tức mới nhất 2024,60 Giây Chiều - Ngày 13/08/2024 - HTV Tin Tức Mới Nhất 2024,1,0.001145
60 giây chiều - ngày 14/08/2024 - htv tin tức mới nhất 2024,60 Giây Chiều - Ngày 14/08/2024 - HTV Tin Tức Mới Nhất 2024,1,0.001145
60 giây chiều - ngày 15/08/2024 - htv tin tức mới nhất 2024,60 Giây Chiều - Ngày 15/08/2024 - HTV Tin Tức Mới Nhất 2024,1,0.001145
60 giây chiều - ngày 16/08/2024 - htv tin tức mới nhất 2024,60 Giây Chiều - Ngày 16/08/2024 - HTV Tin Tức Mới Nhất 2024,1,0.001145
60 giây chiều - ngày 17/08/2024 - htv tin tức mới nhất 2024,60 Giây Chiều - Ngày 17/08/2024 - HTV Tin Tức Mới Nhất 2024,1,0.001145
60 giây chiều - ngày 18/08/2024 - htv tin tức mới nhất 2024,60 Giây Chiều - Ngày 18/08/2024 - HTV Tin Tức Mới Nhất 2024,1,0.001145
60 giây chiều - ngày 19/08/2024 - htv tin tức mới nhất 2024,60 Giây Chiều - Ngày 19/08/2024 - HTV Tin Tức Mới Nhất 2024,1,0.001145
60 giây chiều - ngày 20/08/2024 - htv tin tức mới nhất 2024,60 Giây Chiều - Ngày 20/08/2024 - HTV Tin Tức Mới Nhất 2024,1,0.001145
60 giây chiều - ngày 21/08/2024 - htv tin tức mới nhất 2024,60 Giây Chiều - Ngày 21/08/2024 - HTV Tin Tức Mới Nhất 2024,1,0.001145
60 giây chiều - ngày 22/08/2024 - htv tin tức mới nhất 2024,60 Giây Chiều - Ngày 22/08/2024 - HTV Tin Tức Mới Nhất 2024,1,0.001145
60 giây chiều - ngày 23/08/2024 - htv tin tức mới nhất 2024,60 Giây Chiều - Ngày 23/08/2024 - HTV Tin Tức Mới Nhất 2024,1,0.001145
60 giây chiều - ngày 24/08/2024 - htv tin tức mới nhất 2024,60 Giây Chiều - Ngày 24/08/2024 - HTV Tin Tức Mới Nhất 2024,1,0.001145
60 giây chiều - ngày 25/08/2024 - htv tin tức mới nhất 2024,60 Giây Chiều - Ngày 25/08/2024 - HTV Tin Tức Mới Nhất 2024,1,0.001145
60 giây chiều - ngày 26/08/2024 - htv tin tức mới nhất 2024,60 Giây Chiều - Ngày 26/08/2024 - HTV Tin Tức Mới Nhất 2024,1,0.001145
60 giây chiều - ngày 27/08/2024 - htv tin tức mới nhất 2024,60 Giây Chiều - Ngày 27/08/2024 - HTV Tin Tức Mới Nhất 2024,1,0.001145
60 giây chiều - ngày 28/08/2024 - htv tin tức mới nhất 2024,60 Giây Chiều - Ngày 28/08/2024 - HTV Tin Tức Mới Nhất 2024,1,0.001145
60 giây chiều - ngày 29/08/2024 - htv tin tức mới nhất 2024,60 Giây Chiều - Ngày 29/08/2024 - HTV Tin Tức Mới Nhất 2024,1,0.001145
60 giây chiều - ngày 30/08/2024 - htv tin tức mới nhất 2024,60 Giây Chiều - Ngày 30/08/2024 - HTV Tin Tức Mới Nhất 2024,1,0.001145
60 giây chiều - ngày 31/08/2024 - htv tin tức mới nhất 2024,60 Giây Chiều - Ngày 31/08/2024 - HTV Tin Tức Mới Nhất 2024,1,0.001145
transcript,Transcript,1,0.001145
cúp chợ lớn - htv 2024,Cúp Chợ Lớn - HTV 2024,1,0.001145
đoàn lân đình nguyễn trung trực - kiên giang | cúp chợ lớn - htv 2024—————,Đoàn Lân Đình Nguyễn Trung Trực - Kiên Giang | Cúp Chợ Lớn - HTV 2024—————,1,0.001145
đón chờ nhân vật bí ẩn??!? 😮😮😮,ĐÓN CHỜ NHÂN VẬT BÍ ẨN??!? 😮😮😮,1,0.001145
"các bạn khán giả ơi, hôm nay là ngày cuối cùng của giải đấu lân sư rồng cúp chợ lớn htv 2024 rồiii!!!","Các bạn khán giả ơi, hôm nay là ngày cuối cùng của giải đấu Lân Sư Rồng Cúp Chợ lớn HTV 2024 rồiii!!!",1,0.001145
🔥nghe nói chúng ta có hẹn đi xem múa lân đúng không ạ??,🔥Nghe nói chúng ta có hẹn đi xem múa Lân đúng không ạ??,1,0.001145
🚨và liệu các nhân vật trong clip có xuất hiện tại giải đấu không??,🚨Và liệu các nhân vật trong clip có xuất hiện tại giải đấu không??,1,0.001145
😉 cùng ad đón xem những đội lân mạnh trong buổi chiều ngày hôm nay nhé!,😉 Cùng ad đón xem những đội Lân mạnh trong buổi chiều ngày hôm nay nhé!,1,0.001145
nam sư lên tàu tháo neo giúp dân đốt tàu chống giặc | đoàn lân tình nghĩa – kiên giang | cúp chợ lớn - htv 2024,Nam Sư Lên Tàu Tháo Neo Giúp Dân Đốt Tàu Chống Giặc | Đoàn Lân Tình Nghĩa – Kiên Giang | Cúp Chợ Lớn - HTV 2024,1,0.001145
thực hiện: trường vân - ngọc bội - võ trung - ngọc bảo,Thực hiện: Trường Vân - Ngọc Bội - Võ Trung - Ngọc Bảo,1,0.001145
nam sư vượt quan sơn mang hương sen về kính dâng lên lăng bác | đoàn lân tứ kỳ - hà nội | cúp chợ lớn - htv 2024,Nam Sư Vượt Quan Sơn Mang Hương Sen Về Kính Dâng Lên Lăng Bác | Đoàn Lân Tứ Kỳ - Hà Nội | Cúp Chợ Lớn - HTV 2024,1,0.001145
"🎉🚨🔥 và đây là màn trình diễn đã giành hạng 3 chung cuộc với số điểm rất cao 8,88 điểm của đoàn lân hào dũng đường - quận 5 - tphcm.","🎉🚨🔥 Và đây là màn trình diễn đã giành hạng 3 chung cuộc với số điểm rất cao 8,88 điểm của Đoàn Lân Hào Dũng Đường - Quận 5 - TPHCM.",1,0.001145
nam sư thưởng ngoạn hoa quả sơn | đoàn lân hào dũng đường - quận 5 | cúp chợ lớn - htv 2024,Nam Sư Thưởng Ngoạn Hoa Quả Sơn | Đoàn Lân Hào Dũng Đường - Quận 5 | Cúp Chợ Lớn - HTV 2024,1,0.001145
🔥🔥🔥 chắc chắn không thể nào bỏ qua 🔥🔥🔥,🔥🔥🔥 CHẮC CHẮN KHÔNG THỂ NÀO BỎ QUA 🔥🔥🔥,1,0.001145
màn trình diễn : kim sư đằng sơn diệt xà tinh thực linh chi | đoàn lân phương tế đường - q.bình tân | cúp chợ lớn - htv 2024,Màn trình diễn : Kim Sư Đằng Sơn Diệt Xà Tinh Thực Linh Chi | Đoàn Lân Phương Tế Đường - Q.Bình Tân | Cúp Chợ Lớn - HTV 2024,1,0.001145
"kính mời quý khán giả đón xem màn trình diễn rất hay với số điểm 8,91 và giành luôn hạng 2 chung cuộc đến từ đoàn lân phương tế đường.","Kính mời quý khán giả đón xem màn trình diễn rất hay với số điểm 8,91 và giành luôn hạng 2 chung cuộc đến từ Đoàn Lân Phương Tế Đường.",1,0.001145
màn trình diễn rất hay để đem về số điểm 8.73 và hạng 7 chung cuộc dành cho đoàn lân kiến nghĩa - đồng tháp tại cúp chợ lớn - htv 2024,Màn trình diễn rất hay để đem về số điểm 8.73 và hạng 7 chung cuộc dành cho Đoàn Lân Kiến Nghĩa - Đồng Tháp tại Cúp Chợ Lớn - HTV 2024,1,0.001145
màn trình diễn: con rồng cháu tiên | đoàn lân tinh anh đường - quận 5 | cúp chợ lớn - htv 2024,Màn trình diễn: Con Rồng Cháu Tiên | Đoàn Lân Tinh Anh Đường - Quận 5 | Cúp Chợ Lớn - HTV 2024,1,0.001145
đã đem về số điểm vô tiền khoáng hậu: 9.05 cùng vị trí nhà vô địch chung cuộc.,Đã đem về số điểm vô tiền khoáng hậu: 9.05 cùng vị trí nhà vô địch chung cuộc.,1,0.001145
xin chúc mừng những nhà vô địch tinh anh đường một lần nữa 🎉🎉🎉,Xin chúc mừng những nhà vô địch Tinh Anh Đường một lần nữa 🎉🎉🎉,1,0.001145
#cupcholonhtv2024 #lansurong #quan5 #htv #htvthethao #htvsports—————,#cupcholonhtv2024 #lansurong #quan5 #HTV #HTVThethao #HTVSports—————,1,0.001145
màn trình diễn rất hay để đêm về số điểm 8.85 và hạng 6 chung cuộc dành dành cho đoàn lân chung huy đường - quận tân bình.,Màn trình diễn rất hay để đêm về số điểm 8.85 và hạng 6 chung cuộc dành dành cho Đoàn Lân Chung Huy Đường - Quận Tân Bình.,1,0.001145
màn trình diễn của đoàn hải nam tinh võ - quận 8 đã đem về 8.38 điểm và hạng 10 chung cuộc tại cúp chợ lớn - htv 2024,Màn trình diễn của Đoàn Hải Nam Tinh Võ - Quận 8 đã đem về 8.38 điểm và hạng 10 chung cuộc tại Cúp Chợ Lớn - HTV 2024,1,0.001145
màn trình diễn: nam sư du hí ăn bông bí | đoàn lân hào nhựt – vĩnh long | cúp chợ lớn - htv 2024,Màn trình diễn: Nam Sư Du Hí Ăn Bông Bí | Đoàn Lân Hào Nhựt – Vĩnh Long | Cúp Chợ Lớn - HTV 2024,1,0.001145
chúc mừng màn trình diễn rất hay mang về điểm số 8.51 và hạng 9 chung cuộc của đoàn lân hào nhật - vĩnh long.,Chúc mừng màn trình diễn rất hay mang về điểm số 8.51 và hạng 9 chung cuộc của đoàn lân Hào Nhật - Vĩnh Long.,1,0.001145
#htv #htvc #htvthethao #htvsports #lansurong #cholon,#HTV #HTVC #HTVThethao #HTVSports #lansurong #cholon,1,0.001145
nam sư vượt núi tìm kim linh châu cứu dân độ thế | đoàn lân tam hòa đường - đồng nai | cúp chợ lớn - htv 2024,Nam Sư Vượt Núi tìm Kim Linh Châu cứu dân độ thế | Đoàn Lân Tam Hòa Đường - Đồng Nai | Cúp Chợ Lớn - HTV 2024,1,0.001145
xin chúc mừng màn trình diễn rất hay khi mang về điểm số 8.68 và hạng 8 chung cuộc của đoàn lân phước anh đường - bình dương.,Xin chúc mừng màn trình diễn rất hay khi mang về điểm số 8.68 và hạng 8 chung cuộc của Đoàn Lân Phước Anh Đường - Bình Dương.,1,0.001145
màn trình diễn đỉnh cao đến từ đoàn lân style 2d - lâm đồng,Màn trình diễn đỉnh cao đến từ Đoàn lân Style 2D - Lâm Đồng,1,0.001145
màn trình diễn đỉnh cao đến từ đoàn lân khải uy quan thánh cung - quận 11 —————,Màn trình diễn đỉnh cao đến từ Đoàn lân Khải Uy Quan Thánh Cung - Quận 11 —————,1,0.001145
đoàn lân đình thần châu phú - an giang | cúp chợ lớn - htv 2024,Đoàn Lân Đình Thần Châu Phú - An Giang | Cúp Chợ Lớn - HTV 2024,1,0.001145
bí quyết ôn thi thpt 2024 | môn lịch sử | chuyên đề 10 | sự phát triển của các nước tư bản chủ nghĩa sau chiến tranh thế giới thứ 2,BÍ QUYẾT ÔN THI THPT 2024 | Môn Lịch sử | Chuyên đề 10 | Sự phát triển của các nước tư bản chủ nghĩa sau chiến tranh thế giới thứ 2,1,0.001145
#vivutv #monngonmoingay #duiechchienme,#VIVUTV #monngonmoingay #DuiEchChienMe,1,0.001145
#vivutv #monngonmoingay #banhcrepe,#VIVUTV #monngonmoingay #BanhCrepe,1,0.001145
#vivutv #monngonmoingay #ucganhoiphomai,#VIVUTV #monngonmoingay #UcGaNhoiPhoMai,1,0.001145
#vivutv #monngonmoingay #pannacotta,#VIVUTV #monngonmoingay #PannaCotta,1,0.001145
#vivutv #monngonmoingay #supmocnhi,#VIVUTV #monngonmoingay #SupMocNhi,1,0.001145
#vivutv #monngonmoingay #cachepchiengion,#VIVUTV #monngonmoingay #CaChepChienGion,1,0.001145
#vivutv #monngonmoingay #saladcangu,#VIVUTV #monngonmoingay #SaladCaNgu,1,0.001145
#vivutv #monngonmoingay #spaghetti,#VIVUTV #monngonmoingay #Spaghetti,1,0.001145
#vivutv #monngonmoingay #bocuonxucxich,#VIVUTV #monngonmoingay #BoCuonXucXich,1,0.001145
#vivutv #monngonmoingay #vitkhorieng,#VIVUTV #monngonmoingay #VitKhoRieng,1,0.001145
#vivutv #monngonmoingay #laukimchi,#VIVUTV #monngonmoingay #LauKimChi,1,0.001145
#vivutv #monngonmoingay #cunangom,#VIVUTV #monngonmoingay #CuNangOm,1,0.001145
#vivutv #monngonmoingay #saladbobacon,#VIVUTV #monngonmoingay #SaladBoBacon,1,0.001145
#vivutv #monngonmoingay #canhoc,#VIVUTV #monngonmoingay #CanhOc,1,0.001145
#vivutv #monngonmoingay #chagio,#VIVUTV #monngonmoingay #Chagio,1,0.001145
#vivutv #monngonmoingay #suonkho,#VIVUTV #monngonmoingay #SuonKho,1,0.001145
#vivutv #monngonmoingay #tomsukho,#VIVUTV #monngonmoingay #TomSuKho,1,0.001145
#vivutv #monngonmoingay #canhsuon,#VIVUTV #monngonmoingay #CanhSuon,1,0.001145
#vivutv #monngonmoingay #canhtom,#VIVUTV #monngonmoingay #CanhTom,1,0.001145
#vivutv #monngonmoingay #timheonuong,#VIVUTV #monngonmoingay #TimHeoNuong,1,0.001145
#vivutv #monngonmoingay #supga,#VIVUTV #monngonmoingay #SupGa,1,0.001145
#vivutv #monngonmoingay #ngheukho,#VIVUTV #monngonmoingay #NgheuKho,1,0.001145
#vivutv #monngonmoingay #xucxichtrungcut,#VIVUTV #monngonmoingay #XucXichTrungCut,1,0.001145
#vivutv #monngonmoingay #saladrongnho,#VIVUTV #monngonmoingay #SaladRongNho,1,0.001145
#vivutv #monngonmoingay #láusuon,#VIVUTV #monngonmoingay #LáuSuon,1,0.001145
#vivutv #monngonmoingay #canhluon,#VIVUTV #monngonmoingay #CanhLuon,1,0.001145
#vivutv #monngonmoingay #photailan,#VIVUTV #monngonmoingay #Photailan,1,0.001145
#vivutv #monngonmoingay #cabasa,#VIVUTV #monngonmoingay #CaBasa,1,0.001145
#vivutv #monngonmoingay #vitnaucomruou,#VIVUTV #monngonmoingay #VitNauComRuou,1,0.001145
#vivutv #monngonmoingay #burgerbo,#VIVUTV #monngonmoingay #burgerBo,1,0.001145
#vivutv #monngonmoingay #megaxaocay,#VIVUTV #monngonmoingay #MeGaXaoCay,1,0.001145
#vivutv #monngonmoingay #bexaolan,#VIVUTV #monngonmoingay #BeXaoLan,1,0.001145
#vivutv #monngonmoingay #mucxao,#VIVUTV #monngonmoingay #MucXao,1,0.001145
#vivutv #monngonmoingay #cahap,#VIVUTV #monngonmoingay #CaHap,1,0.001145
#vivutv #monngonmoingay #daheochien,#VIVUTV #monngonmoingay #DaHeoChien,1,0.001145
#vivutv #monngonmoingay #trasuamatcha,#VIVUTV #monngonmoingay #TrasuaMatcha,1,0.001145
#vivutv #monngonmoingay #suonchay,#VIVUTV #monngonmoingay #SuonChay,1,0.001145
#vivutv #monngonmoingay #saladbeefsteak,#VIVUTV #monngonmoingay #SaladBeefsteak,1,0.001145
#vivutv #monngonmoingay #khoquet,#VIVUTV #monngonmoingay #KhoQuet,1,0.001145
#vivutv #monngonmoingay #cabongtrung,#VIVUTV #monngonmoingay #CaBongTrung,1,0.001145
#vivutv #monngonmoingay #laubothaomoc,#VIVUTV #monngonmoingay #LauBoThaoMoc,1,0.001145
#vivutv #monngonmoingay #blendy,#VIVUTV #monngonmoingay #Blendy,1,0.001145
#vivutv #monngonmoingay #ganuongnuoctuong,#VIVUTV #monngonmoingay #GaNuongNuocTuong,1,0.001145
#vivutv #monngonmoingay #gaxaotieuden,#VIVUTV #monngonmoingay #GaXaoTieuDen,1,0.001145
#vivutv #monngonmoingay #suonboham,#VIVUTV #monngonmoingay #SuonboHam,1,0.001145
#vivutv #monngonmoingay #canhcaraucan,#VIVUTV #monngonmoingay #CanhCaRauCan,1,0.001145
#vivutv #monngonmoingay #bunrieucuabapbo,#VIVUTV #monngonmoingay #BunRieuCuaBapBo,1,0.001145
#vivutv #monngonmoingay #boapchao,#VIVUTV #monngonmoingay #BoApChao,1,0.001145
#vivutv #monngonmoingay #saladtrung,#VIVUTV #monngonmoingay #SaladTrung,1,0.001145
#vivutv #monngonmoingay #xucxichxao,#VIVUTV #monngonmoingay #XucXichXao,1,0.001145
#vivutv #monngonmoingay #canhgachien,#VIVUTV #monngonmoingay #CanhGaChien,1,0.001145
#vivutv #monngonmoingay #cuonchay,#VIVUTV #monngonmoingay #CuonChay,1,0.001145
#vivutv #monngonmoingay #duigaxotteriyaki,#VIVUTV #monngonmoingay #DuiGaXotTeriyaki,1,0.001145
#vivutv #monngonmoingay #canhkhoaimi,#VIVUTV #monngonmoingay #CanhKhoaiMi,1,0.001145
#vivutv #monngonmoingay #blendygaorang,#VIVUTV #monngonmoingay #BlendyGaoRang,1,0.001145
#vivutv #monngonmoingay #canhgatuquy,#VIVUTV #monngonmoingay #CanhGaTuQuy,1,0.001145
#vivutv #monngonmoingay #calongtong,#VIVUTV #monngonmoingay #CaLongTong,1,0.001145
#vivutv #monngonmoingay #gahaphanh,#VIVUTV #monngonmoingay #GaHapHanh,1,0.001145
#vivutv #monngonmoingay #buntronngusac,#VIVUTV #monngonmoingay #BunTronNguSac,1,0.001145
#vivutv #monngonmoingay #ocxaokhe,#VIVUTV #monngonmoingay #OcXaoKhe,1,0.001145
#vivutv #monngonmoingay #bachirimmamruoc,#VIVUTV #monngonmoingay #BaChiRimMamRuoc,1,0.001145
#vivutv #monngonmoingay #gaomkieuhoa,#VIVUTV #monngonmoingay #GaOmKieuHoa,1,0.001145
#vivutv #monngonmoingay #cupcaketrungmuoi,#VIVUTV #monngonmoingay #CupcakeTrungMuoi,1,0.001145
#vivutv #monngonmoingay #laucalang,#VIVUTV #monngonmoingay #LauCaLang,1,0.001145
#vivutv #monngonmoingay #luonnuonglachanh,#VIVUTV #monngonmoingay #LuonNuongLaChanh,1,0.001145
#vivutv #monngonmoingay #bachichien,#VIVUTV #monngonmoingay #BaChiChien,1,0.001145
#vivutv #monngonmoingay #saladtao,#VIVUTV #monngonmoingay #SaladTao,1,0.001145
#vivutv #monngonmoingay #supgacnammo,#VIVUTV #monngonmoingay #SupGacNamMo,1,0.001145
#vivutv #monngonmoingay #đuidequay,#VIVUTV #monngonmoingay #ĐuiDeQuay,1,0.001145
#vivutv #monngonmoingay #lauthai,#VIVUTV #monngonmoingay #LauThai,1,0.001145
#vivutv #monngonmoingay #goicakieunhat,#VIVUTV #monngonmoingay #GoiCaKieuNhat,1,0.001145
#vivutv #monngonmoingay #comchienkimchi,#VIVUTV #monngonmoingay #ComChienKimChi,1,0.001145
#vivutv #monngonmoingay #gaxaochamcheo,#VIVUTV #monngonmoingay #GaXaoChamCheo,1,0.001145
#vivutv #monngonmoingay #chabap,#VIVUTV #monngonmoingay #ChaBap,1,0.001145
#vivutv #monngonmoingay #pancakesocola,#VIVUTV #monngonmoingay #PancakeSoCoLa,1,0.001145
#vivutv #monngonmoingay #caingong,#VIVUTV #monngonmoingay #CaiNgong,1,0.001145
#vivutv #monngonmoingay #cahekhoreu,#VIVUTV #monngonmoingay #CaHeKhoReu,1,0.001145
#vivutv #monngonmoingay #saladmucmangtay,#VIVUTV #monngonmoingay #SaladMucMangTay,1,0.001145
#vivutv #monngonmoingay #padthaichay,#VIVUTV #monngonmoingay #PadThaiChay,1,0.001145
#vivutv #monngonmoingay #chacathu,#VIVUTV #monngonmoingay #ChaCaThu,1,0.001145
#vivutv #monngonmoingay #canhcaminhthai,#VIVUTV #monngonmoingay #CanhCaMinhThai,1,0.001145
#vivutv #monngonmoingay #lauthaidaucaloc,#VIVUTV #monngonmoingay #LauThaiDauCaLoc,1,0.001145
#vivutv #monngonmoingay #supcuavithai,#VIVUTV #monngonmoingay #SupCuaViThai,1,0.001145
#vivutv #monngonmoingay #mucchiengion,#VIVUTV #monngonmoingay #MucChienGion,1,0.001145
#vivutv #monngonmoingay #chalaxuongsong,#VIVUTV #monngonmoingay #ChaLaXuongSong,1,0.001145
#vivutv #monngonmoingay #blendykemnho,#VIVUTV #monngonmoingay #BlendyKemNho,1,0.001145
#vivutv #monngonmoingay #thitbeomgiamnghe,#VIVUTV #monngonmoingay #ThitBeOmGiamNghe,1,0.001145
#vivutv #monngonmoingay #cangucuonphomai,#VIVUTV #monngonmoingay #CaNguCuonPhoMai,1,0.001145
#vivutv #monngonmoingay #nguubangchientom,#VIVUTV #monngonmoingay #NguuBangChienTom,1,0.001145
#vivutv #monngonmoingay #suonnonxuyentieu,#VIVUTV #monngonmoingay #SuonnonXuyenTieu,1,0.001145
#vivutv #monngonmoingay #suonheoom,#VIVUTV #monngonmoingay #SuonHeoOm,1,0.001145
#vivutv #monngonmoingay #vienthanhcua,#VIVUTV #monngonmoingay #VienThanhCua,1,0.001145
#vivutv #monngonmoingay #canhtomkhoaimai,#VIVUTV #monngonmoingay #CanhTomKhoaiMai,1,0.001145
#vivutv #monngonmoingay #matchacaphe,#VIVUTV #monngonmoingay #MatchaCaphe,1,0.001145
#vivutv #monngonmoingay #tomnebotoi,#VIVUTV #monngonmoingay #TomNeBoToi,1,0.001145
#vivutv #monngonmoingay #tomcanghap,#VIVUTV #monngonmoingay #TomCangHap,1,0.001145
#vivutv #monngonmoingay #maheonuongtao,#VIVUTV #monngonmoingay #MaHeoNuongTao,1,0.001145
#vivutv #monngonmoingay #pancakexotdauga,#VIVUTV #monngonmoingay #PancakeXotDauGa,1,0.001145
#vivutv #monngonmoingay #thanheocuoncai,#VIVUTV #monngonmoingay #ThanHeoCuonCai,1,0.001145
#vivutv #monngonmoingay #chomchomtomchien,#VIVUTV #monngonmoingay #ChomChomTomChien,1,0.001145
#vivutv #monngonmoingay #tomyumkung,#VIVUTV #monngonmoingay #TomYumKung,1,0.001145
#vivutv #monngonmoingay #cathuxotxoai,#VIVUTV #monngonmoingay #CaThuXotXoai,1,0.001145
#vivutv #monngonmoingay #canhtomchuacay,#VIVUTV #monngonmoingay #CanhTomChuaCay,1,0.001145
#vivutv #monngonmoingay #khoaichienlac,#VIVUTV #monngonmoingay #KhoaiChienLac,1,0.001145
#vivutv #monngonmoingay #xoicamthitcua,#VIVUTV #monngonmoingay #XoiCamThitCua,1,0.001145
#vivutv #monngonmoingay #tepruong,#VIVUTV #monngonmoingay #TepRuong,1,0.001145
#vivutv #monngonmoingay #banhmihanhnhan,#VIVUTV #monngonmoingay #BanhMiHanhNhan,1,0.001145
#vivutv #monngonmoingay #becuon,#VIVUTV #monngonmoingay #BeCuon,1,0.001145
#vivutv #monngonmoingay #cangumayonnaise,#VIVUTV #monngonmoingay #CaNguMayonnaise,1,0.001145
#vivutv #monngonmoingay #banhran,#VIVUTV #monngonmoingay #BanhRan,1,0.001145
#vivutv #monngonmoingay #cahoi,#VIVUTV #monngonmoingay #CaHoi,1,0.001145
#vivutv #monngonmoingay #suonnonkho,#VIVUTV #monngonmoingay #SuonNonKho,1,0.001145
#vivutv #monngonmoingay #canhcusenatiso,#VIVUTV #monngonmoingay #CanhCuSenAtiso,1,0.001145
#vivutv #monngonmoingay #baroisaot,#VIVUTV #monngonmoingay #BaRoiSaOt,1,0.001145
#vivutv #monngonmoingay #gacaryxanh,#VIVUTV #monngonmoingay #GaCaryXanh,1,0.001145
#vivutv #monngonmoingay #doitruongxao,#VIVUTV #monngonmoingay #DoiTruongXao,1,0.001145
#vivutv #monngonmoingay #sungaranglacary,#VIVUTV #monngonmoingay #SunGaRangLaCary,1,0.001145
#vivutv #monngonmoingay #saladcamdaudo,#VIVUTV #monngonmoingay #SaladCamDauDo,1,0.001145
#vivutv #monngonmoingay #bachtuoc,#VIVUTV #monngonmoingay #BachTuoc,1,0.001145
#vivutv #monngonmoingay #dongcobachhoa,#VIVUTV #monngonmoingay #DongCoBachHoa,1,0.001145
#vivutv #monngonmoingay #cahoixongkhoi,#VIVUTV #monngonmoingay #CaHoiXongKhoi,1,0.001145
#vivutv #monngonmoingay #lauhoacakeo,#VIVUTV #monngonmoingay #LauHoaCaKeo,1,0.001145
#vivutv #monngonmoingay #mitnonomsuon,#VIVUTV #monngonmoingay #MitnonOmSuon,1,0.001145
#vivutv #monngonmoingay #duigabarbecue,#VIVUTV #monngonmoingay #DuigaBarbecue,1,0.001145
#vivutv #monngonmoingay #baroirimchaycanh,#VIVUTV #monngonmoingay #BaRoiRimChayCanh,1,0.001145
#vivutv #monngonmoingay #sandwichnong,#VIVUTV #monngonmoingay #SandwichNong,1,0.001145
#vivutv #monngonmoingay #banhransocola,#VIVUTV #monngonmoingay #BanhRanSocola,1,0.001145
#vivutv #monngonmoingay #thitboxaobongsodua,#VIVUTV #monngonmoingay #ThitBoXaoBongSoDua,1,0.001145
#vivutv #monngonmoingay #chaocnuonglalot,#VIVUTV #monngonmoingay #ChaOcNuongLaLot,1,0.001145
#vivutv #monngonmoingay #cuarangxottac,#VIVUTV #monngonmoingay #CuaRangXotTac,1,0.001145
#vivutv #monngonmoingay #pancaketrungkhuay,#VIVUTV #monngonmoingay #PancakeTrungKhuay,1,0.001145
#vivutv #monngonmoingay #chagiotauhuky,#VIVUTV #monngonmoingay #ChaGioTauHuKy,1,0.001145
#vivutv #monngonmoingay #canhganuongcay,#VIVUTV #monngonmoingay #CanhGaNuongCay,1,0.001145
#vivutv #monngonmoingay #gỗiaitomsa,#VIVUTV #monngonmoingay #GỗiaiTomSa,1,0.001145
#vivutv #monngonmoingay #lauvittiato,#VIVUTV #monngonmoingay #LauVitTiaTo,1,0.001145
#vivutv #monngonmoingay #catrungchiengion,#VIVUTV #monngonmoingay #CaTrungChienGion,1,0.001145
#vivutv #monngonmoingay #saladborauma,#VIVUTV #monngonmoingay #SaladBoRauMa,1,0.001145
#vivutv #monngonmoingay #micanxotnam,#VIVUTV #monngonmoingay #MiCanXotNam,1,0.001145
#vivutv #monngonmoingay #canhchuacadua,#VIVUTV #monngonmoingay #CanhChuaCaDua,1,0.001145
#vivutv #monngonmoingay #sandwichtrungcut,#VIVUTV #monngonmoingay #SandwichTrungCut,1,0.001145
#vivutv #monngonmoingay #canhbidohanhnhan,#VIVUTV #monngonmoingay #CanhBiDoHanhNhan,1,0.001145
#vivutv #monngonmoingay #baotukhianuocdua,#VIVUTV #monngonmoingay #BaoTuKhiaNuocDua,1,0.001145
#vivutv #monngonmoingay #catimnhoithit,#VIVUTV #monngonmoingay #CaTimNhoiThit,1,0.001145
#vivutv #monngonmoingay #goixoaicatre,#VIVUTV #monngonmoingay #GoiXoaiCaTre,1,0.001145
#vivutv #monngonmoingay #pancakesacmau,#VIVUTV #monngonmoingay #PancakeSacMau,1,0.001145
#vivutv #monngonmoingay #matchaplan,#VIVUTV #monngonmoingay #MatchaPlan,1,0.001145
#vivutv #monngonmoingay #tomcangdutlo,#VIVUTV #monngonmoingay #TomCangDutLo,1,0.001145
#vivutv #monngonmoingay #canhcuakhoqua,#VIVUTV #monngonmoingay #CanhCuaKhoQua,1,0.001145
#vivutv #monngonmoingay #canhcachepgion,#VIVUTV #monngonmoingay #CanhCaChepGion,1,0.001145
#vivutv #monngonmoingay #saladcamtinhyeu,#VIVUTV #monngonmoingay #SaladCamTinhYeu,1,0.001145
#vivutv #monngonmoingay #nemchayran,#VIVUTV #monngonmoingay #NemChayRan,1,0.001145
#vivutv #monngonmoingay #cakeochienme,#VIVUTV #monngonmoingay #CaKeoChienMe,1,0.001145
#vivutv #monngonmoingay #comchienduabo,#VIVUTV #monngonmoingay #ComChienDuaBo,1,0.001145
#vivutv #monngonmoingay #suonchienlalot,#VIVUTV #monngonmoingay #SuonChienLaLot,1,0.001145
#vivutv #monngonmoingay #casongnuong,#VIVUTV #monngonmoingay #CaSongNuong,1,0.001145
#vivutv #monngonmoingay #galuocxoigac,#VIVUTV #monngonmoingay #GaLuocXoiGac,1,0.001145
#vivutv #monngonmoingay #ganxaolacari,#VIVUTV #monngonmoingay #GanXaoLaCari,1,0.001145
#vivutv #monngonmoingay #laucollagen,#VIVUTV #monngonmoingay #LauCollagen,1,0.001145
#vivutv #monngonmoingay #thitkhotrung,#VIVUTV #monngonmoingay #ThitKhoTrung,1,0.001145
#vivutv #monngonmoingay #lauchaochimcut,#VIVUTV #monngonmoingay #LauChaoChimCut,1,0.001145
#vivutv #monngonmoingay #pancakehoacuc,#VIVUTV #monngonmoingay #PancakeHoacuc,1,0.001145
#vivutv #monngonmoingay #chamaicualalot,#VIVUTV #monngonmoingay #ChaMaicuaLaLot,1,0.001145
#vivutv #monngonmoingay #catuyetxotnanban,#VIVUTV #monngonmoingay #CaTuyetXotNanban,1,0.001145
#vivutv #monngonmoingay #canhtombanhgao,#VIVUTV #monngonmoingay #CanhTomBanhGao,1,0.001145
#vivutv #monngonmoingay #trunghaphaurongbien,#VIVUTV #monngonmoingay #TrungHapHauRongBien,1,0.001145
#vivutv #monngonmoingay #xaolanchay,#VIVUTV #monngonmoingay #XaoLanChay,1,0.001145
#vivutv #monngonmoingay #vitlonxaome,#VIVUTV #monngonmoingay #VitLonXaoMe,1,0.001145
#vivutv #monngonmoingay #gachienxottarutaru,#VIVUTV #monngonmoingay #GaChienXotTaRuTaRu,1,0.001145
#vivutv #monngonmoingay #bapboxaodaurong,#VIVUTV #monngonmoingay #BapBoXaoDauRong,1,0.001145
#vivutv #monngonmoingay #catramkhorieng,#VIVUTV #monngonmoingay #CaTramkhoRieng,1,0.001145
#vivutv #monngonmoingay #mucxaoxottieuxanh,#VIVUTV #monngonmoingay #MucXaoXotTieuXanh,1,0.001145
#vivutv #monngonmoingay #banhittran,#VIVUTV #monngonmoingay #BanhItTran,1,0.001145
#vivutv #monngonmoingay #laukimchichanga,#VIVUTV #monngonmoingay #LauKimChichanGa,1,0.001145
#vivutv #monngonmoingay #khoquanhoinam,#VIVUTV #monngonmoingay #KhoQuaNhoiNam,1,0.001145
#vivutv #monngonmoingay #bolalotchien,#VIVUTV #monngonmoingay #BoLaLotChien,1,0.001145
#vivutv #monngonmoingay #matchasuacacao,#VIVUTV #monngonmoingay #MatchaSuaCacao,1,0.001145
#vivutv #monngonmoingay #soupduoibochuacay,#VIVUTV #monngonmoingay #SoupDuoiBoChuaCay,1,0.001145
#vivutv #monngonmoingay #canhgachienbapphomai,#VIVUTV #monngonmoingay #CanhGaChienBapPhomai,1,0.001145
#vivutv #monngonmoingay #laucuadong,#VIVUTV #monngonmoingay #LauCuaDong,1,0.001145
#vivutv #monngonmoingay #lauchaomuc,#VIVUTV #monngonmoingay #LauChaoMuc,1,0.001145
#vivutv #monngonmoingay #calocnuong,#VIVUTV #monngonmoingay #CaLocNuong,1,0.001145
#vivutv #monngonmoingay #bunmam,#VIVUTV #monngonmoingay #BunMam,1,0.001145
#vivutv #monngonmoingay #banhkhotlacam,#VIVUTV #monngonmoingay #BanhKhotLaCam,1,0.001145
#vivutv #monngonmoingay #ngheunuongxotme,#VIVUTV #monngonmoingay #NgheuNuongXotMe,1,0.001145
#vivutv #monngonmoingay #mangtaychienbia,#VIVUTV #monngonmoingay #MangTayChienBia,1,0.001145
#vivutv #monngonmoingay #muconghapcusan,#VIVUTV #monngonmoingay #MucOngHapCuSan,1,0.001145
#vivutv #monngonmoingay #kemvitramatchablendy,#VIVUTV #monngonmoingay #KemViTraMatchaBlendy,1,0.001145
#vivutv #monngonmoingay #baotukhiaxaxi,#VIVUTV #monngonmoingay #BaoTuKhiaXaXi,1,0.001145
#vivutv #monngonmoingay #mitnonkhonam,#VIVUTV #monngonmoingay #MitNonKhoNam,1,0.001145
#vivutv #monngonmoingay #cotletchien,#VIVUTV #monngonmoingay #CotLetChien,1,0.001145
#vivutv #monngonmoingay #banhrantraicay,#VIVUTV #monngonmoingay #BanhRanTraiCay,1,0.001145
#vivutv #monngonmoingay #cathuxotthaomoc,#VIVUTV #monngonmoingay #CaThuXotThaoMoc,1,0.001145
#vivutv #monngonmoingay #xoixaxiu,#VIVUTV #monngonmoingay #XoiXaXiu,1,0.001145
#vivutv #monngonmoingay #bonuonglacach,#VIVUTV #monngonmoingay #BoNuongLaCach,1,0.001145
#vivutv #monngonmoingay #canhchuadaucahoi,#VIVUTV #monngonmoingay #CanhChuaDauCaHoi,1,0.001145
#vivutv #monngonmoingay #sakechiengion,#VIVUTV #monngonmoingay #SaKeChienGion,1,0.001145
#vivutv #monngonmoingay #timheoxaomangtay,#VIVUTV #monngonmoingay #TimHeoXaoMangTay,1,0.001145
#vivutv #monngonmoingay #echomtoi,#VIVUTV #monngonmoingay #EchOmToi,1,0.001145
#vivutv #monngonmoingay #mitronxotmayonnaise,#VIVUTV #monngonmoingay #MiTronXotMayonnaise,1,0.001145
#vivutv #monngonmoingay #cacomthanchienme,#VIVUTV #monngonmoingay #CaComThanChienMe,1,0.001145
#vivutv #monngonmoingay #tomcangkhotrungmuoi,#VIVUTV #monngonmoingay #TomCangKhoTrungMuoi,1,0.001145
#vivutv #monngonmoingay #photron,#VIVUTV #monngonmoingay #photron,1,0.001145
#vivutv #monngonmoingay #banhcanhchay,#VIVUTV #monngonmoingay #BanhCanhChay,1,0.001145
#vivutv #monngonmoingay #lauvithamsa,#VIVUTV #monngonmoingay #LauVitHamSa,1,0.001145
#vivutv #monngonmoingay #luoncahoichiennuocmam,#VIVUTV #monngonmoingay #LuonCaHoiChiennuocMam,1,0.001145
#vivutv #monngonmoingay ##saladcuataoxanh,#VIVUTV #monngonmoingay ##SaladCuaTaoXanh,1,0.001145
#vivutv #monngonmoingay ##suonchienxotman,#VIVUTV #monngonmoingay ##SuonChienXotMan,1,0.001145
#vivutv #monngonmoingay #cariga,#VIVUTV #monngonmoingay #CaRiGa,1,0.001145
#vivutv #monngonmoingay #laucavien,#VIVUTV #monngonmoingay #LauCaVien,1,0.001145
#vivutv #monngonmoingay #doitruonghaphanhgung,#VIVUTV #monngonmoingay #DoiTruongHapHanhGung,1,0.001145
#vivutv #monngonmoingay #bapcaitimtrontom,#VIVUTV #monngonmoingay #BapCaiTimTronTom,1,0.001145
#vivutv #monngonmoingay #canhkhoquahamthit,#VIVUTV #monngonmoingay #CanhKhoQuaHamThit,1,0.001145
#vivutv #monngonmoingay #tômchiêngion,#VIVUTV #monngonmoingay #TômChiênGion,1,0.001145
#vivutv #monngonmoingay #suonnuongtieu,#VIVUTV #monngonmoingay #SuonNuongTieu,1,0.001145
#vivutv #monngonmoingay #sandwichtraicay,#VIVUTV #monngonmoingay #SandwichTraiCay,1,0.001145
#vivutv #monngonmoingay #canhchuavithai,#VIVUTV #monngonmoingay #Canhchuavithai,1,0.001145
#vivutv #monngonmoingay #cualotchiengion,#VIVUTV #monngonmoingay #Cualotchiengion,1,0.001145
#vivutv #monngonmoingay #khaivicahoi,#VIVUTV #monngonmoingay #KhaiViCaHoi,1,0.001145
#vivutv #monngonmoingay #launamchay,#VIVUTV #monngonmoingay #LauNamChay,1,0.001145
#vivutv #monngonmoingay #cahoicuonbo,#VIVUTV #monngonmoingay #CaHoicuonbo,1,0.001145
#vivutv #monngonmoingay #ochuongxao,#VIVUTV #monngonmoingay #OcHuongXao,1,0.001145
#vivutv #monngonmoingay #pancakexoaikemtuoi,#VIVUTV #monngonmoingay #Pancakexoaikemtuoi,1,0.001145
#vivutv #monngonmoingay #canhgachiendua,#VIVUTV #monngonmoingay #CanhGaChienDua,1,0.001145
#vivutv #monngonmoingay #búnsuonnon,#VIVUTV #monngonmoingay #BúnSuonNon,1,0.001145
#vivutv #monngonmoingay #canhhaosuamangchua,#VIVUTV #monngonmoingay #CanhHaoSuaMangChua,1,0.001145
#vivutv #monngonmoingay #trungcutxaochuangot,#VIVUTV #monngonmoingay #TrungCutXaoChuaNgot,1,0.001145
#vivutv #monngonmoingay #laugachuacay,#VIVUTV #monngonmoingay #LauGaChuaCay,1,0.001145
#vivutv #monngonmoingay #saladtomthanhmat,#VIVUTV #monngonmoingay #Saladtomthanhmat,1,0.001145
#vivutv #monngonmoingay #cadieuhongnuong,#VIVUTV #monngonmoingay #CaDieuHongNuong,1,0.001145
#vivutv #monngonmoingay #bobeefsteak,#VIVUTV #monngonmoingay #Bobeefsteak,1,0.001145
#vivutv #monngonmoingay #chacathila,#VIVUTV #monngonmoingay #ChaCaThiLa,1,0.001145
#vivutv #monngonmoingay #banhranbodua,#VIVUTV #monngonmoingay #BanhRanBoDua,1,0.001145
#vivutv #monngonmoingay #suonnaudaungu,#VIVUTV #monngonmoingay #SuonNauDauNgu,1,0.001145
#vivutv #monngonmoingay #cathuchiennghe,#VIVUTV #monngonmoingay #CaThuChienNghe,1,0.001145
#vivutv #monngonmoingay #gioheohonduanuoc,#VIVUTV #monngonmoingay #gioheohonduanuoc,1,0.001145
#vivutv #monngonmoingay #duigaapchaoxotthom,#VIVUTV #monngonmoingay #Duigaapchaoxotthom,1,0.001145
thịt gà xay: 200g,Thịt gà xay: 200g,1,0.001145
"hạt sen tươi: 100g, hấp chín tán nhuyễn","Hạt sen tươi: 100g, hấp chín tán nhuyễn",1,0.001145
lòng đỏ trứng muối : 2 cái lòng đỏ hấp chín tán nhuyễn,Lòng đỏ trứng muối : 2 Cái lòng đỏ hấp chín tán nhuyễn,1,0.001145
bắp mỹ: 50g bào mỏng,Bắp mỹ: 50g Bào mỏng,1,0.001145
mè trắng rang: 50g xay nhỏ,Mè trắng rang: 50g Xay nhỏ,1,0.001145
cọng ngò rí cắt nhỏ: 2m,Cọng ngò rí cắt nhỏ: 2M,1,0.001145
nước chanh: 1/2m,Nước chanh: 1/2M,1,0.001145
"mỡ heo: 50g luộc, cắt nhuyễn","Mỡ heo: 50g luộc, cắt nhuyễn",1,0.001145
"ăn kèm: salad các loại (xà lách dún xanh, xà lách mỹ, cà chua bi, dưa leo).","ĂN KÈM: Salad các loại (xà lách dún xanh, xà lách Mỹ, cà chua bi, dưa leo).",1,0.001145
"gia vị: dầu ăn, hành phi, bột ngọt aji-no-moto®, xốt mayonnaise aji-mayo® vị nguyên bản, gia vị nêm sẵn aji-quick® bột tẩm khô chiên giòn.","Gia vị: Dầu ăn, Hành phi, Bột ngọt AJI-NO-MOTO®, Xốt Mayonnaise Aji-mayo® vị nguyên bản, Gia vị nêm sẵn Aji-Quick® Bột tẩm khô chiên giòn.",1,0.001145
#vivutv #monngonmoingay #banhgachienxotme,#VIVUTV #monngonmoingay #banhgachienxotme,1,0.001145
lá hoành thánh: 20 miếng cắt hình bông hoa,Lá hoành thánh: 20 miếng cắt hình bông hoa,1,0.001145
củ năng: 3 củ,Củ năng: 3 củ,1,0.001145
khoai cau hấp chín: 100g tán nhuyễn,Khoai cau hấp chín: 100g tán nhuyễn,1,0.001145
"nấm mèo : 1 tai vừa, cắt nhỏ","Nấm mèo : 1 tai vừa, cắt nhỏ",1,0.001145
nấm hương: 5 tai cắt nhỏ,Nấm hương: 5 tai cắt nhỏ,1,0.001145
đậu hũ trắng: 1/2 miếng nhỏ,Đậu hũ trắng: 1/2 miếng nhỏ,1,0.001145
bánh tráng mè nướng bóp vụn 2m,bánh tráng mè nướng bóp vụn 2M,1,0.001145
"rau nêm: cọng ngò rí băm, ớt sừng băm","RAU NÊM: Cọng ngò rí băm, ớt sừng băm",1,0.001145
"ăn kèm: xà lách, cà chua","ĂN KÈM: Xà lách, cà chua",1,0.001145
"gia vị: đường, dầu ăn, tiêu, dầu mè, tương xí muội, 1m hành boaro phi, 1/2m tiêu xanh, nước tương “phú sĩ”, hạt nêm aji-ngon® nấm","Gia vị: Đường, dầu ăn, tiêu, dầu mè, tương xí muội, 1M hành boaro phi, 1/2M tiêu xanh, Nước tương “Phú Sĩ”, Hạt nêm Aji-ngon® Nấm",1,0.001145
#vivutv #monngonmoingay #hoanhthanhchay,#VIVUTV #monngonmoingay #HoanhThanhChay,1,0.001145
"tôm sú size nhỏ nhất: 500g, lột giữ đầu vỏ, thịt xay nhỏ giữ lạnh","Tôm sú size nhỏ nhất: 500g, lột giữ đầu vỏ, thịt xay nhỏ giữ lạnh",1,0.001145
cà chua chín đỏ: 2 quả,Cà chua chín đỏ: 2 quả,1,0.001145
thơm gọt vỏ: 1/4 quả,Thơm gọt vỏ: 1/4 quả,1,0.001145
giá đỗ bỏ rễ: 80g,Giá đỗ bỏ rễ: 80g,1,0.001145
hành tím cắt lát: 2 củ,Hành tím cắt lát: 2 củ,1,0.001145
"rau nêm: ngò gai, rau ôm","RAU NÊM: Ngò gai, rau ôm",1,0.001145
"gia vị: dầu ăn, bột canh của công ty ajinomoto việt nam, đường, nước mắm, giấm gạo lên men của công ty ajinomoto việt nam","Gia vị: Dầu ăn, Bột Canh của Công ty Ajinomoto Việt Nam, đường, nước mắm, Giấm gạo lên men của Công ty Ajinomoto Việt Nam",1,0.001145
#vivutv #monngonmoingay #canhchuatomnuoctrong,#VIVUTV #monngonmoingay #Canhchuatomnuoctrong,1,0.001145
#vivutv #monngonmoingay #cuonrongbienchiengion,#VIVUTV #monngonmoingay #CuonRongbienChienGion,1,0.001145
#vivutv #monngonmoingay #cookíesblendy,#VIVUTV #monngonmoingay #CookíesBlendy,1,0.001145
#vivutv #monngonmoingay #canhsuonbocusen,#VIVUTV #monngonmoingay #CanhSuonBoCuSen,1,0.001145
#vivutv #monngonmoingay #ngheukhoto,#VIVUTV #monngonmoingay #NgheuKhoTo,1,0.001145
#vivutv #monngonmoingay #duigachiencay,#VIVUTV #monngonmoingay #DuiGaChienCay,1,0.001145
#vivutv #monngonmoingay #vitxaolamacmat,#VIVUTV #monngonmoingay #VitXaoLaMacMat,1,0.001145
#vivutv #monngonmoingay #suonnonxotgiamdo,#VIVUTV #monngonmoingay #SuonNonXotGiamDo,1,0.001145
#vivutv #monngonmoingay #canhgioheoraucu,#VIVUTV #monngonmoingay #CanhGioHeoRauCu,1,0.001145
#vivutv #monngonmoingay #chatomnhoimucnuong,#VIVUTV #monngonmoingay #ChaTomNhoimucNuong,1,0.001145
#vivutv #monngonmoingay #bokhochay,#VIVUTV #monngonmoingay #BoKhoChay,1,0.001145
#vivutv #monngonmoingay #garuchannam,#VIVUTV #monngonmoingay #GaRuChanNam,1,0.001145
#vivutv #monngonmoingay #mỳyxotnam,#VIVUTV #monngonmoingay #MỳYXotNam,1,0.001145
#vivutv #monngonmoingay #echkhomang,#VIVUTV #monngonmoingay #EchKhoMang,1,0.001145
#vivutv #monngonmoingay #baconcuon,#VIVUTV #monngonmoingay #BaconCuon,1,0.001145
#vivutv #monngonmoingay #cacomchienbonghe,#VIVUTV #monngonmoingay #CaComChienBongHe,1,0.001145
#vivutv #monngonmoingay #canhcahong,#VIVUTV #monngonmoingay #CanhCaHong,1,0.001145
#vivutv #monngonmoingay #nomluoilonsuhao,#VIVUTV #monngonmoingay #NomLuoiLonSuHao,1,0.001145
#vivutv #monngonmoingay #bapcaihapnamtom,#VIVUTV #monngonmoingay #BapCaiHapNamTom,1,0.001145
#vivutv #monngonmoingay #goihoachuoithitgachay,#VIVUTV #monngonmoingay #GoihoachuoiThitgachay,1,0.001145
#vivutv #monngonmoingay #casapa,#VIVUTV #monngonmoingay #CaSaPa,1,0.001145
#vivutv #monngonmoingay #xoigadauxanh,#VIVUTV #monngonmoingay #Xoigadauxanh,1,0.001145
#vivutv #monngonmoingay #daubapnhoichacachien,#VIVUTV #monngonmoingay #DauBapNhoiChaCaChien,1,0.001145
#vivutv #monngonmoingay #pankacexepnhansaurieng,#VIVUTV #monngonmoingay #pankacexepnhansaurieng,1,0.001145
#vivutv #monngonmoingay #canhgaxotmutat,#VIVUTV #monngonmoingay #CanhGaXotMutat,1,0.001145
#vivutv #monngonmoingay #tomchiendua,#VIVUTV #monngonmoingay #TomChienDua,1,0.001145
#vivutv #monngonmoingay #khoaitayvien,#VIVUTV #monngonmoingay #KhoaiTayVien,1,0.001145
#vivutv #monngonmoingay #holoca,#VIVUTV #monngonmoingay #HoLoCa,1,0.001145
#vivutv #monngonmoingay #cabopkhoto,#VIVUTV #monngonmoingay #Cabopkhoto,1,0.001145
#vivutv #monngonmoingay #banransocola,#VIVUTV #monngonmoingay #BanRanSocola,1,0.001145
#vivutv #monngonmoingay #trungcuonkieunhat,#VIVUTV #monngonmoingay #TrungcuonkieuNhat,1,0.001145
#vivutv #monngonmoingay #mucxaosaot,#VIVUTV #monngonmoingay #MucXaoSaOt,1,0.001145
#vivutv #monngonmoingay #canhchuasuonnon,#VIVUTV #monngonmoingay #CanhChuasuonNon,1,0.001145
#vivutv #monngonmoingay #cotletchiensaot,#VIVUTV #monngonmoingay #Cotletchiensaot,1,0.001145
#vivutv #monngonmoingay #canucxotthom,#VIVUTV #monngonmoingay #CaNucXotThom,1,0.001145
#vivutv #monngonmoingay #banhgaoxaocay,#VIVUTV #monngonmoingay #BanhGaoXaoCay,1,0.001145
#vivutv #monngonmoingay #dauhunonxotcay,#VIVUTV #monngonmoingay #DauHunonXotCay,1,0.001145
#vivutv #monngonmoingay #hutieuxaosohuyet,#VIVUTV #monngonmoingay #Hutieuxaosohuyet,1,0.001145
mát lạnh từng giây với smoothie trà sữa dâu,MÁT LẠNH TỪNG GIÂY VỚI SMOOTHIE TRÀ SỮA DÂU,1,0.001145
#vivutv #monngonmoingay #smoothietrasuadau,#VIVUTV #monngonmoingay #smoothietrasuadau,1,0.001145
#vivutv #monngonmoingay #banhminuongtoi,#VIVUTV #monngonmoingay #Banhminuongtoi,1,0.001145
xá xíu: 80g,Xá xíu: 80g,1,0.001145
cơm trắng: 4 chén,Cơm trắng: 4 chén,1,0.001145
lạp xưởng: 1 cây (luộc),Lạp xưởng: 1 cây (luộc),1,0.001145
cà rốt: 80g,Cà rốt: 80g,1,0.001145
trứng gà: 2 quả,Trứng gà: 2 quả,1,0.001145
tôm khô: 20g (ngâm),Tôm khô: 20g (ngâm),1,0.001145
"dầu điều, xốt cà chua","Dầu điều, xốt cà chua",1,0.001145
"gia vị: tỏi băm, hành lá, ngò rí, muối, tiêu, đường, dầu ăn, nước tương ""phú sĩ"", hạt nêm aji-ngon® heo","Gia vị: Tỏi băm, hành lá, ngò rí, muối, tiêu, đường, dầu ăn, Nước tương ""Phú Sĩ"", Hạt nêm Aji-ngon® Heo",1,0.001145
#vivutv #monngonmoingay #comchienduongchau,#VIVUTV #monngonmoingay #ComChienDuongChau,1,0.001145
#vivutv #monngonmoingay #banhrannhankhoailang,#VIVUTV #monngonmoingay #BanhRannhankhoailang,1,0.001145
chả lụa chay: 200g,Chả lụa chay: 200g,1,0.001145
tàu hũ ky lá: 2 lá to,Tàu hũ ky lá: 2 lá to,1,0.001145
nước dừa tươi: 1 trái,Nước dừa tươi: 1 trái,1,0.001145
thơm: 1/4 trái,Thơm: 1/4 trái,1,0.001145
ớt hiểm: 2 trái,Ớt hiểm: 2 trái,1,0.001145
ớt sừng: 2 trái,Ớt sừng: 2 trái,1,0.001145
bông hẹ chần: 20 cọng,Bông hẹ chần: 20 cọng,1,0.001145
boaro,Boaro,1,0.001145
rau nêm: ngò,RAU NÊM: Ngò,1,0.001145
"gia vị: tiêu, đường, dầu ăn, giấm gạo lên mem ajinomoto, bột canh ajinomoto, nước tương ""phú sĩ"", hạt nêm aji-ngon® nấm.","Gia vị: Tiêu, đường, dầu ăn, Giấm gạo lên mem Ajinomoto, Bột canh Ajinomoto, Nước tương ""Phú Sĩ"", Hạt nêm Aji-ngon® Nấm.",1,0.001145
#vivutv #monngonmoingay #chaluachaykhothom,#VIVUTV #monngonmoingay #Chaluachaykhothom,1,0.001145
#vivutv #monngonmoingay #suonnonkhocusen,#VIVUTV #monngonmoingay #Suonnonkhocusen,1,0.001145
#vivutv #monngonmoingay #lãuxiquachkimchi,#VIVUTV #monngonmoingay #lãuxiquachkimchi,1,0.001145
cánh gà 4 cánh (khoảng 600g),Cánh gà 4 cánh (khoảng 600g),1,0.001145
dưa leo 1 trái,Dưa leo 1 trái,1,0.001145
cà chua 2 quả,Cà chua 2 quả,1,0.001145
xà lách 2 cây,Xà lách 2 cây,1,0.001145
nước cốt tỏi,Nước cốt tỏi,1,0.001145
hành tỏi băm,Hành tỏi băm,1,0.001145
"ăn kèm: muối tiêu chanh, xà lách trộn","ĂN KÈM: Muối tiêu chanh, xà lách trộn",1,0.001145
"gia vị: đường, tiêu, nước mắm, dầu ăn, bột ngọt aji-no-moto®, hạt nêm aji-ngon®gà, gia vị nêm sẵn aji-quick® bột tẩm khô chiên giòn, hạt nêm aji-ngon® gà","Gia vị: đường, tiêu, nước mắm, dầu ăn, bột ngọt AJI-NO-MOTO®, Hạt nêm Aji-ngon®Gà, Gia vị nêm sẵn Aji-Quick® Bột tẩm khô chiên giòn, Hạt nêm Aji-ngon® Gà",1,0.001145
#vivutv #monngonmoingay #canhgachiennuocmam,#VIVUTV #monngonmoingay #canhgachiennuocmam,1,0.001145
bánh nếp nhân sò điệp | món ngon mỗi ngày | vivu tv 22/08/2021,BÁNH NẾP NHÂN SÒ ĐIỆP | MÓN NGON MỖI NGÀY | VIVU TV 22/08/2021,1,0.001145
pancake hạnh nhân đậu đỏ | món ngon mỗi ngày | vivu tv 21/08/2021,PANCAKE HẠNH NHÂN ĐẬU ĐỎ | MÓN NGON MỖI NGÀY | VIVU TV 21/08/2021,1,0.001145
#vivutv #monngonmoingay #pancakehanhnhandaudo,#VIVUTV #monngonmoingay #pancakehanhnhandaudo,1,0.001145
salad trái thơm mayo | món ngon mỗi ngày | vivu tv 20/08/2021,SALAD TRÁI THƠM MAYO | MÓN NGON MỖI NGÀY | VIVU TV 20/08/2021,1,0.001145
#vivutv #monngonmoingay #saladtraithomayo,#VIVUTV #monngonmoingay #Saladtraithomayo,1,0.001145
gà hấp lá é | món ngon mỗi ngày | vivu tv 14/08/2021,GÀ HẤP LÁ É | MÓN NGON MỖI NGÀY | VIVU TV 14/08/2021,1,0.001145
canh chả tôm chùm ngây | món ngon mỗi ngày | vivu tv 08/08/2021,CANH CHẢ TÔM CHÙM NGÂY | MÓN NGON MỖI NGÀY | VIVU TV 08/08/2021,1,0.001145
#vivutv #monngonmoingay #canhchatomchumngay,#VIVUTV #monngonmoingay #Canhchatomchumngay,1,0.001145
salad mực phổ tai | món ngon mỗi ngày | vivu tv 07/08/2021,SALAD MỰC PHỔ TAI | MÓN NGON MỖI NGÀY | VIVU TV 07/08/2021,1,0.001145
#vivutv #monngonmoingay #saladmucphotai,#VIVUTV #monngonmoingay #Saladmucphotai,1,0.001145
bánh rán trứng phô mai | món ngon mỗi ngày | vivu tv 06/08/2021,BÁNH RÁN TRỨNG PHÔ MAI | MÓN NGON MỖI NGÀY | VIVU TV 06/08/2021,1,0.001145
#vivutv #monngonmoingay #banhrantrungphomai,#VIVUTV #monngonmoingay #Banhrantrungphomai,1,0.001145
rau củ xào đậu hủ xốt mè| món ngon mỗi ngày | vivu tv 01/08/2021,RAU CỦ XÀO ĐẬU HỦ XỐT MÈ| MÓN NGON MỖI NGÀY | VIVU TV 01/08/2021,1,0.001145
#vivutv #monngonmoingay #raucuxaodauhuxotme,#VIVUTV #monngonmoingay #raucuxaodauhuxotme,1,0.001145
salad mùa hè | món ngon mỗi ngày | vivu tv 31/07/2021,SALAD MÙA HÈ | MÓN NGON MỖI NGÀY | VIVU TV 31/07/2021,1,0.001145
#vivutv #monngonmoingay #saladmuahe,#VIVUTV #monngonmoingay #saladmuahe,1,0.001145
lẩu bò vị thái | món ngon mỗi ngày | vivu tv 30/07/2021,LẨU BÒ VỊ THÁI | MÓN NGON MỖI NGÀY | VIVU TV 30/07/2021,1,0.001145
#vivutv #monngonmoingay #laubovithai,#VIVUTV #monngonmoingay #LauBoviThai,1,0.001145
cá trứng chấm tương me giòn thơm bắt vị | món ngon mỗi ngày | vivu tv 25/07/2021,CÁ TRỨNG CHẤM TƯƠNG ME GIÒN THƠM BẮT VỊ | MÓN NGON MỖI NGÀY | VIVU TV 25/07/2021,1,0.001145
cá trứng nhật: 250g,Cá trứng Nhật: 250G,1,0.001145
tương ớt hàn quốc: 1m,Tương ớt Hàn quốc: 1M,1,0.001145
bơ đậu phộng: 1m,Bơ đậu phộng: 1M,1,0.001145
tỏi băm : 1m,Tỏi băm : 1m,1,0.001145
me vắt: 1m (ngâm mềm lược lấy nước),Me vắt: 1M (Ngâm mềm lược lấy nước),1,0.001145
sả băm: 1m (lấy phần lõi non băm),Sả băm: 1m (Lấy phần lõi non băm),1,0.001145
tắc: 1 quả,Tắc: 1 quả,1,0.001145
lõi sả: 1 cây,Lõi sả: 1 cây,1,0.001145
"ăn kèm: rau xà lách hỗn hợp: rau cần cạn, rau thơm, dưa leo, cà chua ....","ĂN KÈM: Rau xà lách hỗn hợp: Rau cần cạn, rau thơm, dưa leo, cà chua ….",1,0.001145
"gia vị: dầu ăn, đường, bột ngọt aji-no-moto® , nước mắm,","Gia vị: Dầu ăn, đường, Bột ngọt AJI-NO-MOTO® , nước mắm,",1,0.001145
#vivutv #monngonmoingay #catrungchamtuongme,#VIVUTV #monngonmoingay #Catrungchamtuongme,1,0.001145
mì căn kho nấm-cháo lá dứa sánh bùi thơm ngát | món ngon mỗi ngày | vivu tv 24/07/2021,MÌ CĂN KHO NẤM-CHÁO LÁ DỨA SÁNH BÙI THƠM NGÁT | MÓN NGON MỖI NGÀY | VIVU TV 24/07/2021,1,0.001145
mì căn: 4 cây,Mì căn: 4 cây,1,0.001145
nấm rơm búp: 200g khứa chữ thập,Nấm rơm búp: 200g khứa chữ thập,1,0.001145
gạo mới: 1 chén nhỏ,Gạo mới: 1 chén nhỏ,1,0.001145
nếp mới: 1/4 chén,Nếp mới: 1/4 chén,1,0.001145
nước dừa tươi: 1 chén (nửa trái),Nước dừa tươi: 1 chén (nửa trái),1,0.001145
poa rô: 1 cây cắt lát,Poa rô: 1 cây Cắt lát,1,0.001145
"lá dứa loại nhỏ: 2 cây xay lấy màu 1/2 chén, chừa lại 5 lá nguyên","Lá dứa loại nhỏ: 2 cây Xay lấy màu 1/2 chén, chừa lại 5 lá nguyên",1,0.001145
tiêu xanh : 2 nhánh,Tiêu xanh : 2 nhánh,1,0.001145
"gia vị:dầu hào chay, tiêu sọ xay, đường, hạt nêm aji-ngon® nấm, dầu ăn, ớt hiểm xanh đỏ, ớt sừng băm","Gia vị:Dầu hào chay, tiêu sọ xay, đường, Hạt nêm Aji-ngon® Nấm, dầu ăn, ớt hiểm xanh đỏ, ớt sừng băm",1,0.001145
"nước tương ""phú sĩ“","Nước tương ""Phú Sĩ“",1,0.001145
#vivutv #monngonmoingay #micankhonam,#VIVUTV #monngonmoingay #micankhonam,1,0.001145
mướp xào đậu phộng | món ngon mỗi ngày | vivu tv 23/07/2021,MƯỚP XÀO ĐẬU PHỘNG | MÓN NGON MỖI NGÀY | VIVU TV 23/07/2021,1,0.001145
mướp hương: 300g,Mướp hương: 300g,1,0.001145
bí đỏ baby/ bí đỏ nhật: 150g,Bí đỏ baby/ Bí đỏ Nhật: 150g,1,0.001145
"đậu phộng vỏ đỏ khô (miền bắc), ngâm nước, giã bể: 100g","Đậu phộng vỏ đỏ khô (miền bắc), ngâm nước, giã bể: 100g",1,0.001145
boa rô cắt lát mỏng: 30g,Boa rô cắt lát mỏng: 30g,1,0.001145
ngò rí: 20g,Ngò rí: 20g,1,0.001145
chả chay chiên: 2 miếng,Chả chay chiên: 2 miếng,1,0.001145
"gia vị: hạt nêm aji-ngon® nấm, tiêu, bột gia vị đa năng cao cấp aji-no-moto® up, dầu ăn","Gia vị: Hạt nêm Aji-ngon® Nấm, tiêu, bột gia vị đa năng cao cấp AJI-NO-MOTO® UP, dầu ăn",1,0.001145
#vivutv #monngonmoingay #muopxaodauphong,#VIVUTV #monngonmoingay #muopxaodauphong,1,0.001145
tận hưởng vị ngọt ngào với trà sữa hạt é sương sâm | món ngon mỗi ngày | vivu tv 18/07/2021,TẬN HƯỞNG VỊ NGỌT NGÀO VỚI TRÀ SỮA HẠT É SƯƠNG SÂM | MÓN NGON MỖI NGÀY | VIVU TV 18/07/2021,1,0.001145
#vivutv #monngonmoingay #trasuahatesuongsam,#VIVUTV #monngonmoingay #Trasuahatesuongsam,1,0.001145
nóng giòn cùng bánh mì kẹp cá chiên xù | món ngon mỗi ngày | vivu tv 17/07/2021,NÓNG GIÒN CÙNG BÁNH MÌ KẸP CÁ CHIÊN XÙ | MÓN NGON MỖI NGÀY | VIVU TV 17/07/2021,1,0.001145
#vivutv #monngonmoingay #banhmikepcachienxu,#VIVUTV #monngonmoingay #banhmikepcachienxu,1,0.001145
cá hồi nướng tắc mật ong_thơm lùng bừng gian bếp | món ngon mỗi ngày | vivu tv 16/07/2021,CÁ HỒI NƯỚNG TẮC MẬT ONG_THƠM LÙNG BỪNG GIAN BẾP | MÓN NGON MỖI NGÀY | VIVU TV 16/07/2021,1,0.001145
#vivutv #monngonmoingay #cahoinuongtacmatong,#VIVUTV #monngonmoingay #Cahoinuongtacmatong,1,0.001145
dồi ốc lá trúc_hương vấn vương vị nhớ thương | món ngon mỗi ngày | vivu tv 11/07/2021,DỒI ỐC LÁ TRÚC_HƯƠNG VẤN VƯƠNG VỊ NHỚ THƯƠNG | MÓN NGON MỖI NGÀY | VIVU TV 11/07/2021,1,0.001145
#vivutv #monngonmoingay #doioclatruc,#VIVUTV #monngonmoingay #Doioclatruc,1,0.001145
ngọt giòn ngon chất ngất với măng tây xào tôm mực | món ngon mỗi ngày | vivu tv 10/07/2021,NGỌT GIÒN NGON CHẤT NGẤT VỚI MĂNG TÂY XÀO TÔM MỰC | MÓN NGON MỖI NGÀY | VIVU TV 10/07/2021,1,0.001145
#vivutv #monngonmoingay #mangtayxaotommuc,#VIVUTV #monngonmoingay #Mangtayxaotommuc,1,0.001145
lươn kho cà tím | món ngon mỗi ngày | vivu tv 09/07/2021,LƯƠN KHO CÀ TÍM | MÓN NGON MỖI NGÀY | VIVU TV 09/07/2021,1,0.001145
#vivutv #monngonmoingay #luonkhocatim,#VIVUTV #monngonmoingay #Luonkhocatim,1,0.001145
canh gà lá me_chua thanh bắt vị | món ngon mỗi ngày | vivu tv 04/07/2021,CANH GÀ LÁ ME_CHUA THANH BẮT VỊ | MÓN NGON MỖI NGÀY | VIVU TV 04/07/2021,1,0.001145
#vivutv #monngonmoingay #canhgalame,#VIVUTV #monngonmoingay #Canhgalame,1,0.001145
salad bắp tôm_ôm trọn vị ngon | món ngon mỗi ngày | vivu tv 03/07/2021,SALAD BẮP TÔM_ÔM TRỌN VỊ NGON | MÓN NGON MỖI NGÀY | VIVU TV 03/07/2021,1,0.001145
#vivutv #monngonmoingay #saladbaptom,#VIVUTV #monngonmoingay #Saladbaptom,1,0.001145
chân gà tiềm đậu đen | món ngon mỗi ngày | vivu tv 02/07/2021,CHÂN GÀ TIỀM ĐẬU ĐEN | MÓN NGON MỖI NGÀY | VIVU TV 02/07/2021,1,0.001145
#vivutv #monngonmoingay #chângatiemdauden,#VIVUTV #monngonmoingay #Chângatiemdauden,1,0.001145
sandwich nướng trứng xốt mayonnaise nóng giòn bổ dưỡng | món ngon mỗi ngày | vivu tv 27/06/2021,SANDWICH NƯỚNG TRỨNG XỐT MAYONNAISE NÓNG GIÒN BỔ DƯỠNG | MÓN NGON MỖI NGÀY | VIVU TV 27/06/2021,1,0.001145
bánh mì sandwich lạt 4 lát,Bánh mì sandwich lạt 4 lát,1,0.001145
ba rọi xông khói 100g,Ba rọi xông khói 100g,1,0.001145
hành tây 1/2 củ,Hành tây 1/2 củ,1,0.001145
ớt chuông đỏ 1/2 quả,Ớt chuông đỏ 1/2 quả,1,0.001145
hành lá 1 nhánh,Hành lá 1 nhánh,1,0.001145
trứng gà 3 quả,Trứng gà 3 quả,1,0.001145
hương thảo 1 nhánh,Hương thảo 1 nhánh,1,0.001145
"gia vị: bơ lạt, tiêu, tương cà","Gia vị: bơ lạt, tiêu, tương cà",1,0.001145
#vivutv #monngonmoingay #sandwichnuongtrung,#VIVUTV #monngonmoingay #Sandwichnuongtrung,1,0.001145
giòn thơm với hoành thánh bắp chiên | món ngon mỗi ngày | vivu tv 26/06/2021,GIÒN THƠM VỚI HOÀNH THÁNH BẮP CHIÊN | MÓN NGON MỖI NGÀY | VIVU TV 26/06/2021,1,0.001145
thịt heo xay 100g,Thịt heo xay 100g,1,0.001145
đậu hà lan 30g,Đậu Hà Lan 30g,1,0.001145
củ sắn 30g,Củ sắN 30g,1,0.001145
đầu hành lá băm 2m,Đầu hành lá băm 2M,1,0.001145
lá hoành thánh 200g,Lá hoành thánh 200g,1,0.001145
bột năng 1m,Bột năng 1M,1,0.001145
"gia vị: tiêu, dầu ăn, dầu mè","Gia vị: tiêu, dầu ăn, dầu mè",1,0.001145
#vivutv #monngonmoingay #hoanhthanhbapchien,#VIVUTV #monngonmoingay #Hoanhthanhbapchien,1,0.001145
khuấy động mùa hè vơi món bún quậy | món ngon mỗi ngày | vivu tv 25/06/2021,KHUẤY ĐỘNG MÙA HÈ VƠI MÓN BÚN QUẬY | MÓN NGON MỖI NGÀY | VIVU TV 25/06/2021,1,0.001145
tôm tươi nguyên vỏ 300g,Tôm tươi nguyên vỏ 300g,1,0.001145
chả cá thác lác 150g,Chả cá thác lác 150g,1,0.001145
mực ống 4 con,Mực ống 4 con,1,0.001145
sả cây 2 cây,Sả cây 2 cây,1,0.001145
hành tím 3 củ,Hành tím 3 củ,1,0.001145
tôm khô 100g,Tôm khô 100g,1,0.001145
bún khô sợi nhỏ 800g,Bún khô sợi nhỏ 800g,1,0.001145
tắc trái 6 quả,Tắc trái 6 quả,1,0.001145
ớt tươi 2 trái,Ớt tươi 2 trái,1,0.001145
rau nêm: hành ngò cắt nhỏ,RAU NÊM: Hành ngò cắt nhỏ,1,0.001145
"ăn kèm: xà lách, húng quế, giá, ớt","ĂN KÈM: Xà lách, húng quế, giá, ớt",1,0.001145
"gia vị: dầu ăn, đường, muối, tiêu, hành tím băm, sả băm","Gia vị: Dầu ăn, đường, muối, tiêu, hành tím băm, sả băm",1,0.001145
#vivutv #monngonmoingay #bunquay,#VIVUTV #monngonmoingay #BunQuay,1,0.001145
thơm ngon lạ miệng với tôm thịt bọc trứng cút| món ngon mỗi ngày | vivu tv 20/06/2021,THƠM NGON LẠ MIỆNG VỚI TÔM THỊT BỌC TRỨNG CÚT| MÓN NGON MỖI NGÀY | VIVU TV 20/06/2021,1,0.001145
thịt nạc dăm xay 50g,Thịt nạc dăm xay 50g,1,0.001145
tôm hấp đông lạnh 100g,Tôm hấp đông lạnh 100g,1,0.001145
giò sống 150g,Giò sống 150g,1,0.001145
bắp mỹ hạt 50g,Bắp Mỹ hạt 50g,1,0.001145
cà rốt băm nhỏ 30g,Cà rốt băm nhỏ 30g,1,0.001145
cọng ngò rí băm 1m,Cọng ngò rí băm 1M,1,0.001145
lòng trắng trứng gà 1 cái,Lòng trắng trứng gà 1 cái,1,0.001145
trứng cút 12 trứng,Trứng cút 12 trứng,1,0.001145
vỏ chanh giấy 1m,Vỏ chanh giấy 1m,1,0.001145
"gia vị: tiêu, tương ớt, dầu ăn","Gia vị: tiêu, tương ớt, dầu ăn",1,0.001145
#vivutv #monngonmoingay #tomthitboctrungcut,#VIVUTV #monngonmoingay #tomthitboctrungcut,1,0.001145
súp thanh cua hạt chia | món ngon mỗi ngày | vivu tv 19/06/2021,SÚP THANH CUA HẠT CHIA | MÓN NGON MỖI NGÀY | VIVU TV 19/06/2021,1,0.001145
thanh cua 8 thanh,Thanh cua 8 thanh,1,0.001145
nước dùng gà 1 lít,Nước dùng gà 1 lít,1,0.001145
trứng cút 10 trứng,Trứng cút 10 trứng,1,0.001145
hạt chia 1m,Hạt Chia 1M,1,0.001145
bắp mỹ 1/2 trái,Bắp Mỹ 1/2 trái,1,0.001145
bột năng 3m,Bột năng 3M,1,0.001145
"gia vị: đường, dầu mè, tiêu xay, muối","Gia vị: đường, dầu mè, tiêu xay, muối",1,0.001145
#vivutv #monngonmoingay #supthanhcuahatchia,#VIVUTV #monngonmoingay #supthanhcuahatchia,1,0.001145
bánh trứng phô mai rau củ béo ngậy giòn thơm | món ngon mỗi ngày | vivu tv 18/06/2021,BÁNH TRỨNG PHÔ MAI RAU CỦ BÉO NGẬY GIÒN THƠM | MÓN NGON MỖI NGÀY | VIVU TV 18/06/2021,1,0.001145
tôm thẻ 250g,Tôm thẻ 250g,1,0.001145
bắp cải 60g,Bắp cải 60g,1,0.001145
cà rốt 40g,Cà rốt 40g,1,0.001145
bắp mỹ 40g,Bắp mỹ 40g,1,0.001145
trứng gà 4 quả,Trứng gà 4 quả,1,0.001145
đậu cô ve 30g,Đậu cô ve 30g,1,0.001145
phô mai lát 5 lát,Phô mai lát 5 lát,1,0.001145
húng lủi 1m,Húng lủi 1m,1,0.001145
"gia vị: dầu ăn, tương cà","Gia vị: Dầu ăn, tương cà",1,0.001145
#vivutv #monngonmoingay #banhtrungphomairaucu,#VIVUTV #monngonmoingay #BanhTrungPhomaiRauCu,1,0.001145
hoành thánh hoa hồng | món ngon mỗi ngày | vivu tv 13/06/2021,HOÀNH THÁNH HOA HỒNG | MÓN NGON MỖI NGÀY | VIVU TV 13/06/2021,1,0.001145
tôm tươi 200g,Tôm tươi 200g,1,0.001145
cà rốt 30g,Cà rốt 30g,1,0.001145
nấm mèo ngâm nở 30g,Nấm mèo ngâm nở 30g,1,0.001145
hành tím băm 2m,Hành tím băm 2M,1,0.001145
lá hoành thánh 150g,Lá hoành thánh 150g,1,0.001145
"ăn kèm: xà lách, cà bi, dưa leo","ĂN KÈM: Xà lách, cà bi, dưa leo",1,0.001145
"gia vị: dầu ăn, đường, tiêu xay, tương ớt xí muội, tương ớt","Gia vị: Dầu ăn, đường, tiêu xay, tương ớt xí muội, tương ớt",1,0.001145
#vivutv #monngonmoingay #hoanhthanhhoahong,#VIVUTV #monngonmoingay #Hoanhthanhhoahong,1,0.001145
ngon ngất ngây với chả khoanh hành tây | món ngon mỗi ngày | vivu tv 12/06/2021,NGON NGẤT NGÂY VỚI CHẢ KHOANH HÀNH TÂY | MÓN NGON MỖI NGÀY | VIVU TV 12/06/2021,1,0.001145
#vivutv #monngonmoingay #chakhoanhhanhtay,#VIVUTV #monngonmoingay #chakhoanhhanhtay,1,0.001145
vịt om nước tương hương đậm đà vị vấn vương | món ngon mỗi ngày | vivu tv 11/06/2021,VỊT OM NƯỚC TƯƠNG HƯƠNG ĐẬM ĐÀ VỊ VẤN VƯƠNG | MÓN NGON MỖI NGÀY | VIVU TV 11/06/2021,1,0.001145
#vivutv #monngonmoingay #vitomnuoctuong,#VIVUTV #monngonmoingay #Vitomnuoctuong,1,0.001145
canh đầu cá bớp_tươi ngon cực đã | món ngon mỗi ngày | vivu tv 06/06/2021,CANH ĐẦU CÁ BỚP_TƯƠI NGON CỰC ĐÃ | MÓN NGON MỖI NGÀY | VIVU TV 06/06/2021,1,0.001145
đầu cá bớp: 600g,Đầu cá bớp: 600g,1,0.001145
khóm: 1/4 trái,Khóm: 1/4 Trái,1,0.001145
chuối chát: 2 trái,Chuối chát: 2 Trái,1,0.001145
hành tím bào: 20g,Hành tím bào: 20g,1,0.001145
đầu hành lá: 15g,Đầu hành lá: 15g,1,0.001145
ớt tươi: 5 trái nhỏ,Ớt tươi: 5 trái nhỏ,1,0.001145
"rau nêm: rau răm, ngò gai, rau om, thơm, tất cả cắt khúc.","RAU NÊM: Rau răm, ngò gai, rau om, thơm, tất cả cắt khúc.",1,0.001145
"ăn kèm: bún tươi, nước mắm và ớt cắt lát.","ĂN KÈM: Bún tươi, nước mắm và ớt cắt lát.",1,0.001145
"gia vị: dầu tỏi phi, tỏi phi, nước mắm","Gia vị: Dầu tỏi phi, tỏi phi, nước mắm",1,0.001145
#vivutv #monngonmoingay #canhdaucabop,#VIVUTV #monngonmoingay #CanhDauCaBop,1,0.001145
salad cầu vồng ngày hè_mát bừng sức sống | món ngon mỗi ngày | vivu tv 05/06/2021,SALAD CẦU VỒNG NGÀY HÈ_MÁT BỪNG SỨC SỐNG | MÓN NGON MỖI NGÀY | VIVU TV 05/06/2021,1,0.001145
thịt heo xá xíu: 100g,Thịt heo xá xíu: 100g,1,0.001145
mực ống tươi: 150g,Mực ống tươi: 150g,1,0.001145
bưởi da xanh: 2 múi,Bưởi da xanh: 2 múi,1,0.001145
bơ sáp: 1 trái,Bơ sáp: 1 trái,1,0.001145
cà chua bi vàng và đỏ: 150g,Cà chua bi vàng và đỏ: 150g,1,0.001145
dưa leo: 1 trái to,Dưa leo: 1 trái to,1,0.001145
rau mầm xanh đỏ: 100g,Rau mầm xanh đỏ: 100g,1,0.001145
hạt thông rang: 3m,Hạt thông rang: 3M,1,0.001145
chanh vàng to: 1 quả,Chanh vàng to: 1 quả,1,0.001145
"gia vị: dầu olive, muối, đường, húng lủi, sả cây, gừng","Gia vị: dầu olive, muối, đường, húng lủi, sả cây, gừng",1,0.001145
#vivutv #monngonmoingay #saladcauvong,#VIVUTV #monngonmoingay #Saladcauvong,1,0.001145
nui xào chay thập cẩm_đổi vị cơm nhà | món ngon mỗi ngày | vivu tv 04/06/2021,NUI XÀO CHAY THẬP CẨM_ĐỔI VỊ CƠM NHÀ | MÓN NGON MỖI NGÀY | VIVU TV 04/06/2021,1,0.001145
đậu hũ chiên : 1 miếng,Đậu hũ chiên : 1 miếng,1,0.001145
mì căn: 2 cây,Mì căn: 2 cây,1,0.001145
nui xoắn rau củ: 150g,Nui xoắn rau củ: 150g,1,0.001145
cần tây: 100g,Cần tây: 100g,1,0.001145
"ớt chuông xanh, đỏ: 100g","Ớt chuông xanh, đỏ: 100g",1,0.001145
hành boaro: 2m,Hành boaro: 2M,1,0.001145
ngò rí: 2 cây,Ngò rí: 2 cây,1,0.001145
"gia vị: dầu ăn, đường, tương ớt, tương cà, tương cà ketchup, tiêu xay,","Gia vị: Dầu ăn, đường, tương ớt, tương cà, tương cà ketchup, tiêu xay,",1,0.001145
"dầu mè đen, muối","dầu mè đen, muối",1,0.001145
#vivutv #monngonmoingay #nuixaochaythapcam,#VIVUTV #monngonmoingay #nuixaochaythapcam,1,0.001145
đậu cove vào tim heo | món ngon mỗi ngày | vivu tv 30/05/2021,ĐẬU COVE VÀO TIM HEO | MÓN NGON MỖI NGÀY | VIVU TV 30/05/2021,1,0.001145
#vivutv #monngonmoingay #daucovexaotimheo,#VIVUTV #monngonmoingay #Daucovexaotimheo,1,0.001145
pancake sushi _béo thơm diệu kỳ | món ngon mỗi ngày | vivu tv 29/05/2021,PANCAKE SUSHI _BÉO THƠM DIỆU KỲ | MÓN NGON MỖI NGÀY | VIVU TV 29/05/2021,1,0.001145
#vivutv #monngonmoingay #pancakesushi,#VIVUTV #monngonmoingay #pancakesushi,1,0.001145
canh gà nấm mỡ | món ngon mỗi ngày | vivu tv 28/05/2021,CANH GÀ NẤM MỠ | MÓN NGON MỖI NGÀY | VIVU TV 28/05/2021,1,0.001145
#vivutv #monngonmoingay #canhganammo,#VIVUTV #monngonmoingay #Canhganammo,1,0.001145
cơm chiên thập cẩm_ đậm vị thơm hương| món ngon mỗi ngày | vivu tv 23/05/2021,CƠM CHIÊN THẬP CẨM_ ĐẬM VỊ THƠM HƯƠNG| MÓN NGON MỖI NGÀY | VIVU TV 23/05/2021,1,0.001145
cơm tấm: 2 chén,Cơm tấm: 2 chén,1,0.001145
nấm rơm búp: 50g,Nấm rơm búp: 50g,1,0.001145
nấm hương sapa: 5 tai,Nấm hương Sapa: 5 tai,1,0.001145
củ cải muối sợi: 50g,Củ cải muối sợi: 50g,1,0.001145
cà rốt: 50g,Cà rốt: 50g,1,0.001145
đậu hủ trắng: 1/2 miếng,Đậu hủ trắng: 1/2 miếng,1,0.001145
tàu hũ ky lá: 1 lá,Tàu hũ ky lá: 1 lá,1,0.001145
chả lụa chay: 50g,Chả lụa chay: 50g,1,0.001145
cần tây: 1 cọng,Cần tây: 1 cọng,1,0.001145
bắp mỹ luộc chín: 1/2 chén,Bắp Mỹ luộc chín: 1/2 chén,1,0.001145
hành boaro: 1 cọng,Hành boaro: 1 cọng,1,0.001145
"gia vị: dầu mè, ớt hiểm xanh đỏ, tiêu, dầu ăn, ngò rí, đường","Gia vị: dầu mè, ớt hiểm xanh đỏ, tiêu, dầu ăn, ngò rí, đường",1,0.001145
#vivutv #monngonmoingay #comchienthapcam,#VIVUTV #monngonmoingay #ComChienThapCam,1,0.001145
gỏi cóc tai heo_giòn rụm chua chua | món ngon mỗi ngày | vivu tv 22/05/2021,GỎI CÓC TAI HEO_GIÒN RỤM CHUA CHUA | MÓN NGON MỖI NGÀY | VIVU TV 22/05/2021,1,0.001145
tai heo (không lấy phần mỡ): 1 cái (350g),Tai heo (không lấy phần mỡ): 1 cái (350g),1,0.001145
cóc xanh (non) bào vỏ: 5 trái,Cóc xanh (non) bào vỏ: 5 trái,1,0.001145
bánh tráng mè nướng: 1 cái,Bánh tráng mè nướng: 1 cái,1,0.001145
củ sen ngâm chua: 100g,Củ sen ngâm chua: 100g,1,0.001145
ớt sừng băm: 2m,Ớt sừng băm: 2M,1,0.001145
hành tím: 3 củ,Hành tím: 3 củ,1,0.001145
"rau nêm: rau quế, hành phi, mè trắng rang","RAU NÊM: Rau quế, hành phi, mè trắng rang",1,0.001145
ăn kèm: bánh tráng mè nướng,ĂN KÈM: Bánh tráng mè nướng,1,0.001145
"gia vị: đường thốt nốt (bột), muối, nước mắm, đường","Gia vị: Đường thốt nốt (bột), muối, nước mắm, đường",1,0.001145
#vivutv #monngonmoingay #goicoctaiheo,#VIVUTV #monngonmoingay #GoicoctaiHeo,1,0.001145
cồi sò điệp xào hoa thiên lý ngọt thanh đúng ý | món ngon mỗi ngày | vivu tv 21/05/2021,CỒI SÒ ĐIỆP XÀO HOA THIÊN LÝ NGỌT THANH ĐÚNG Ý | MÓN NGON MỖI NGÀY | VIVU TV 21/05/2021,1,0.001145
cồi điệp đông lạnh: 150g,Cồi điệp đông lạnh: 150g,1,0.001145
hoa thiên lý: 200g,Hoa thiên lý: 200g,1,0.001145
hoa điên điển: 50g,Hoa điên điển: 50g,1,0.001145
cà rốt: 30g,Cà rốt: 30g,1,0.001145
giá: 100g,Giá: 100g,1,0.001145
ớt hiểm: 1 trái,Ớt hiểm: 1 trái,1,0.001145
nước chanh: 1m,Nước chanh: 1M,1,0.001145
"gia vị: nước mắm, đường, dầu ăn, tiêu, rượu, dầu hào","Gia vị: nước mắm, đường, dầu ăn, tiêu, rượu, dầu hào",1,0.001145
#vivutv #monngonmoingay #coisodiep,#VIVUTV #monngonmoingay #coisodiep,1,0.001145
lưỡi heo trộn kiệu chua_xua tan hè nắng đậm đà đưa cơm | món ngon mỗi ngày | vivu tv 16/05/2021,LƯỠI HEO TRỘN KIỆU CHUA_XUA TAN HÈ NẮNG ĐẬM ĐÀ ĐƯA CƠM | MÓN NGON MỖI NGÀY | VIVU TV 16/05/2021,1,0.001145
lưỡi heo: 1 cái,Lưỡi heo: 1 cái,1,0.001145
kiệu chua: 150g,Kiệu chua: 150g,1,0.001145
ngó sen tươi: 100g,Ngó sen tươi: 100g,1,0.001145
cà rốt: 1/2 củ,Cà rốt: 1/2 củ,1,0.001145
dưa leo: 1 trái,Dưa leo: 1 trái,1,0.001145
sả cây: 3 cây,Sả cây: 3 cây,1,0.001145
nước dừa tươi: 1 chén,Nước dừa tươi: 1 chén,1,0.001145
"rau nêm: rau răm, húng lủi","RAU NÊM: Rau răm, húng lủi",1,0.001145
ăn kèm: bánh phồng tôm,ĂN KÈM: bánh phồng tôm,1,0.001145
"gia vị: muối, đường, chanh, hành băm, tỏi băm, ớt băm, dầu, hành phi, mè rang","Gia vị: muối, đường, chanh, hành băm, tỏi băm, ớt băm, dầu, hành phi, mè rang",1,0.001145
#vivutv #monngonmoingay #luoiheotronkieuchua,#VIVUTV #monngonmoingay #luoiheotronkieuchua,1,0.001145
pancake tôm phô mai béo thơm ngập tràn | món ngon mỗi ngày | vivu tv 15/05/2021,PANCAKE TÔM PHÔ MAI BÉO THƠM NGẬP TRÀN | MÓN NGON MỖI NGÀY | VIVU TV 15/05/2021,1,0.001145
tôm sú: 150g,Tôm sú: 150g,1,0.001145
ớt chuông vàng: 1/2 trái,Ớt chuông vàng: 1/2 trái,1,0.001145
cà chua: 2 trái,Cà chua: 2 trái,1,0.001145
phômai lát: 4 lát,Phômai lát: 4 lát,1,0.001145
dưa chuột muối: 1 trái,Dưa chuột muối: 1 trái,1,0.001145
rau nêm: lá quế,RAU NÊM: lá quế,1,0.001145
"gia vị: tiêu, đường, tương cà","Gia vị: tiêu, đường, tương cà",1,0.001145
bột bánh rán pha sẵn - bữa sáng dinh dưỡng,Bột bánh rán pha sẵn - Bữa sáng dinh dưỡng,1,0.001145
#vivutv #monngonmoingay #pancaketomphomai,#VIVUTV #monngonmoingay #pancaketomphomai,1,0.001145
mẹt hải sản chấm muối ngò gai | món ngon mỗi ngày | vivu tv 14/05/2021,MẸT HẢI SẢN CHẤM MUỐI NGÒ GAI | MÓN NGON MỖI NGÀY | VIVU TV 14/05/2021,1,0.001145
tôm sú: 4 con,Tôm sú: 4 con,1,0.001145
bạch tuộc baby: 8 con,Bạch tuộc baby: 8 con,1,0.001145
cá nục: 2 con,Cá nục: 2 con,1,0.001145
càng ghẹ: 4 càng,Càng ghẹ: 4 càng,1,0.001145
sò lông: 8 con,Sò lông: 8 con,1,0.001145
sữa đặc có đường: 1m,Sữa đặc có đường: 1M,1,0.001145
tắc trái: 4 quả,Tắc trái: 4 quả,1,0.001145
ngò gai: 25g,Ngò gai: 25g,1,0.001145
ngò rí: 25g,Ngò rí: 25g,1,0.001145
rau diếp cá: 25g,Rau diếp cá: 25g,1,0.001145
ớt hiểm xanh: 5 quả,Ớt hiểm xanh: 5 quả,1,0.001145
rau nêm: rau răm,RAU NÊM: Rau răm,1,0.001145
"ăn kèm: đồ chua, mỡ hành, đậu phộng rang giã bể","ĂN KÈM: Đồ chua, mỡ hành, đậu phộng rang giã bể",1,0.001145
"gia vị: dầu ăn, đường","Gia vị: dầu ăn, đường",1,0.001145
bột canh ajinomoto,Bột Canh Ajinomoto,1,0.001145
#vivutv #monngonmoingay #methaisan,#VIVUTV #monngonmoingay #Methaisan,1,0.001145
chả giò nấm cá chẽm_giòn tan ngọt vị| món ngon mỗi ngày | vivu tv 09/05/2021,CHẢ GIÒ NẤM CÁ CHẼM_GIÒN TAN NGỌT VỊ| MÓN NGON MỖI NGÀY | VIVU TV 09/05/2021,1,0.001145
cá chẽm fillet: 150g,Cá chẽm fillet: 150g,1,0.001145
ớt sừng cắt sợi: 2 trái,Ớt sừng cắt sợi: 2 trái,1,0.001145
nấm kim châm: 100g,Nấm kim châm: 100g,1,0.001145
nấm đông cô tươi: 30g,Nấm đông cô tươi: 30g,1,0.001145
bánh tráng bò bía tươi: 1 xấp,Bánh tráng bò bía tươi: 1 xấp,1,0.001145
gừng cắt sợi: 1 củ,Gừng cắt sợi: 1 củ,1,0.001145
trứng gà: 1 quả,Trứng gà: 1 quả,1,0.001145
"ăn kèm: xà lách, dưa leo, rau thơm các loại","ĂN KÈM: Xà lách, dưa leo, rau thơm các loại",1,0.001145
"gia vị: dầu ăn, tiêu","Gia vị: dầu ăn, tiêu",1,0.001145
#vivutv #monngonmoingay #chagionamcachem,#VIVUTV #monngonmoingay #ChaGioNamCaChem,1,0.001145
bún gân bò_ăn là ghiền | món ngon mỗi ngày | vivu tv 08/05/2021,BÚN GÂN BÒ_ĂN LÀ GHIỀN | MÓN NGON MỖI NGÀY | VIVU TV 08/05/2021,1,0.001145
bắp bò: 500g,Bắp bò: 500g,1,0.001145
gân bò luộc sẵn: 500g,Gân bò luộc sẵn: 500g,1,0.001145
sả cây: 10 cây,Sả cây: 10 cây,1,0.001145
sợi bún bò: 1kg,Sợi bún bò: 1kg,1,0.001145
gừng: 1 củ,Gừng: 1 củ,1,0.001145
"rau nêm: rau răm, ớt sừng, ớt hiểm xanh đỏ, hành tây","RAU NÊM: Rau răm, ớt sừng, ớt hiểm xanh đỏ, hành tây",1,0.001145
"ăn kèm: ngò gai, húng cây, húng quế, giá sống, bắp chuối bào, rau muống chẻ, chanh, tương ớt quảng nam, hành tím ngâm giấm, nước mắm","ĂN KÈM: Ngò gai, húng cây, húng quế, giá sống, bắp chuối bào, rau muống chẻ, chanh, tương ớt Quảng Nam, hành tím ngâm giấm, nước mắm",1,0.001145
gia vị nêm sẵn aji-quick® bún bò huế,Gia vị nêm sẵn Aji-Quick® Bún Bò Huế,1,0.001145
#vivutv #monngonmoingay #bunganbo,#VIVUTV #monngonmoingay #BunGanBo,1,0.001145
rau củ xào xốt chay_ngon ngọt ngất ngây | món ngon mỗi ngày | vivu tv 07/05/2021,RAU CỦ XÀO XỐT CHAY_NGON NGỌT NGẤT NGÂY | MÓN NGON MỖI NGÀY | VIVU TV 07/05/2021,1,0.001145
#vivutv #monngonmoingay #raucuxaoxotchay,#VIVUTV #monngonmoingay #Raucuxaoxotchay,1,0.001145
cháo hạt sen nấu bò viên_vị ngon vẹn toàn | món ngon mỗi ngày | vivu tv 02/05/2021,CHÁO HẠT SEN NẤU BÒ VIÊN_VỊ NGON VẸN TOÀN | MÓN NGON MỖI NGÀY | VIVU TV 02/05/2021,1,0.001145
gạo tẻ: 100g,Gạo tẻ: 100g,1,0.001145
gạo nếp: 30g,Gạo nếp: 30g,1,0.001145
nước dùng gà: 2 lít,Nước dùng gà: 2 lít,1,0.001145
thịt bò xay: 100g,Thịt bò xay: 100g,1,0.001145
nấm đông cô khô: 10g,Nấm đông cô khô: 10g,1,0.001145
hạt sen tươi: 100g,Hạt sen tươi: 100g,1,0.001145
hành tây: 30g,Hành tây: 30g,1,0.001145
"rau nêm: gừng cắt sợi, hành lá, ngò rí, tiêu, hành phi","RAU NÊM: Gừng cắt sợi, hành lá, ngò rí, tiêu, hành phi",1,0.001145
"ăn kèm: nước mắm, ớt cắt lát, chanh","ĂN KÈM: nước mắm, ớt cắt lát, chanh",1,0.001145
"gia vị: tiêu xanh, gừng băm, tỏi, nước mắm, đường, dầu ăn","Gia vị: Tiêu xanh, gừng băm, tỏi, nước mắm, đường, dầu ăn",1,0.001145
#vivutv #monngonmoingay #chaohatsennaubovien,#VIVUTV #monngonmoingay #ChaoHatSenNauboVien,1,0.001145
đậm đà mê đắm với dê xào tía tô cà bát | món ngon mỗi ngày | vivu tv 01/05/2021,ĐẬM ĐÀ MÊ ĐẮM VỚI DÊ XÀO TÍA TÔ CÀ BÁT | MÓN NGON MỖI NGÀY | VIVU TV 01/05/2021,1,0.001145
thịt đùi dê: 400g,Thịt đùi dê: 400g,1,0.001145
cà bát: 2 quả,Cà bát: 2 quả,1,0.001145
hành tím lột vỏ: 4 củ,Hành tím lột vỏ: 4 củ,1,0.001145
gừng băm: 1m,Gừng băm: 1m,1,0.001145
nước cốt dừa: 1/2 chén,Nước cốt dừa: 1/2 chén,1,0.001145
bột năng: 1m,Bột năng: 1m,1,0.001145
bột xù: 2m,Bột xù: 2M,1,0.001145
"rau nêm: 10 lá tía tô, 10 lá lốt","RAU NÊM: 10 lá tía tô, 10 lá lốt",1,0.001145
#vivutv #monngonmoingay #dexaotiatocabat,#VIVUTV #monngonmoingay #DexaoTiatoCaBat,1,0.001145
heo nướng hàn quốc_vị đậm đà ăn thật đã | món ngon mỗi ngày | vivu tv 30/04/2021,HEO NƯỚNG HÀN QUỐC_VỊ ĐẬM ĐÀ ĂN THẬT ĐÃ | MÓN NGON MỖI NGÀY | VIVU TV 30/04/2021,1,0.001145
thịt cổ heo: 500g,Thịt cổ heo: 500g,1,0.001145
nước gừng: 1m,Nước gừng: 1M,1,0.001145
"ăn kèm: ớt xanh to, tỏi lát, xà lách xoắn, dưa leo thanh","ĂN KÈM: Ớt xanh to, tỏi lát, xà lách xoắn, dưa leo thanh",1,0.001145
"gia vị: dầu ăn, dầu mè, đường, tiêu đen bể","Gia vị: Dầu ăn, dầu mè, đường, tiêu đen bể",1,0.001145
#vivutv #monngonmoingay #heonuonghanquoc,#VIVUTV #monngonmoingay #HeoNuongHanQuoc,1,0.001145
thịt bò nướng mè kiểu hàn quốc_thơm say lòng người | món ngon mỗi ngày | vivu tv 25/04/2021,THỊT BÒ NƯỚNG MÈ KIỂU HÀN QUỐC_THƠM SAY LÒNG NGƯỜI | MÓN NGON MỖI NGÀY | VIVU TV 25/04/2021,1,0.001145
#vivutv #monngonmoingay #thitbonuongmekieuhanquoc,#VIVUTV #monngonmoingay #ThitBoNuongMeKieuHanQuoc,1,0.001145
gỏi rau mầm tôm mực_thanh mát mùa nắng | món ngon mỗi ngày | vivu tv 24/04/2021,GỎI RAU MẦM TÔM MỰC_THANH MÁT MÙA NẮNG | MÓN NGON MỖI NGÀY | VIVU TV 24/04/2021,1,0.001145
#vivutv #monngonmoingay #goiraumamtommuc,#VIVUTV #monngonmoingay #Goiraumamtommuc,1,0.001145
cuốn chả chay_món ngon cho ngày rằm | món ngon mỗi ngày | vivu tv 23/04/2021,CUỐN CHẢ CHAY_MÓN NGON CHO NGÀY RẰM | MÓN NGON MỖI NGÀY | VIVU TV 23/04/2021,1,0.001145
#vivutv #monngonmoingay #cuonchachay,#VIVUTV #monngonmoingay #CuonChaChay,1,0.001145
chả cốm tạo hình ôm trọn vị ngon | món ngon mỗi ngày | vivu tv 18/04/2021,CHẢ CỐM TẠO HÌNH ÔM TRỌN VỊ NGON | MÓN NGON MỖI NGÀY | VIVU TV 18/04/2021,1,0.001145
giò sống: 200g,Giò sống: 200g,1,0.001145
tôm đông lạnh: 150g,Tôm đông lạnh: 150g,1,0.001145
cốm bắc tươi: 150g,Cốm Bắc tươi: 150g,1,0.001145
bột xù: 1 chén,Bột xù: 1 chén,1,0.001145
tóp mỡ băm: 1m,Tóp mỡ băm: 1M,1,0.001145
tắc chín: 3 quả,Tắc chín: 3 quả,1,0.001145
lá sen: 3 lá,Lá sen: 3 lá,1,0.001145
"trang trí: lá sen, bông sen","Trang trí: lá sen, bông sen",1,0.001145
"gia vị: tiêu, ớt sừng băm, hành tỏi băm, đầu hành lá băm, tương ớt, dầu ăn","Gia vị: Tiêu, ớt sừng băm, hành tỏi băm, đầu hành lá băm, tương ớt, dầu ăn",1,0.001145
#vivutv #monngonmoingay #chacomtaohinh,#VIVUTV #monngonmoingay #chacomtaohinh,1,0.001145
gà chiên xá xị_giòn tan mang vi mới | món ngon mỗi ngày | vivu tv 17/04/2021,GÀ CHIÊN XÁ XỊ_GIÒN TAN MANG VI MỚI | MÓN NGON MỖI NGÀY | VIVU TV 17/04/2021,1,0.001145
cánh gà: 4 cánh,Cánh gà: 4 cánh,1,0.001145
gừng mài: 1m,Gừng mài: 1m,1,0.001145
ớt khô: 5 trái,Ớt khô: 5 trái,1,0.001145
tương cà: 1m,Tương cà: 1M,1,0.001145
nước ngọt xá xị: 1 lon,Nước ngọt xá xị: 1 lon,1,0.001145
#vivutv #monngonmoingay #gachienxaxi,#VIVUTV #monngonmoingay #gachienxaxi,1,0.001145
thơm ngon đậm đà với salad bí đỏ | món ngon mỗi ngày | vivu tv 16/04/2021,THƠM NGON ĐẬM ĐÀ VỚI SALAD BÍ ĐỎ | MÓN NGON MỖI NGÀY | VIVU TV 16/04/2021,1,0.001145
đùi gà: 300g,Đùi gà: 300g,1,0.001145
bí đỏ baby: 150g,Bí đỏ baby: 150g,1,0.001145
xà lách carol: 100g,Xà lách carol: 100g,1,0.001145
cà chua bi: 50g,Cà chua bi: 50g,1,0.001145
xà lách tím: 50g,Xà lách tím: 50g,1,0.001145
nước cốt chanh: 3m,Nước cốt chanh: 3M,1,0.001145
vỏ chanh mài: 1m,Vỏ chanh mài: 1M,1,0.001145
rau nêm: lá húng lủi cắt rối,RAU NÊM: lá húng lủi cắt rối,1,0.001145
"gia vị: mật ong, mù tạt vàng, muối, tiêu, dầu ôliu, xốt ớt tabasco","Gia vị: mật ong, mù tạt vàng, muối, tiêu, dầu ôliu, xốt ớt Tabasco",1,0.001145
#vivutv #monngonmoingay #saladbido,#VIVUTV #monngonmoingay #saladbido,1,0.001145
bánh nếp nhân sò điệp gói trọn tinh hoa | món ngon mỗi ngày | vivu tv 11/04/2021,BÁNH NẾP NHÂN SÒ ĐIỆP GÓI TRỌN TINH HOA | MÓN NGON MỖI NGÀY | VIVU TV 11/04/2021,1,0.001145
nguyên liệu để thực hiên món bánh nếp nhân sò điệp:,Nguyên liệu để thực hiên món bánh nếp nhân sò điệp:,1,0.001145
bột nếp lọc: 400g,Bột nếp lọc: 400g,1,0.001145
màu lá cẩm: 1/2 chén,Màu lá cẩm: 1/2 chén,1,0.001145
màu hoa đậu biếc: 1/2 chén,Màu hoa đậu biếc: 1/2 chén,1,0.001145
đậu xanh cà: 100g,Đậu xanh cà: 100g,1,0.001145
giò sống: 150g,Giò sống: 150g,1,0.001145
tôm đông lạnh: 100g,Tôm đông lạnh: 100g,1,0.001145
sò điệp khô: 30g,Sò điệp khô: 30g,1,0.001145
lá chuối tươi: 1 ít,Lá chuối tươi: 1 ít,1,0.001145
"gia vị: tiêu, muối, đường, hành tỏi phi, hành lá cắt nhỏ, hành phi có dầu, ngò rí băm, nước cốt tắc, tỏi ớt băm","Gia vị: tiêu, muối, đường, hành tỏi phi, hành lá cắt nhỏ, hành phi có dầu, ngò rí băm, nước cốt tắc, tỏi ớt băm",1,0.001145
ba rọi tẩm trứng chiên giòn | món ngon mỗi ngày | vivu tv 10/04/2021,BA RỌI TẨM TRỨNG CHIÊN GIÒN | MÓN NGON MỖI NGÀY | VIVU TV 10/04/2021,1,0.001145
#vivutv #monngonmoingay #baroitamtrungchiengion,#VIVUTV #monngonmoingay #baroitamtrungchiengion,1,0.001145
gà rim ngũ vị đậm đà hết ý | món ngon mỗi ngày | vivu tv 09/04/2021,GÀ RIM NGŨ VỊ ĐẬM ĐÀ HẾT Ý | MÓN NGON MỖI NGÀY | VIVU TV 09/04/2021,1,0.001145
#vivutv #monngonmoingay #garimnguvi,#VIVUTV #monngonmoingay #garimnguvi,1,0.001145
cánh gà chiên tỏi lá chanh | món ngon mỗi ngày | vivu tv 04/04/2021,CÁNH GÀ CHIÊN TỎI LÁ CHANH | MÓN NGON MỖI NGÀY | VIVU TV 04/04/2021,1,0.001145
#vivutv #monngonmoingay #canhgachientoilachanh,#VIVUTV #monngonmoingay #canhgachientoilachanh,1,0.001145
trà sữa gạo rang thạch matcha | món ngon mỗi ngày | vivu tv 03/04/2021,TRÀ SỮA GẠO RANG THẠCH MATCHA | MÓN NGON MỖI NGÀY | VIVU TV 03/04/2021,1,0.001145
#vivutv #monngonmoingay #trasuagaorang,#VIVUTV #monngonmoingay #trasuagaorang,1,0.001145
hải sâm xào xốt cay_ngon ngất ngây | món ngon mỗi ngày | vivu tv 02/04/2021,HẢI SÂM XÀO XỐT CAY_NGON NGẤT NGÂY | MÓN NGON MỖI NGÀY | VIVU TV 02/04/2021,1,0.001145
#vivutv #monngonmoingay #haisamxaoxotcay,#VIVUTV #monngonmoingay #haisamxaoxotcay,1,0.001145
bắp bò om gừng sả_thơm lừng bừng vị giác | món ngon mỗi ngày | vivu tv 28/03/2021,BẮP BÒ OM GỪNG SẢ_THƠM LỪNG BỪNG VỊ GIÁC | MÓN NGON MỖI NGÀY | VIVU TV 28/03/2021,1,0.001145
#vivutv #monngonmoingay #bapboomgungsa,#VIVUTV #monngonmoingay #bapboomgungsa,1,0.001145
mực nhồi tôm sốt tiêu xanh_hương thơm nồng vi ấm lòng | món ngon mỗi ngày | vivu tv 27/03/2021,MỰC NHỒI TÔM SỐT TIÊU XANH_HƯƠNG THƠM NỒNG VI ẤM LÒNG | MÓN NGON MỖI NGÀY | VIVU TV 27/03/2021,1,0.001145
#vivutv #monngonmoingay #mucnhoitonsottieuxanh,#VIVUTV #monngonmoingay #Mucnhoitonsottieuxanh,1,0.001145
ốc xào tiêu xanh_giòn cay mê say | món ngon mỗi ngày | vivu tv 26/03/2021,ỐC XÀO TIÊU XANH_GIÒN CAY MÊ SAY | MÓN NGON MỖI NGÀY | VIVU TV 26/03/2021,1,0.001145
#vivutv #monngonmoingay #ocxaotieuxanh,#VIVUTV #monngonmoingay #Ocxaotieuxanh,1,0.001145
cá chim nướng ớt xiêm_vị đậm đà tỏa hương xa | món ngon mỗi ngày | vivu tv 21/03/2021,CÁ CHIM NƯỚNG ỚT XIÊM_VỊ ĐẬM ĐÀ TỎA HƯƠNG XA | MÓN NGON MỖI NGÀY | VIVU TV 21/03/2021,1,0.001145
#vivutv #monngonmoingay #cachimnuongotxiem,#VIVUTV #monngonmoingay #cachimnuongotxiem,1,0.001145
chân giò om sấu_nấu là ngon ăn là mê | món ngon mỗi ngày | vivu tv 20/03/2021,CHÂN GIÒ OM SẤU_NẤU LÀ NGON ĂN LÀ MÊ | MÓN NGON MỖI NGÀY | VIVU TV 20/03/2021,1,0.001145
#vivutv #monngonmoingay #changioomsau,#VIVUTV #monngonmoingay #Changioomsau,1,0.001145
phá cách với tôm chiên dừa sốt bạc hà | món ngon mỗi ngày | vivu tv 19/03/2021,PHÁ CÁCH VỚI TÔM CHIÊN DỪA SỐT BẠC HÀ | MÓN NGON MỖI NGÀY | VIVU TV 19/03/2021,1,0.001145
#vivutv #monngonmoingay #tomchienduanuong,#VIVUTV #monngonmoingay #tomchienduanuong,1,0.001145
ngọt ngào mê ly với trà sữa royal cookies | món ngon mỗi ngày | vivu tv 13/03/2021,NGỌT NGÀO MÊ LY VỚI TRÀ SỮA ROYAL COOKIES | MÓN NGON MỖI NGÀY | VIVU TV 13/03/2021,1,0.001145
#vivutv #monngonmoingay #trasuaroyalcookies,#VIVUTV #monngonmoingay #trasuaroyalcookies,1,0.001145
canh cá hanh vị thái-chua ngọt ngon cơm | món ngon mỗi ngày | vivu tv 14/03/2021,CANH CÁ HANH VỊ THÁI-CHUA NGỌT NGON CƠM | MÓN NGON MỖI NGÀY | VIVU TV 14/03/2021,1,0.001145
#vivutv #monngonmoingay #canhcahanhvithai,#VIVUTV #monngonmoingay #Canhcahanhvithai,1,0.001145
rong biển cuộn nấm kim châm | món ngon mỗi ngày | vivu tv 12/03/2021,RONG BIỂN CUỘN NẤM KIM CHÂM | MÓN NGON MỖI NGÀY | VIVU TV 12/03/2021,1,0.001145
#vivutv #monngonmoingay #rongbiencuonnamkimcham,#VIVUTV #monngonmoingay #Rongbiencuonnamkimcham,1,0.001145
mát giòn trọn vị với salad gà nướng | món ngon mỗi ngày | vivu tv 07/03/2021,MÁT GIÒN TRỌN VỊ VỚI SALAD GÀ NƯỚNG | MÓN NGON MỖI NGÀY | VIVU TV 07/03/2021,1,0.001145
#vivutv #monngonmoingay #saladganuong,#VIVUTV #monngonmoingay #saladganuong,1,0.001145
sườn non xào chanh sả _lạ mà ngon ăn là thích | món ngon mỗi ngày | vivu tv 06/03/2021,SƯỜN NON XÀO CHANH SẢ _LẠ MÀ NGON ĂN LÀ THÍCH | MÓN NGON MỖI NGÀY | VIVU TV 06/03/2021,1,0.001145
#vivutv #monngonmoingay #suonnoxaochanhsa,#VIVUTV #monngonmoingay #Suonnoxaochanhsa,1,0.001145
tan chảy với trứng lòng đào bọc thịt | món ngon mỗi ngày | vivu tv 05/03/2021,TAN CHẢY VỚI TRỨNG LÒNG ĐÀO BỌC THỊT | MÓN NGON MỖI NGÀY | VIVU TV 05/03/2021,1,0.001145
#vivutv #monngonmoingay #trunglongdaobocthit,#VIVUTV #monngonmoingay #Trunglongdaobocthit,1,0.001145
ngọt thanh với canh củ sen rong biển | món ngon mỗi ngày | vivu tv 28/01/2021,NGỌT THANH VỚI CANH CỦ SEN RONG BIỂN | MÓN NGON MỖI NGÀY | VIVU TV 28/01/2021,1,0.001145
#vivutv #monngonmoingay #canhcusenrongbien,#VIVUTV #monngonmoingay #canhcusenrongbien,1,0.001145
ngon ngọt với bán tôm hẹ chiên giòn | món ngon mỗi ngày | vivu tv 27/01/2021,NGON NGỌT VỚI BÁN TÔM HẸ CHIÊN GIÒN | MÓN NGON MỖI NGÀY | VIVU TV 27/01/2021,1,0.001145
#vivutv #monngonmoingay #banhtomhechiengion,#VIVUTV #monngonmoingay #banhtomhechiengion,1,0.001145
cá chẽm chiên hạnh nhân nhìn là mê ăn là ghiền | món ngon mỗi ngày | vivu tv 26/01/2021,CÁ CHẼM CHIÊN HẠNH NHÂN NHÌN LÀ MÊ ĂN LÀ GHIỀN | MÓN NGON MỖI NGÀY | VIVU TV 26/01/2021,1,0.001145
#vivutv #monngonmoingay #cachemchienhanhnhan,#VIVUTV #monngonmoingay #Cachemchienhanhnhan,1,0.001145
gà xào nấm_ngon đắm say ăn mê ngay | món ngon mỗi ngày | vivu tv 21/02/2021,GÀ XÀO NẤM_NGON ĐẮM SAY ĂN MÊ NGAY | MÓN NGON MỖI NGÀY | VIVU TV 21/02/2021,1,0.001145
bánh rán thịt nguội pate cho buổi sáng thêm ngon | món ngon mỗi ngày | vivu tv 20/02/2021,BÁNH RÁN THỊT NGUỘI PATE CHO BUỔI SÁNG THÊM NGON | MÓN NGON MỖI NGÀY | VIVU TV 20/02/2021,1,0.001145
#vivutv #monngonmoingay #banhranthitnguoipate,#VIVUTV #monngonmoingay #banhranthitnguoipate,1,0.001145
chuối đậu kho tương sả_món lạ dễ mê | món ngon mỗi ngày | vivu tv 19/02/2021,CHUỐI ĐẬU KHO TƯƠNG SẢ_MÓN LẠ DỄ MÊ | MÓN NGON MỖI NGÀY | VIVU TV 19/02/2021,1,0.001145
#vivutv #monngonmoingay #chuoidaukhotuongsa,#VIVUTV #monngonmoingay #chuoidaukhotuongsa,1,0.001145
salad cam cá hồi_thăng hoa vị giác thêm vị ngày yêu | món ngon mỗi ngày | vivu tv 14/02/2021,SALAD CAM CÁ HỒI_THĂNG HOA VỊ GIÁC THÊM VỊ NGÀY YÊU | MÓN NGON MỖI NGÀY | VIVU TV 14/02/2021,1,0.001145
#vivutv #monngonmoingay #saladcamcahoi,#VIVUTV #monngonmoingay #SALADCAMCAHOI,1,0.001145
cá chiên xóc tỏi ăn miếng nào mê miếng đó | món ngon mỗi ngày | vivu tv 13/02/2021,CÁ CHIÊN XÓC TỎI ĂN MIẾNG NÀO MÊ MIẾNG ĐÓ | MÓN NGON MỖI NGÀY | VIVU TV 13/02/2021,1,0.001145
#vivutv #monngonmoingay #cachienxoctoi,#VIVUTV #monngonmoingay #CACHIENXOCTOI,1,0.001145
pancake bò bầm_mềm thơm cho ngày mới | món ngon mỗi ngày | vivu tv 12/02/2021,PANCAKE BÒ BẦM_MỀM THƠM CHO NGÀY MỚI | MÓN NGON MỖI NGÀY | VIVU TV 12/02/2021,1,0.001145
#vivutv #monngonmoingay #pancakebobam,#VIVUTV #monngonmoingay #PANCAKEBOBAM,1,0.001145
phở cuốn chả chiên tuôn trào vị ngon | món ngon mỗi ngày | vivu tv 07/02/2021,PHỞ CUỐN CHẢ CHIÊN TUÔN TRÀO VỊ NGON | MÓN NGON MỖI NGÀY | VIVU TV 07/02/2021,1,0.001145
#vivutv #monngonmoingay #phocuonchachien,#VIVUTV #monngonmoingay #Phocuonchachien,1,0.001145
bí đỏ hấp hạt sen vẹn tròn vị khai xuân | món ngon mỗi ngày | vivu tv 06/02/2021,BÍ ĐỎ HẤP HẠT SEN VẸN TRÒN VỊ KHAI XUÂN | MÓN NGON MỖI NGÀY | VIVU TV 06/02/2021,1,0.001145
#vivutv #monngonmoingay #bidohaphatsen,#VIVUTV #monngonmoingay #bidohaphatsen,1,0.001145
thanh ngọt với canh sườn mít non trái vả | món ngon mỗi ngày | vivu tv 05/02/2021,THANH NGỌT VỚI CANH SƯỜN MÍT NON TRÁI VẢ | MÓN NGON MỖI NGÀY | VIVU TV 05/02/2021,1,0.001145
salad trái thơm mayo_chua ngọt hài hòa | món ngon mỗi ngày | vivu tv 31/01/2021,SALAD TRÁI THƠM MAYO_CHUA NGỌT HÀI HÒA | MÓN NGON MỖI NGÀY | VIVU TV 31/01/2021,1,0.001145
#vivutv #monngonmoingay #saladtraithommayo,#VIVUTV #monngonmoingay #saladtraithommayo,1,0.001145
tai heo ngâm chua ngọt giòn ngon khó cưỡng | món ngon mỗi ngày | vivu tv 30/01/2021,TAI HEO NGÂM CHUA NGỌT GIÒN NGON KHÓ CƯỠNG | MÓN NGON MỖI NGÀY | VIVU TV 30/01/2021,1,0.001145
#vivutv #monngonmoingay #taiheongamchuangot,#VIVUTV #monngonmoingay #Taiheongamchuangot,1,0.001145
cơm tím gà khìa dẻo bùi ngất ngây | món ngon mỗi ngày | vivu tv 29/01/2021,CƠM TÍM GÀ KHÌA DẺO BÙI NGẤT NGÂY | MÓN NGON MỖI NGÀY | VIVU TV 29/01/2021,1,0.001145
#vivutv #monngonmoingay #comtimgakhia,#VIVUTV #monngonmoingay #ComTimGaKhia,1,0.001145
cá điêu hồng ngũ vị nướng xốt thơm vị ngon khó cưỡng | món ngon mỗi ngày | vivu tv 15/01/2021,CÁ ĐIÊU HỒNG NGŨ VỊ NƯỚNG XỐT THƠM VỊ NGON KHÓ CƯỠNG | MÓN NGON MỖI NGÀY | VIVU TV 15/01/2021,1,0.001145
#vivutv #monngonmoingay #cadieuhongnguvi,#VIVUTV #monngonmoingay #Cadieuhongnguvi,1,0.001145
gỏi cuốn chay chấm xốt đậu phộng mát giòn thơm ngậy | món ngon mỗi ngày | vivu tv 24/01/2021,GỎI CUỐN CHAY CHẤM XỐT ĐẬU PHỘNG MÁT GIÒN THƠM NGẬY | MÓN NGON MỖI NGÀY | VIVU TV 24/01/2021,1,0.001145
#vivutv #monngonmoingay #goicuonchay #xotdauphong,#VIVUTV #monngonmoingay #Goicuonchay #Xotdauphong,1,0.001145
cà tím kho nấm thịt băm đậm đà đưa cơm | món ngon mỗi ngày | vivu tv 23/01/2021,CÀ TÍM KHO NẤM THỊT BĂM ĐẬM ĐÀ ĐƯA CƠM | MÓN NGON MỖI NGÀY | VIVU TV 23/01/2021,1,0.001145
#vivutv #monngonmoingay #catimkhonamthitbam,#VIVUTV #monngonmoingay #Catimkhonamthitbam,1,0.001145
dưa chuột ngâm dấm thơm ngon mộc mạc | món ngon mỗi ngày | vivu tv 22/01/2021,DƯA CHUỘT NGÂM DẤM THƠM NGON MỘC MẠC | MÓN NGON MỖI NGÀY | VIVU TV 22/01/2021,1,0.001145
#vivutv #monngonmoingay #duachuotngamdam,#VIVUTV #monngonmoingay #Duachuotngamdam,1,0.001145
vương giả khai xuân với burger cua lột | món ngon mỗi ngày | vivu tv 17/01/2021,VƯƠNG GIẢ KHAI XUÂN VỚI BURGER CUA LỘT | MÓN NGON MỖI NGÀY | VIVU TV 17/01/2021,1,0.001145
#vivutv #monngonmoingay #burgercualot,#VIVUTV #monngonmoingay #BurgercuaLot,1,0.001145
ngon lạ miệng đậm vị quê nhà với bún gà xáo sả | món ngon mỗi ngày | vivu tv,NGON LẠ MIỆNG ĐẬM VỊ QUÊ NHÀ VỚI BÚN GÀ XÁO SẢ | MÓN NGON MỖI NGÀY | VIVU TV,1,0.001145
#vivutv #monngonmoingay #bungaxaoxa,#VIVUTV #monngonmoingay #bungaxaoxa,1,0.001145
nui nấu bò cay_ăn mê ngất ngây | món ngon mỗi ngày | vivu tv 10/01/2021,NUI NẤU BÒ CAY_ĂN MÊ NGẤT NGÂY | MÓN NGON MỖI NGÀY | VIVU TV 10/01/2021,1,0.001145
#vivutv #monngonmoingay #nuinaubocay,#VIVUTV #monngonmoingay #NuiNauBoCay,1,0.001145
gà xốt mật ong mù tạt ngọt thơm tuyệt hảo | món ngon mỗi ngày | vivu tv 09/01/2021,GÀ XỐT MẬT ONG MÙ TẠT NGỌT THƠM TUYỆT HẢO | MÓN NGON MỖI NGÀY | VIVU TV 09/01/2021,1,0.001145
#vivutv #monngonmoingay #gaxotmatongmutat,#VIVUTV #monngonmoingay #GaXotMatOngMuTat,1,0.001145
cá kèo chiên xốt chanh dây | món ngon mỗi ngày | vivu tv 08/01/2021,CÁ KÈO CHIÊN XỐT CHANH DÂY | MÓN NGON MỖI NGÀY | VIVU TV 08/01/2021,1,0.001145
#vivutv #monngonmoingay #cakeochien #xotchanhday,#VIVUTV #monngonmoingay #CaKeoChien #XotChanhDay,1,0.001145
đậm đà mê mẫn với cá trê kho gừng nghệ | món ngon mỗi ngày | vivu tv 03/01/2021,ĐẬM ĐÀ MÊ MẪN VỚI CÁ TRÊ KHO GỪNG NGHỆ | MÓN NGON MỖI NGÀY | VIVU TV 03/01/2021,1,0.001145
#vivutv #monngonmoingay #catrekhogungnghe,#VIVUTV #monngonmoingay #CaTreKhoGungNghe,1,0.001145
bánh tôm chiên củ sắn | món ngon mỗi ngày | vivu tv 02/01/2021,BÁNH TÔM CHIÊN CỦ SẮN | MÓN NGON MỖI NGÀY | VIVU TV 02/01/2021,1,0.001145
#vivutv #monngonmoingay #banhtomchiencusan,#VIVUTV #monngonmoingay #BanhTomChienCuSan,1,0.001145
bún thái_đón năm mới với vị ngon tê tái | món ngon mỗi ngày | vivu tv 01/01/2021,BÚN THÁI_ĐÓN NĂM MỚI VỚI VỊ NGON TÊ TÁI | MÓN NGON MỖI NGÀY | VIVU TV 01/01/2021,1,0.001145
#vivutv #monngonmoingay #bunthai,#VIVUTV #monngonmoingay #BunThai,1,0.001145
thêm năng lượng và đầy dinh dưỡng với cháo ngưu bàng hải sản | món ngon mỗi ngày | vivu tv 27/12/2020,THÊM NĂNG LƯỢNG VÀ ĐẦY DINH DƯỠNG VỚI CHÁO NGƯU BÀNG HẢI SẢN | MÓN NGON MỖI NGÀY | VIVU TV 27/12/2020,1,0.001145
#vivutv #monngonmoingay #chaonguubanghaisan,#VIVUTV #monngonmoingay #ChaoNguuBangHaiSan,1,0.001145
cá diêu hồng cuốn dưa kiệu thơm ngon mỹ miều | món ngon mỗi ngày | vivu tv 25/12/2020,CÁ DIÊU HỒNG CUỐN DƯA KIỆU THƠM NGON MỸ MIỀU | MÓN NGON MỖI NGÀY | VIVU TV 25/12/2020,1,0.001145
#vivutv #monngonmoingay #cadieuhongcuonduakieu,#VIVUTV #monngonmoingay #CaDieuHongCuonDuaKieu,1,0.001145
khai vị giáng sinh với salad mực ống rong biển | món ngon mỗi ngày | vivu tv 20/12/2020,KHAI VỊ GIÁNG SINH VỚI SALAD MỰC ỐNG RONG BIỂN | MÓN NGON MỖI NGÀY | VIVU TV 20/12/2020,1,0.001145
#vivutv #monngonmoingay #saladmucong,#VIVUTV #monngonmoingay #SaladMucOng,1,0.001145
ngon giòn đậm đà_bánh mì thịt nướng sả mayo | món ngon mỗi ngày | vivu tv 19/12/2020,NGON GIÒN ĐẬM ĐÀ_BÁNH MÌ THỊT NƯỚNG SẢ MAYO | MÓN NGON MỖI NGÀY | VIVU TV 19/12/2020,1,0.001145
#vivutv #monngonmoingay #banhmithitnuong #mayo,#VIVUTV #monngonmoingay #banhmithitnuong #mayo,1,0.001145
pancake socola cho đêm giáng sinh lung linh | món ngon mỗi ngày | vivu tv 18/12/2020,PANCAKE SOCOLA CHO ĐÊM GIÁNG SINH LUNG LINH | MÓN NGON MỖI NGÀY | VIVU TV 18/12/2020,1,0.001145
#vivutv #monngonmoingay #pankacesocola,#VIVUTV #monngonmoingay #pankacesocola,1,0.001145
sandwich kẹp chả tôm cho buổi sáng đầy năng lượng | món ngon mỗi ngày | vivu tv 13/12/2020,SANDWICH KẸP CHẢ TÔM CHO BUỔI SÁNG ĐẦY NĂNG LƯỢNG | MÓN NGON MỖI NGÀY | VIVU TV 13/12/2020,1,0.001145
#vivutv #monngonmoingay #sandwich #chatom,#VIVUTV #monngonmoingay #sandwich #chatom,1,0.001145
ẩm thực đồng quê với lẩu cá lăng bông so đũa | món ngon mỗi ngày | vivu tv 12/12/2020,ẨM THỰC ĐỒNG QUÊ VỚI LẨU CÁ LĂNG BÔNG SO ĐŨA | MÓN NGON MỖI NGÀY | VIVU TV 12/12/2020,1,0.001145
#vivutv #monngonmoingay #laucalang #bongsodua,#VIVUTV #monngonmoingay #laucalang #bongsodua,1,0.001145
thơm lừng món gà hấp lá é | món ngon mỗi ngày | vivu tv 11/12/2020,THƠM LỪNG MÓN GÀ HẤP LÁ É | MÓN NGON MỖI NGÀY | VIVU TV 11/12/2020,1,0.001145
canh cá bống mú | món ngon mỗi ngày | vivu tv 06/12/2020,CANH CÁ BỐNG MÚ | MÓN NGON MỖI NGÀY | VIVU TV 06/12/2020,1,0.001145
#vivutv #monngonmoingay #canhcabongmu #amthuc #thucdongiadinh,#VIVUTV #monngonmoingay #canhcabongmu #amthuc #thucdongiadinh,1,0.001145
gà xào vị thái | món ngon mỗi ngày | vivu tv 05/12/2020,GÀ XÀO VỊ THÁI | MÓN NGON MỖI NGÀY | VIVU TV 05/12/2020,1,0.001145
#vivutv #monngonmoingay #gaxaothai #amthuc #thucdongiadinh,#VIVUTV #monngonmoingay #gaxaothai #amthuc #thucdongiadinh,1,0.001145
burger cá hồi | món ngon mỗi ngày | vivu tv 04/12/2020,BURGER CÁ HỒI | MÓN NGON MỖI NGÀY | VIVU TV 04/12/2020,1,0.001145
#vivutv #monngonmoingay #burgercahoi #amthuc #thucdongiadinh,#VIVUTV #monngonmoingay #burgercahoi #amthuc #thucdongiadinh,1,0.001145
pancake hạnh nhân đậu đỏ | món ngon mỗi ngày | vivu tv 29/11/2020,PANCAKE HẠNH NHÂN ĐẬU ĐỎ | MÓN NGON MỖI NGÀY | VIVU TV 29/11/2020,1,0.001145
#vivutv #monngonmoingay #pancake #hanhnhan #amthuc #thucdongiadinh,#VIVUTV #monngonmoingay #pancake #hanhnhan #amthuc #thucdongiadinh,1,0.001145
mỳ efu xào nấm trà | món ngon mỗi ngày | vivu tv 28/11/2020,MỲ EFU XÀO NẤM TRÀ | MÓN NGON MỖI NGÀY | VIVU TV 28/11/2020,1,0.001145
#vivutv #monngonmoingay #miefuxaonamtra #amthuc #thucdongiadinh,#VIVUTV #monngonmoingay #miefuxaonamtra #amthuc #thucdongiadinh,1,0.001145
bầu xào nghêu | món ngon mỗi ngày | vivu tv 27/11/2020,BẦU XÀO NGHÊU | MÓN NGON MỖI NGÀY | VIVU TV 27/11/2020,1,0.001145
#vivutv #monngonmoingay #bauxaongheu #amthuc #thucdongiadinh,#VIVUTV #monngonmoingay #bauxaongheu #amthuc #thucdongiadinh,1,0.001145
canh gân bò chua cay | món ngon mỗi ngày | vivu tv 22/11/2020,CANH GÂN BÒ CHUA CAY | MÓN NGON MỖI NGÀY | VIVU TV 22/11/2020,1,0.001145
#vivutv #monngonmoingay #canhganbochuacay #amthuc #thucdongiadinh,#VIVUTV #monngonmoingay #canhganbochuacay #amthuc #thucdongiadinh,1,0.001145
lẩu cháo cá ám miền bắc | món ngon mỗi ngày | vivu tv 21112020,LẨU CHÁO CÁ ÁM MIỀN BẮC | MÓN NGON MỖI NGÀY | VIVU TV 21112020,1,0.001145
#vivutv #monngonmoingay #chaocaam #amthuc #thucdongiadinh,#VIVUTV #monngonmoingay #chaocaam #amthuc #thucdongiadinh,1,0.001145
cua lột chiên xốt thái | món ngon mỗi ngày | vivu tv 20/11/2020,CUA LỘT CHIÊN XỐT THÁI | MÓN NGON MỖI NGÀY | VIVU TV 20/11/2020,1,0.001145
#vivutv #monngonmoingay #cualotchienxotthai,#VIVUTV #monngonmoingay #cualotchienxotthai,1,0.001145
gà chiên mè xốt chanh muối mayo | món ngon mỗi ngày | vivu tv 15/11/2020,GÀ CHIÊN MÈ XỐT CHANH MUỐI MAYO | MÓN NGON MỖI NGÀY | VIVU TV 15/11/2020,1,0.001145
#vivutv #monngonmoingay #gachienme #xotchanhmuoimayo,#VIVUTV #monngonmoingay #gachienme #xotchanhmuoimayo,1,0.001145
canh tôm rau cần nước | món ngon mỗi ngày | vivu tv 14/11/2020,CANH TÔM RAU CẦN NƯỚC | MÓN NGON MỖI NGÀY | VIVU TV 14/11/2020,1,0.001145
#vivutv #monngonmoingay #canhtomraucan,#VIVUTV #monngonmoingay #canhtomraucan,1,0.001145
cách làm món gỏi bốn mùa | món ngon mỗi ngày | vivu tv 13/11/2020,CÁCH LÀM MÓN GỎI BỐN MÙA | MÓN NGON MỖI NGÀY | VIVU TV 13/11/2020,1,0.001145
#vivutv #monngonmoingay #goibonmua #amthuc #thucdongiadinh,#VIVUTV #monngonmoingay #goibonmua #amthuc #thucdongiadinh,1,0.001145
bánh cá khoai tây | món ngon mỗi ngày | vivu tv 08/11/2020,BÁNH CÁ KHOAI TÂY | MÓN NGON MỖI NGÀY | VIVU TV 08/11/2020,1,0.001145
#vivutv #monngonmoingay #banhcakhoaitay #amthuc #thucdongiadinh,#VIVUTV #monngonmoingay #banhcakhoaitay #amthuc #thucdongiadinh,1,0.001145
ruốc biển chiên lá quế | món ngon mỗi ngày | vivu tv 06/11/2020,RUỐC BIỂN CHIÊN LÁ QUẾ | MÓN NGON MỖI NGÀY | VIVU TV 06/11/2020,1,0.001145
#vivutv #monngonmoingay #ruocbienchienlaque #amthuc #thucdongiadinh,#VIVUTV #monngonmoingay #ruocbienchienlaque #amthuc #thucdongiadinh,1,0.001145
bánh rán cam mật ong | món ngon mỗi ngày | vivu 01/11/2020,BÁNH RÁN CAM MẬT ONG | MÓN NGON MỖI NGÀY | VIVU 01/11/2020,1,0.001145
#vivutv #monngonmoingay #banhrancammatong #amthuc #thucdongiadinh,#VIVUTV #monngonmoingay #banhrancammatong #amthuc #thucdongiadinh,1,0.001145
canh mọc bí ngòi | món ngon mỗi ngày | vivu tv 31/10/2020,CANH MỌC BÍ NGÒI | MÓN NGON MỖI NGÀY | VIVU TV 31/10/2020,1,0.001145
#vivutv #monngonmoingay #canhmocbingoi #amthuc #thucdongiadinh,#VIVUTV #monngonmoingay #canhmocbingoi #amthuc #thucdongiadinh,1,0.001145
nấm kho tộ | món ngon mỗi ngày | vivu tv 30/10/2020,NẤM KHO TỘ | MÓN NGON MỖI NGÀY | VIVU TV 30/10/2020,1,0.001145
#vivutv #monngonmoingay #namkhoto #amthuc #thucdongiadinh,#VIVUTV #monngonmoingay #namkhoto #amthuc #thucdongiadinh,1,0.001145
cơm chanh ấn độ | món ngon mỗi ngày | vivu tv 04/10/2020,CƠM CHANH ẤN ĐỘ | MÓN NGON MỖI NGÀY | VIVU TV 04/10/2020,1,0.001145
#vivutv #monngonmoingay #comchanhando #amthuc #thucdongiadinh,#VIVUTV #monngonmoingay #comchanhando #amthuc #thucdongiadinh,1,0.001145
cá kèo nướng muối ớt | món ngon mỗi ngày | vivu tv 03/10/2020,CÁ KÈO NƯỚNG MUỐI ỚT | MÓN NGON MỖI NGÀY | VIVU TV 03/10/2020,1,0.001145
#vivutv #monngonmoingay #cakeonuongmuoiot #amthuc #thucdongiadinh,#VIVUTV #monngonmoingay #cakeonuongmuoiot #amthuc #thucdongiadinh,1,0.001145
súp măng vịt chua cay | món ngon mỗi ngày | vivu tv 02/10/2020,SÚP MĂNG VỊT CHUA CAY | MÓN NGON MỖI NGÀY | VIVU TV 02/10/2020,1,0.001145
#vivutv #monngonmoingay #supmangvit #amthuc #thucdongiadinh,#VIVUTV #monngonmoingay #supmangvit #amthuc #thucdongiadinh,1,0.001145
cá hồi sake chiên giòn | món ngon mỗi ngày | vivu tv 27/09/2020,CÁ HỒI SAKE CHIÊN GIÒN | MÓN NGON MỖI NGÀY | VIVU TV 27/09/2020,1,0.001145
#vivutv #monngonmoingay #cahoisakechiengion #amthuc #thucdongiadinh,#VIVUTV #monngonmoingay #cahoisakechiengion #amthuc #thucdongiadinh,1,0.001145
canh cá rô bông súng | món ngon mỗi ngày | vivu tv 26/09/2020,CANH CÁ RÔ BÔNG SÚNG | MÓN NGON MỖI NGÀY | VIVU TV 26/09/2020,1,0.001145
#vivutv #monngonmoingay #canhcarobongsung #amthuc #thucdongiadinh,#VIVUTV #monngonmoingay #canhcarobongsung #amthuc #thucdongiadinh,1,0.001145
sup tôm măng tây vị lẩu thái | món ngon mỗi ngày | vivu tv 25/09/2020,SUP TÔM MĂNG TÂY VỊ LẨU THÁI | MÓN NGON MỖI NGÀY | VIVU TV 25/09/2020,1,0.001145
#vivutv #monngonmoingay #suptommangtay #amthuc #thucdongiadinh,#VIVUTV #monngonmoingay #suptommangtay #amthuc #thucdongiadinh,1,0.001145
bánh mì que xốt thịt cay mayo | món ngon mỗi ngày | vivu tv 20/09/2020,BÁNH MÌ QUE XỐT THỊT CAY MAYO | MÓN NGON MỖI NGÀY | VIVU TV 20/09/2020,1,0.001145
#vivutv #monngonmoingay #banhmique #amthuc #thucdongiadinh,#VIVUTV #monngonmoingay #banhmique #amthuc #thucdongiadinh,1,0.001145
cá hấp tàu xì | món ngon mỗi ngày | vivu tv 19/09/2020,CÁ HẤP TÀU XÌ | MÓN NGON MỖI NGÀY | VIVU TV 19/09/2020,1,0.001145
#vivutv #monngonmoingay #cahaptauxi #amthuc #thucdongiadinh,#VIVUTV #monngonmoingay #cahaptauxi #amthuc #thucdongiadinh,1,0.001145
pancake lá dứa | món ngon mỗi ngày | vivu tv 18/09/2020,PANCAKE LÁ DỨA | MÓN NGON MỖI NGÀY | VIVU TV 18/09/2020,1,0.001145
#vivutv #monngonmoingay #pancakeladua #amthuc #thucdongiadinh,#VIVUTV #monngonmoingay #pancakeladua #amthuc #thucdongiadinh,1,0.001145
đậu hủ um nước cốt dừa | món ngon mỗi ngày | vivu tv 13/09/2020,ĐẬU HỦ UM NƯỚC CỐT DỪA | MÓN NGON MỖI NGÀY | VIVU TV 13/09/2020,1,0.001145
#vivutv #monngonmoingay #dauhuumnuocdua #amthuc #thucdongiadinh,#VIVUTV #monngonmoingay #dauhuumnuocdua #amthuc #thucdongiadinh,1,0.001145
lươn nướng sả | món ngon mỗi ngày | vivu tv 12/09/2020,LƯƠN NƯỚNG SẢ | MÓN NGON MỖI NGÀY | VIVU TV 12/09/2020,1,0.001145
#vivutv #monngonmoingay #luonnuongsa#amthuc #thucdongiadinh,#VIVUTV #monngonmoingay #luonnuongsa#amthuc #thucdongiadinh,1,0.001145
súp hoành thánh | món ngon mỗi ngày | vivu tv 11/09/2020,SÚP HOÀNH THÁNH | MÓN NGON MỖI NGÀY | VIVU TV 11/09/2020,1,0.001145
#vivutv #monngonmoingay #suphoanhthanh#amthuc #thucdongiadinh,#VIVUTV #monngonmoingay #suphoanhthanh#amthuc #thucdongiadinh,1,0.001145
jambon cuộn thanh cua | món ngon mỗi ngày | vivu tv 06/09/2020,JAMBON CUỘN THANH CUA | MÓN NGON MỖI NGÀY | VIVU TV 06/09/2020,1,0.001145
#vivutv #monngonmoingay #janbomcuonthanhcua #amthuc #thucdongiadinh,#VIVUTV #monngonmoingay #janbomcuonthanhcua #amthuc #thucdongiadinh,1,0.001145
chả mực bánh xe chiên giòn | món ngon mỗi ngày | vivu tv 05/09/2020,CHẢ MỰC BÁNH XE CHIÊN GIÒN | MÓN NGON MỖI NGÀY | VIVU TV 05/09/2020,1,0.001145
#vivutv #monngonmoingay #chamucchiengion #amthuc #thucdongiadinh,#VIVUTV #monngonmoingay #chamucchiengion #amthuc #thucdongiadinh,1,0.001145
pancake nhân táo | món ngon mỗi ngày | vivu tv 04/09/2020,PANCAKE NHÂN TÁO | MÓN NGON MỖI NGÀY | VIVU TV 04/09/2020,1,0.001145
#vivutv #monngonmoingay #pancakenhantao #amthuc #thucdongiadinh,#VIVUTV #monngonmoingay #pancakenhantao #amthuc #thucdongiadinh,1,0.001145
cải ngồng xào nấm | món ngon mỗi ngày | vivu tv 30/08/2020,CẢI NGỒNG XÀO NẤM | MÓN NGON MỖI NGÀY | VIVU TV 30/08/2020,1,0.001145
#vivutv #monngonmoingay #caingongxaonam #amthuc #thucdongiadinh,#VIVUTV #monngonmoingay #caingongxaonam #amthuc #thucdongiadinh,1,0.001145
lẩu gà mắc khén | món ngon mỗi ngày | vivu tv 29/08/2020,LẨU GÀ MẮC KHÉN | MÓN NGON MỖI NGÀY | VIVU TV 29/08/2020,1,0.001145
ốc xào lăn lá cách | món ngon mỗi ngày | vivu tv 28/08/2020,ỐC XÀO LĂN LÁ CÁCH | MÓN NGON MỖI NGÀY | VIVU TV 28/08/2020,1,0.001145
hàu xào bông cải | món ngon mỗi ngày | vivu tv 23/08/2020,HÀU XÀO BÔNG CẢI | MÓN NGON MỖI NGÀY | VIVU TV 23/08/2020,1,0.001145
#vivutv #monngonmoingay #hauxaobongcai #amthuc #thucdongiadinh,#VIVUTV #monngonmoingay #hauxaobongcai #amthuc #thucdongiadinh,1,0.001145
ếch chiên bỏ tỏi | món ngon mỗi ngày | vivu tv 22082020,ẾCH CHIÊN BỎ TỎI | MÓN NGON MỖI NGÀY | VIVU TV 22082020,1,0.001145
#vivutv #monngonmoingay #echchienbotoi #amthuc #thucdongiadinh,#VIVUTV #monngonmoingay #echchienbotoi #amthuc #thucdongiadinh,1,0.001145
trà sữa thạch kem hạt chia | món ngon mỗi ngày | vivu tv 21/08/2020,TRÀ SỮA THẠCH KEM HẠT CHIA | MÓN NGON MỖI NGÀY | VIVU TV 21/08/2020,1,0.001145
#vivutv #monngonmoingay #trasuathachkem #amthuc #thucdongiadinh,#VIVUTV #monngonmoingay #trasuathachkem #amthuc #thucdongiadinh,1,0.001145
bún xào hải sản | món ngon mỗi ngày | vivu tv 16/08/2020,BÚN XÀO HẢI SẢN | MÓN NGON MỖI NGÀY | VIVU TV 16/08/2020,1,0.001145
#vivutv #monngonmoingay #bunxaohaisan #amthuc #thucdongiadinh,#VIVUTV #monngonmoingay #bunxaohaisan #amthuc #thucdongiadinh,1,0.001145
sò lông nướng bơ tỏi | món ngon mỗi ngày | vivu tv 15/08/2020,SÒ LÔNG NƯỚNG BƠ TỎI | MÓN NGON MỖI NGÀY | VIVU TV 15/08/2020,1,0.001145
#vivutv #monngonmoingay #solongnuong #amthuc #thucdongiadinh,#VIVUTV #monngonmoingay #solongnuong #amthuc #thucdongiadinh,1,0.001145
gà kho nấm | món ngon mỗi ngày | vivu tv 14/08/2020,GÀ KHO NẤM | MÓN NGON MỖI NGÀY | VIVU TV 14/08/2020,1,0.001145
#vivutv #monngonmoingay #gakhonam #amthuc #thucdongiadinh,#VIVUTV #monngonmoingay #gakhonam #amthuc #thucdongiadinh,1,0.001145
canh cá đồng nấu khế | món ngon mỗi ngày | vivu tv 09/08/2020,CANH CÁ ĐỒNG NẤU KHẾ | MÓN NGON MỖI NGÀY | VIVU TV 09/08/2020,1,0.001145
#vivutv #monngonmoingay #canhcadong #amthuc #thucdongiadinh,#VIVUTV #monngonmoingay #canhcadong #amthuc #thucdongiadinh,1,0.001145
súp óc heo tóc tiên| món ngon mỗi ngày | vivu tv 08/0/82020,SÚP ÓC HEO TÓC TIÊN| MÓN NGON MỖI NGÀY | VIVU TV 08/0/82020,1,0.001145
#vivutv #monngonmoingay #supocheo #amthuc #thucdongiadinh,#VIVUTV #monngonmoingay #supocheo #amthuc #thucdongiadinh,1,0.001145
cá hồi áp chảo sốt tiêu | món ngon mỗi ngày | vivu tv 07/08/2020,CÁ HỒI ÁP CHẢO SỐT TIÊU | MÓN NGON MỖI NGÀY | VIVU TV 07/08/2020,1,0.001145
#vivutv #monngonmoingay #cahoiapchao #amthuc #thucdongiadinh,#VIVUTV #monngonmoingay #cahoiapchao #amthuc #thucdongiadinh,1,0.001145
càng cua chiên mè xốt mayo | món ngon mỗi ngày | vivu tv 25/07/2020,CÀNG CUA CHIÊN MÈ XỐT MAYO | MÓN NGON MỖI NGÀY | VIVU TV 25/07/2020,1,0.001145
#vivutv #monngonmoingay #cangcuachienme #amthuc #thucdongiadinh,#VIVUTV #monngonmoingay #cangcuachienme #amthuc #thucdongiadinh,1,0.001145
cháo đậu chà bông cá hồi | món ngon mỗi ngày | vivu tv 01/08/2020,CHÁO ĐẬU CHÀ BÔNG CÁ HỒI | MÓN NGON MỖI NGÀY | VIVU TV 01/08/2020,1,0.001145
#vivutv #monngonmoingay #chaodauchabong #amthuc #thucdongiadinh,#VIVUTV #monngonmoingay #chaodauchabong #amthuc #thucdongiadinh,1,0.001145
lẩu nấm tiềm củ quả | món ngon mỗi ngày | vivu tv 31/07/2020,LẨU NẤM TIỀM CỦ QUẢ | MÓN NGON MỖI NGÀY | VIVU TV 31/07/2020,1,0.001145
#vivutv #monngonmoingay #launa #amthuc #thucdongiadinh,#VIVUTV #monngonmoingay #launa #amthuc #thucdongiadinh,1,0.001145
canh sườn nha đam | món ngon mỗi ngày | vivu tv 26/07/2020,CANH SƯỜN NHA ĐAM | MÓN NGON MỖI NGÀY | VIVU TV 26/07/2020,1,0.001145
#vivutv #monngonmoingay #canhsuonnhadam #amthuc #thucdongiadinh,#VIVUTV #monngonmoingay #canhsuonnhadam #amthuc #thucdongiadinh,1,0.001145
sườn cuộn bacon chiên mè | món ngon mỗi ngày | vivu tv 25/07/2020,SƯỜN CUỘN BACON CHIÊN MÈ | MÓN NGON MỖI NGÀY | VIVU TV 25/07/2020,1,0.001145
#vivutv #monngonmoingay #suoncuonbacon #amthuc #thucdongiadinh,#VIVUTV #monngonmoingay #suoncuonbacon #amthuc #thucdongiadinh,1,0.001145
hàu trộn mầm cải | món ngon mỗi ngày | vivu tv 24/07/2020,HÀU TRỘN MẦM CẢI | MÓN NGON MỖI NGÀY | VIVU TV 24/07/2020,1,0.001145
#vivutv #monngonmoingay #hautronmamcai #amthuc #thucdongiadinh,#VIVUTV #monngonmoingay #hautronmamcai #amthuc #thucdongiadinh,1,0.001145
cá tai tượng xốt sambal | món ngon mỗi ngày | vivu tv 19/07/2020,CÁ TAI TƯỢNG XỐT SAMBAL | MÓN NGON MỖI NGÀY | VIVU TV 19/07/2020,1,0.001145
#vivutv #monngonmoingay #cataituongxot #amthuc #thucdongiadinh,#VIVUTV #monngonmoingay #cataituongxot #amthuc #thucdongiadinh,1,0.001145
salad tôm đậu hủ| món ngon mỗi ngày | vivu tv 18/07/2020,SALAD TÔM ĐẬU HỦ| MÓN NGON MỖI NGÀY | VIVU TV 18/07/2020,1,0.001145
#vivutv #monngonmoingay #saladtomdauhu #amthuc #thucdongiadinh,#VIVUTV #monngonmoingay #saladtomdauhu #amthuc #thucdongiadinh,1,0.001145
canh nghêu kim chi tía tô | món ngon mỗi ngày | vivu tv 17/07/2020,CANH NGHÊU KIM CHI TÍA TÔ | MÓN NGON MỖI NGÀY | VIVU TV 17/07/2020,1,0.001145
#vivutv #monngonmoingay #canhngheu #amthuc #thucdongiadinh,#VIVUTV #monngonmoingay #canhngheu #amthuc #thucdongiadinh,1,0.001145
canh nấm gà lá giang | món ngon mỗi ngày | vivu tv 12/07/2020,CANH NẤM GÀ LÁ GIANG | MÓN NGON MỖI NGÀY | VIVU TV 12/07/2020,1,0.001145
#vivutv #monngonmoingay #canhnamgalagiang #amthuc #thucdongiadinh,#VIVUTV #monngonmoingay #canhnamgalagiang #amthuc #thucdongiadinh,1,0.001145
gà nướng lửa trại | món ngon mỗi ngày | vivu tv 11/07/2020,GÀ NƯỚNG LỬA TRẠI | MÓN NGON MỖI NGÀY | VIVU TV 11/07/2020,1,0.001145
#vivutv #monngonmoingay #ganuongluatrai #amthuc #thucdongiadinh,#VIVUTV #monngonmoingay #ganuongluatrai #amthuc #thucdongiadinh,1,0.001145
pancake 2 màu chuối socola | món ngon mỗi ngày | vivu tv 10/07/2020,PANCAKE 2 MÀU CHUỐI SOCOLA | MÓN NGON MỖI NGÀY | VIVU TV 10/07/2020,1,0.001145
#vivutv #monngonmoingay #pancakechuoisocola #amthuc #thucdongiadinh,#VIVUTV #monngonmoingay #pancakechuoisocola #amthuc #thucdongiadinh,1,0.001145
cá chiên xốt nấm | món ngon mỗi ngày | vivu tv 05/07/2020,CÁ CHIÊN XỐT NẤM | MÓN NGON MỖI NGÀY | VIVU TV 05/07/2020,1,0.001145
#vivutv #monngonmoingay #cachienxotnam #amthuc #thucdongiadinh,#VIVUTV #monngonmoingay #cachienxotnam #amthuc #thucdongiadinh,1,0.001145
súp bát trân chay | món ngon mỗi ngày | vivu tv 04/07/2020,SÚP BÁT TRÂN CHAY | MÓN NGON MỖI NGÀY | VIVU TV 04/07/2020,1,0.001145
#vivutv #monngonmoingay #supbattran #amthuc #thucdongiadinh,#VIVUTV #monngonmoingay #supbattran #amthuc #thucdongiadinh,1,0.001145
salad thanh long chanh dây | món ngon mỗi ngày | vivu tv 03/07/2020,SALAD THANH LONG CHANH DÂY | MÓN NGON MỖI NGÀY | VIVU TV 03/07/2020,1,0.001145
#vivutv #monngonmoingay #salad #amthuc #thucdongiadinh,#VIVUTV #monngonmoingay #SALAD #amthuc #thucdongiadinh,1,0.001145
bánh canh vịt | món ngon mỗi ngày | vivu tv 28/06/2020,BÁNH CANH VỊT | MÓN NGON MỖI NGÀY | VIVU TV 28/06/2020,1,0.001145
#vivutv #monngonmoingay #banhcanhvit #amthuc #thucdongiadinh,#VIVUTV #monngonmoingay #banhcanhvit #amthuc #thucdongiadinh,1,0.001145
chả bò chiên | món ngon mỗi ngày | vivu tv 28/06/2020,CHẢ BÒ CHIÊN | MÓN NGON MỖI NGÀY | VIVU TV 28/06/2020,1,0.001145
#vivutv #monngonmoingay #chabochien #amthuc #thucdongiadinh,#VIVUTV #monngonmoingay #chabochien #amthuc #thucdongiadinh,1,0.001145
cá ngừ đại dương lúc lắc | món ngon mỗi ngày | vivu tv 26/06/2020,CÁ NGỪ ĐẠI DƯƠNG LÚC LẮC | MÓN NGON MỖI NGÀY | VIVU TV 26/06/2020,1,0.001145
#vivutv #monngonmoingay #cangudaiduong #amthuc #thucdongiadinh,#VIVUTV #monngonmoingay #cangudaiduong #amthuc #thucdongiadinh,1,0.001145
cá hấp ngưu bàng | món ngon mỗi ngày | vivu tv 07/06/2020,CÁ HẤP NGƯU BÀNG | MÓN NGON MỖI NGÀY | VIVU TV 07/06/2020,1,0.001145
#vivutv #monngonmoingay #cahapnguubang #amthuc #thucdongiadinh,#VIVUTV #monngonmoingay #cahapnguubang #amthuc #thucdongiadinh,1,0.001145
chả giò hàu | món ngon mỗi ngày | vivu tv 06/06/2020,CHẢ GIÒ HÀU | MÓN NGON MỖI NGÀY | VIVU TV 06/06/2020,1,0.001145
#vivutv #monngonmoingay #chagiohau #amthuc #thucdongiadinh,#VIVUTV #monngonmoingay #chagiohau #amthuc #thucdongiadinh,1,0.001145
đậu hủ áp chảo xốt sambal | món ngon mỗi ngày | vivu tv 05/06/2020,ĐẬU HỦ ÁP CHẢO XỐT SAMBAL | MÓN NGON MỖI NGÀY | VIVU TV 05/06/2020,1,0.001145
#vivutv #monngonmoingay #dauhuapchao #amthuc #thucdongiadinh,#VIVUTV #monngonmoingay #dauhuapchao #amthuc #thucdongiadinh,1,0.001145
mực que chiên giòn xốt cam | món ngon mỗi ngày | vivu tv 31/05/2020,MỰC QUE CHIÊN GIÒN XỐT CAM | MÓN NGON MỖI NGÀY | VIVU TV 31/05/2020,1,0.001145
#vivutv #monngonmoingay #mucchiengion #amthuc #thucdongiadinh,#VIVUTV #monngonmoingay #mucchiengion #amthuc #thucdongiadinh,1,0.001145
cải thảo cuộn tôm cá | món ngon mỗi ngày | vivu tv 30/05/2020,CẢI THẢO CUỘN TÔM CÁ | MÓN NGON MỖI NGÀY | VIVU TV 30/05/2020,1,0.001145
#vivutv #monngonmoingay #caithaocuontomca #amthuc #thucdongiadinh,#VIVUTV #monngonmoingay #caithaocuontomca #amthuc #thucdongiadinh,1,0.001145
pancake thanh long đỏ | món ngon mỗi ngày | vivu tv 29/05/2020,PANCAKE THANH LONG ĐỎ | MÓN NGON MỖI NGÀY | VIVU TV 29/05/2020,1,0.001145
#vivutv #monngonmoingay #pancake #thanhlongdo #amthuc #thucdongiadinh,#VIVUTV #monngonmoingay #pancake #thanhlongdo #amthuc #thucdongiadinh,1,0.001145
canh gà bí xanh | món ngon mỗi ngày | vivu tv 24/05/2020,CANH GÀ BÍ XANH | MÓN NGON MỖI NGÀY | VIVU TV 24/05/2020,1,0.001145
#vivutv #monngonmoingay #canhgabixanh #amthuc #thucdongiadinh,#VIVUTV #monngonmoingay #canhgabixanh #amthuc #thucdongiadinh,1,0.001145
sườn non kho chao | món ngon mỗi ngày | vivu tv 23/05/2020,SƯỜN NON KHO CHAO | MÓN NGON MỖI NGÀY | VIVU TV 23/05/2020,1,0.001145
#vivutv #monngonmoingay #suonnonkhochao #amthuc #thucdongiadinh,#VIVUTV #monngonmoingay #suonnonkhochao #amthuc #thucdongiadinh,1,0.001145
cà tím nướng tôm cháy mỡ hẹ | món ngon mỗi ngày | vivu tv 22/05/2020,CÀ TÍM NƯỚNG TÔM CHÁY MỠ HẸ | MÓN NGON MỖI NGÀY | VIVU TV 22/05/2020,1,0.001145
#vivutv #monngonmoingay #catimnuong #amthuc #thucdongiadinh,#VIVUTV #monngonmoingay #catimnuong #amthuc #thucdongiadinh,1,0.001145
cá kho quẹt | món ngon mỗi ngày | vivu tv 16/05/2020.,CÁ KHO QUẸT | MÓN NGON MỖI NGÀY | VIVU TV 16/05/2020.,1,0.001145
#vivutv #monngonmoingay #cakhoquet #amthuc #thucdongiadinh,#VIVUTV #monngonmoingay #cakhoquet #amthuc #thucdongiadinh,1,0.001145
tôm chiên mặt nguyệt | món ngon mỗi ngày | vivu tv 15/05/2020.,TÔM CHIÊN MẶT NGUYỆT | MÓN NGON MỖI NGÀY | VIVU TV 15/05/2020.,1,0.001145
#vivutv #monngonmoingay #tomchienmatnghuyet #amthuc #thucdongiadinh,#VIVUTV #monngonmoingay #tomchienmatnghuyet #amthuc #thucdongiadinh,1,0.001145
salad mực ống | món ngon mỗi ngày | vivu tv 10/05/2020.,SALAD MỰC ỐNG | MÓN NGON MỖI NGÀY | VIVU TV 10/05/2020.,1,0.001145
#vivutv #monngonmoingay #saladmuc #amthuc #thucdongiadinh,#VIVUTV #monngonmoingay #saladmuc #amthuc #thucdongiadinh,1,0.001145
ớt chuông hải sản phô mai | món ngon mỗi ngày | vivu tv 09/05/2020.,ỚT CHUÔNG HẢI SẢN PHÔ MAI | MÓN NGON MỖI NGÀY | VIVU TV 09/05/2020.,1,0.001145
#vivutv #monngonmoingay #haisan #amthuc #thucdongiadinh,#VIVUTV #monngonmoingay #haisan #amthuc #thucdongiadinh,1,0.001145
cá dứa một nắng chua ngọt | món ngon mỗi ngày | vivu tv 08/05/2020.,CÁ DỨA MỘT NẮNG CHUA NGỌT | MÓN NGON MỖI NGÀY | VIVU TV 08/05/2020.,1,0.001145
#vivutv #monngonmoingay #caduamotnang #amthuc #thucdongiadinh,#VIVUTV #monngonmoingay #caduamotnang #amthuc #thucdongiadinh,1,0.001145
canh sườn bí đỏ rong biển | món ngon mỗi ngày | vivu tv 03/05/2020.,CANH SƯỜN BÍ ĐỎ RONG BIỂN | MÓN NGON MỖI NGÀY | VIVU TV 03/05/2020.,1,0.001145
#vivutv #monngonmoingay #canhsuonbidorongbien #amthuc #thucdongiadinh,#VIVUTV #monngonmoingay #canhsuonbidorongbien #amthuc #thucdongiadinh,1,0.001145
đậu hũ cuộn chiên giòn | món ngon mỗi ngày | vivu tv 02/05/2020.,ĐẬU HŨ CUỘN CHIÊN GIÒN | MÓN NGON MỖI NGÀY | VIVU TV 02/05/2020.,1,0.001145
#vivutv #monngonmoingay #dauhucuonchiengion #amthuc #thucdongiadinh,#VIVUTV #monngonmoingay #dauhucuonchiengion #amthuc #thucdongiadinh,1,0.001145
phở sắn xào thập cẩm | món ngon mỗi ngày | vivu tv 01/05/2020.,PHỞ SẮN XÀO THẬP CẨM | MÓN NGON MỖI NGÀY | VIVU TV 01/05/2020.,1,0.001145
#vivutv #monngonmoingay #phosanxaothapcam #amthuc #thucdongiadinh,#VIVUTV #monngonmoingay #phosanxaothapcam #amthuc #thucdongiadinh,1,0.001145
ếch khói lửa | món ngon mỗi ngày | vivu tv 26/04/2020.,ẾCH KHÓI LỬA | MÓN NGON MỖI NGÀY | VIVU TV 26/04/2020.,1,0.001145
#vivutv #monngonmoingay #echkhoilua #amthuc #thucdongiadinh,#VIVUTV #monngonmoingay #echkhoilua #amthuc #thucdongiadinh,1,0.001145
canh mồng tơi nấm | món ngon mỗi ngày | vivu tv 25/04/2020.,CANH MỒNG TƠI NẤM | MÓN NGON MỖI NGÀY | VIVU TV 25/04/2020.,1,0.001145
#vivutv #monngonmoingay #canhmongtoinam #amthuc #thucdongiadinh,#VIVUTV #monngonmoingay #canhmongtoinam #amthuc #thucdongiadinh,1,0.001145
bánh xèo hải sản | món ngon mỗi ngày | vivu tv 17/04/2020.,BÁNH XÈO HẢI SẢN | MÓN NGON MỖI NGÀY | VIVU TV 17/04/2020.,1,0.001145
#vivutv #monngonmoingay #banhxeohaisan #amthuc #thucdongiadinh,#VIVUTV #monngonmoingay #banhxeohaisan #amthuc #thucdongiadinh,1,0.001145
gà nướng cỏ xạ hương | món ngon mỗi ngày | vivu tv 22/02/2020.,GÀ NƯỚNG CỎ XẠ HƯƠNG | MÓN NGON MỖI NGÀY | VIVU TV 22/02/2020.,1,0.001145
#vivutv #monngonmoingay #ganuongcoxahuong #amthuc #thucdongiadinh,#VIVUTV #monngonmoingay #ganuongcoxahuong #amthuc #thucdongiadinh,1,0.001145
thịt ba chỉ xiên que chiên giòn | món ngon mỗi ngày | vivu tv 28/02/2020.,THỊT BA CHỈ XIÊN QUE CHIÊN GIÒN | MÓN NGON MỖI NGÀY | VIVU TV 28/02/2020.,1,0.001145
#vivutv #monngonmoingay #thitbachixienque #amthuc #thucdongiadinh,#VIVUTV #monngonmoingay #thitbachixienque #amthuc #thucdongiadinh,1,0.001145
bắp bò xốt pate chấm muối tắc | món ngon mỗi ngày | vivu tv 19/04/2020.,BẮP BÒ XỐT PATE CHẤM MUỐI TẮC | MÓN NGON MỖI NGÀY | VIVU TV 19/04/2020.,1,0.001145
#vivutv #monngonmoingay #bapboxotpate #amthuc #thucdongiadinh,#VIVUTV #monngonmoingay #bapboxotpate #amthuc #thucdongiadinh,1,0.001145
pancake đậu xanh cốt dừa | món ngon mỗi ngày | vivu tv | 18042020,PANCAKE ĐẬU XANH CỐT DỪA | MÓN NGON MỖI NGÀY | VIVU TV | 18042020,1,0.001145
#vivutv #monngonmoingay #pancakedauxanhcotdua #amthuc #thucdongiadinh,#VIVUTV #monngonmoingay #pancakedauxanhcotdua #amthuc #thucdongiadinh,1,0.001145
salad bò dưa kiệu tươi mát giải nhiệt mùa dịch | món ngon mỗi ngày | vivu tv 17/04/2020.,SALAD BÒ DƯA KIỆU TƯƠI MÁT GIẢI NHIỆT MÙA DỊCH | MÓN NGON MỖI NGÀY | VIVU TV 17/04/2020.,1,0.001145
#vivutv #monngonmoingay #saladboduakieu #amthuc #thucdongiadinh,#VIVUTV #monngonmoingay #saladboduakieu #amthuc #thucdongiadinh,1,0.001145
pancake khoai lang mật ong | món ngon mỗi ngày | vivu tv 21/02/2020.,PANCAKE KHOAI LANG MẬT ONG | MÓN NGON MỖI NGÀY | VIVU TV 21/02/2020.,1,0.001145
#vivutv #monngonmoingay #pancakekhoailangmatong #amthuc #thucdongiadinh,#VIVUTV #monngonmoingay #pancakekhoailangmatong #amthuc #thucdongiadinh,1,0.001145
canh chân nấm táo đỏ | món ngon mỗi ngày | vivu tv 12/04/2020.,CANH CHÂN NẤM TÁO ĐỎ | MÓN NGON MỖI NGÀY | VIVU TV 12/04/2020.,1,0.001145
#vivutv #monngonmoingay #canhchannamtaodo #amthuc #thucdongiadinh,#VIVUTV #monngonmoingay #canhchannamtaodo #amthuc #thucdongiadinh,1,0.001145
pancake dứa hạnh nhân | món ngon mỗi ngày | vivu tv 11/04/2020.,PANCAKE DỨA HẠNH NHÂN | MÓN NGON MỖI NGÀY | VIVU TV 11/04/2020.,1,0.001145
#vivutv #monngonmoingay #pancake #amthuc #thucdongiadinh,#VIVUTV #monngonmoingay #pancake #amthuc #thucdongiadinh,1,0.001145
lẩu ếch lá lốt | món ngon mỗi ngày | vivu tv 29/02/2020.,LẨU ẾCH LÁ LỐT | MÓN NGON MỖI NGÀY | VIVU TV 29/02/2020.,1,0.001145
#vivutv #monngonmoingay #lauechlalot #amthuc #thucdongiadinh,#VIVUTV #monngonmoingay #lauechlalot #amthuc #thucdongiadinh,1,0.001145
cơm gạo lứt trộn | món ngon mỗi ngày | vivu tv 01/03/2020.,CƠM GẠO LỨT TRỘN | MÓN NGON MỖI NGÀY | VIVU TV 01/03/2020.,1,0.001145
#vivutv #monngonmoingay #comgaoluttron #amthuc #thucdongiadinh,#VIVUTV #monngonmoingay #comgaoluttron #amthuc #thucdongiadinh,1,0.001145
đậu hủ hấp nấm nhật | món ngon mỗi ngày | vivu tv 06/03/2020.,ĐẬU HỦ HẤP NẤM NHẬT | MÓN NGON MỖI NGÀY | VIVU TV 06/03/2020.,1,0.001145
#vivutv #monngonmoingay #dauhuhapnamnhat #amthuc #thucdongiadinh,#VIVUTV #monngonmoingay #dauhuhapnamnhat #amthuc #thucdongiadinh,1,0.001145
salad cải mầm tôm chiên | món ngon mỗi ngày | vivu tv 07/03/2020.,SALAD CẢI MẦM TÔM CHIÊN | MÓN NGON MỖI NGÀY | VIVU TV 07/03/2020.,1,0.001145
#vivutv #monngonmoingay #saladcaimamtomchien #amthuc #thucdongiadinh,#VIVUTV #monngonmoingay #saladcaimamtomchien #amthuc #thucdongiadinh,1,0.001145
cá chép nấu riềng mẻ | món ngon mỗi ngày | vivu tv 05/04/2020.,CÁ CHÉP NẤU RIỀNG MẺ | MÓN NGON MỖI NGÀY | VIVU TV 05/04/2020.,1,0.001145
#vivutv #monngonmoingay #cachepnauriengme #amthuc #thucdongiadinh,#VIVUTV #monngonmoingay #cachepnauriengme #amthuc #thucdongiadinh,1,0.001145
"khám phá kiến trúc và ý nghĩa văn hóa của miếu bà núi sam. kiến trúc miếu bà núi sam giống như một đóa hoa sen nhìn từ trên cao, phản ánh văn hóa nam bộ.","Khám phá kiến trúc và ý nghĩa văn hóa của Miếu Bà Núi Sam. Kiến trúc Miếu Bà Núi Sam giống như một đóa hoa sen nhìn từ trên cao, phản ánh văn hóa Nam Bộ.",1,0.001145
giới thiệu về các món đặc sản của đồng bằng sông cửu long. món chả giò tam giác là một món khai vị dễ thương và đầy hương vị. nếm thử các món ăn truyền thống của việt nam. món trứng đặc biệt rất ngon với cơm. khám phá hương vị đơn giản nhưng thơm ngon của phở trái xào.,Giới thiệu về các món đặc sản của đồng bằng sông Cửu Long. Món Chả Giò Tam Giác là một món khai vị dễ thương và đầy hương vị. Nếm thử các món ăn truyền thống của Việt Nam. Món trứng đặc biệt rất ngon với cơm. Khám phá hương vị đơn giản nhưng thơm ngon của Phở Trái Xào.,1,0.001145
"miếu bà chúa xứ núi sam - một chuyến thú vị đến đỉnh núi. núi sam châu đốc qua cáp treo - tầm nhìn bao la, đồng ruộng và kênh vĩnh tế.","Miếu Bà Chúa Xứ Núi Sam - một chuyến thú vị đến đỉnh núi. Núi Sam Châu Đốc qua cáp treo - tầm nhìn bao la, đồng ruộng và kênh Vĩnh Tế.",1,0.001145
"khám phá vẻ đẹp và khí hậu thuận lợi của khu vực trong mùa mưa. học cách thu hoạch và ăn măng tre. khám phá các phương pháp xác định và thu hoạch măng tre non. thu hoạch và chế biến măng tre. chuẩn bị cho mùa giải sắp tới bằng cách dọn dẹp các cánh đồng. thu hoạch và chế biến măng tre với sự hỗ trợ của gia đình. khám phá sự khác biệt giữa các loại măng tre khác nhau. măng tươi được đặc trưng bởi màu xanh và kết cấu độc đáo của chúng. măng tre đen, còn được gọi là măng tre chắc, được ưa chuộng vì hương vị giòn và ngọt của nó. chị làm ba món từ măng. món măng chua nấu gà. măng tươi xào tỏi. fresh bamboo shoots mixed with garlic salad. học kỹ năng nấu ăn việt nam trong một buổi nấu ăn. dạy cách chuẩn bị các món ăn đặc sản vùng núi. minh họa từng bước trong việc làm canh chua với gà và măng. nếm và đánh giá các món ăn với măng tươi. đồng thời, chúng ta sẽ khám phá sự khác biệt giữa các loại măng tre khác nhau và tận hưởng các món ăn đặc sản vùng núi.","Khám phá vẻ đẹp và khí hậu thuận lợi của khu vực trong mùa mưa. Học cách thu hoạch và ăn măng tre. Khám phá các phương pháp xác định và thu hoạch măng tre non. Thu hoạch và chế biến măng tre. Chuẩn bị cho mùa giải sắp tới bằng cách dọn dẹp các cánh đồng. Thu hoạch và chế biến măng tre với sự hỗ trợ của gia đình. Khám phá sự khác biệt giữa các loại măng tre khác nhau. Măng tươi được đặc trưng bởi màu xanh và kết cấu độc đáo của chúng. Măng tre đen, còn được gọi là măng tre chắc, được ưa chuộng vì hương vị giòn và ngọt của nó. Chị làm ba món từ măng. Món măng chua nấu gà. Măng tươi xào tỏi. Fresh bamboo shoots mixed with garlic salad. Học kỹ năng nấu ăn Việt Nam trong một buổi nấu ăn. Dạy cách chuẩn bị các món ăn đặc sản vùng núi. Minh họa từng bước trong việc làm canh chua với gà và măng. Nếm và đánh giá các món ăn với măng tươi. Đồng thời, chúng ta sẽ khám phá sự khác biệt giữa các loại măng tre khác nhau và tận hưởng các món ăn đặc sản vùng núi.",1,0.001145
"bánh xèo và rau rừng trên núi cấm là một trong những trải nghiệm ẩm thực độc đáo ở an giang, việt nam.","Bánh xèo và rau rừng trên núi Cấm là một trong những trải nghiệm ẩm thực độc đáo ở An Giang, Việt Nam.",1,0.001145
bánh xèo,Bánh Xèo,1,0.001145
"đặc điểm: bánh xèo là món bánh được làm từ bột gạo, chiên vàng giòn, thường có nhân gồm tôm, thịt heo, giá đỗ và hành lá.","Đặc điểm: Bánh xèo là món bánh được làm từ bột gạo, chiên vàng giòn, thường có nhân gồm tôm, thịt heo, giá đỗ và hành lá.",1,0.001145
"cách thưởng thức: bánh được ăn kèm với rau sống, đặc biệt là các loại rau rừng tươi ngon.","Cách thưởng thức: Bánh được ăn kèm với rau sống, đặc biệt là các loại rau rừng tươi ngon.",1,0.001145
rau rừng,Rau Rừng,1,0.001145
"đặc điểm: rau rừng ở núi cấm rất phong phú, bao gồm nhiều loại như bắp chuối, rau đắng, và các loại lá thơm.","Đặc điểm: Rau rừng ở núi Cấm rất phong phú, bao gồm nhiều loại như bắp chuối, rau đắng, và các loại lá thơm.",1,0.001145
"gia vị: các loại rau này thường có vị đắng nhẹ, giúp cân bằng hương vị của bánh xèo.","Gia vị: Các loại rau này thường có vị đắng nhẹ, giúp cân bằng hương vị của bánh xèo.",1,0.001145
trải nghiệm,Trải Nghiệm,1,0.001145
"khi thưởng thức món ăn này trên núi cấm, bạn không chỉ được thưởng thức hương vị đặc trưng mà còn tận hưởng không khí trong lành, cảnh sắc thiên nhiên tuyệt đẹp của vùng núi. đây là một trải nghiệm ẩm thực không thể bỏ qua khi đến an giang!","Khi thưởng thức món ăn này trên núi Cấm, bạn không chỉ được thưởng thức hương vị đặc trưng mà còn tận hưởng không khí trong lành, cảnh sắc thiên nhiên tuyệt đẹp của vùng núi. Đây là một trải nghiệm ẩm thực không thể bỏ qua khi đến An Giang!",1,0.001145
thôi đi các bạn ơi bây giờ chỗ đó là mình mới có là cánh đồng bằng thôi,Thôi đi các bạn ơi bây giờ chỗ đó là mình mới có là cánh đồng bằng thôi,1,0.001145
mình dạ chưa có bước lên đâu bây giờ mình mới bắt đầu mình chinh phục nè đi,mình dạ chưa có bước lên đâu Bây giờ mình mới bắt đầu mình chinh phục nè Đi,1,0.001145
cẩn thận nha đá không đó dạ dạ dạ mấy chỗ này nó sẽ hơi trơn nên là mình phải,cẩn thận nha đá không đó Dạ Dạ Dạ mấy chỗ này nó sẽ hơi trơn nên là mình phải,1,0.001145
lựa mấy cái dài nào mà mà chuyên dụng xíu đi mà đi phải chắc từng bước từng,lựa mấy cái dài nào mà mà chuyên dụng xíu đi mà đi phải chắc từng bước từng,1,0.001145
bước một đi nó hơi mệt nhưng mà mát trời không khí đã lắmtới điểm đến đầu tiên,bước một đi nó hơi mệt nhưng mà mát trời không khí đã lắmtới điểm đến đầu tiên,1,0.001145
một con suối rất đẹp suối này là suối thanh long đây là ngọn suối dài nhất của,một con suối rất đẹp suối này là suối thanh long đây là ngọn suối dài nhất của,1,0.001145
"an giang với chiều dài là 4,25 km và cao trung bình so với mặt nước biển là 250 m","An Giang Với chiều dài là 4,25 km và cao trung bình so với mặt nước biển là 250 m",1,0.001145
nước rất là mát nha mát lạnh luôn á nước trông vắt luôn quá tuyệt vời ở đây bà con,nước rất là mát nha Mát lạnh luôn á nước trông vắt luôn Quá tuyệt vời ở đây bà con,1,0.001145
địa phương hay gọi ở đây có hai cái tên dạ một á khu vực này á là người ta gọi,địa phương hay gọi ở đây có hai cái tên Dạ một á khu vực này á là người ta gọi,1,0.001145
là thát cây chôm chôm vì ở đây có cây chôm chôm nó mọc từ xưa tới đây.,là thát cây chôm chôm vì ở đây có cây chôm chôm nó mọc từ xưa tới đây.,1,0.001145
"mũi nai, hay còn gọi là mũi nai phú quốc, là một trong những điểm du lịch nổi bật tại đảo phú quốc, tỉnh kiên giang, việt nam. nơi đây nổi tiếng với vẻ đẹp hoang sơ, bãi biển cát trắng mịn và nước biển trong xanh.","Mũi Nai, hay còn gọi là Mũi Nai Phú Quốc, là một trong những điểm du lịch nổi bật tại đảo Phú Quốc, tỉnh Kiên Giang, Việt Nam. Nơi đây nổi tiếng với vẻ đẹp hoang sơ, bãi biển cát trắng mịn và nước biển trong xanh.",1,0.001145
đặc điểm nổi bật:,Đặc điểm nổi bật:,1,0.001145
"cảnh quan thiên nhiên: mũi nai được bao quanh bởi những rặng dừa và cây cối, tạo nên khung cảnh thơ mộng và yên bình.","Cảnh quan thiên nhiên: Mũi Nai được bao quanh bởi những rặng dừa và cây cối, tạo nên khung cảnh thơ mộng và yên bình.",1,0.001145
"hoạt động giải trí: du khách có thể tham gia các hoạt động như tắm biển, lặn ngắm san hô, hoặc tham gia các tour khám phá đảo.","Hoạt động giải trí: Du khách có thể tham gia các hoạt động như tắm biển, lặn ngắm san hô, hoặc tham gia các tour khám phá đảo.",1,0.001145
"ẩm thực: khu vực này cũng nổi tiếng với các món hải sản tươi ngon, mang đậm hương vị biển cả.","Ẩm thực: Khu vực này cũng nổi tiếng với các món hải sản tươi ngon, mang đậm hương vị biển cả.",1,0.001145
thời điểm tham quan:,Thời điểm tham quan:,1,0.001145
"thời điểm lý tưởng để tham quan mũi nai là từ tháng 11 đến tháng 4, khi thời tiết mát mẻ và ít mưa.","Thời điểm lý tưởng để tham quan Mũi Nai là từ tháng 11 đến tháng 4, khi thời tiết mát mẻ và ít mưa.",1,0.001145
mũi nai là một điểm đến lý tưởng cho những ai yêu thích vẻ đẹp tự nhiên và muốn trải nghiệm sự bình yên của cuộc sống biển đảo.,Mũi Nai là một điểm đến lý tưởng cho những ai yêu thích vẻ đẹp tự nhiên và muốn trải nghiệm sự bình yên của cuộc sống biển đảo.,1,0.001145
"xin chào các bạn đang đến với chương trình việt nam đi là ghiền, mỗi du khách khi đến du lịch hà tiên thì luôn muốn tìm đến những quán ăn bình dân để có thểthưởng thức món bún kèn rất độc đáo của người dân nơi đây vì sao lại như vậy vìbún kèn vừa có tên gọi vô cùng độc lạ mà hương vị của nó cũng độc đáo","Xin chào các bạn đang đến với chương trình Việt Nam đi là ghiền, mỗi du khách khi đến du lịch Hà Tiên thì luôn muốn tìm đến những quán ăn bình dân để có thểthưởng thức món bún kèn rất độc đáo của người dân nơi đây vì sao lại như vậy vìbún kèn vừa có tên gọi vô cùng độc lạ mà hương vị của nó cũng độc đáo",1,0.001145
"đi thôi nào có người nói vui rằng đến hà tiên mà chưa thưởng thức tô bún kèn coi như chưa đến hà tiên, ở hà tiên món bó kèn thường bán vào buổi sáng và chỉ có vài hộ gia đình theo nghề này, chúng ta có thể hỏi thăm bất cứ người dân địa phương hay tìm trên mạng internet là dễ dàng tìm được địa chỉ của các quán bún kèn ở thành phố biển nhỏ nhỏ xinh xinh này. hôm nay tìm đến quán bún kèn trên đường chi lăng sang thành phố hàtiên. tuy là một quán ăn bình dân ven đường nhưng quán bún kèn có khá đông thực khách đang ngồi xì sụp bên những tô bún bốc khói nghi ngút.","Đi thôi nào có người nói vui rằng đến Hà Tiên mà chưa thưởng thức tô bún kèn coi như chưa đến Hà Tiên, ở Hà Tiên món bó kèn thường bán vào buổi sáng và chỉ có vài hộ gia đình theo nghề này, chúng ta có thể hỏi thăm bất cứ người dân địa phương hay tìm trên mạng internet là dễ dàng tìm được địa chỉ của các quán bún kèn ở thành phố biển nhỏ nhỏ xinh xinh này. Hôm nay tìm đến quán bún kèn trên đường Chi Lăng sang thành phố HàTiên. Tuy là một quán ăn bình dân ven đường nhưng quán bún kèn có khá đông thực khách đang ngồi xì sụp bên những tô bún bốc khói nghi ngút.",1,0.001145
"""hà tiên, mảnh đất cực nam tổ quốc, từ lâu đã được biết đến với vẻ đẹp hoang sơ, hùng vĩ của thiên nhiên và những câu chuyện lịch sử hào hùng. hôm nay, chúng ta sẽ cùng nhau ngược dòng thời gian, khám phá hà tiên xưa - một hạt ngọc phương nam ẩn chứa bao điều kỳ diệu.""","""Hà Tiên, mảnh đất cực Nam Tổ quốc, từ lâu đã được biết đến với vẻ đẹp hoang sơ, hùng vĩ của thiên nhiên và những câu chuyện lịch sử hào hùng. Hôm nay, chúng ta sẽ cùng nhau ngược dòng thời gian, khám phá Hà Tiên xưa - một hạt ngọc phương Nam ẩn chứa bao điều kỳ diệu.""",1,0.001145
bây giờ thì chúng ta sẽ cùng đi đến động kim cương cũng nằm trong khu du lịch và nơi đây thì có rất,Bây giờ thì chúng ta sẽ cùng đi đến động Kim Cương cũng nằm trong khu du lịch và nơi đây thì có rất,1,0.001145
là nhiều những sảng đá đắp trồng lên nhau nên tạo ra những cái hình hù rất là thú vị và độc đáo bây giờ thì mình sẽ cùng đi vào bên trong hang để xem lý do mà được gọi là động kim cương.,là nhiều những sảng đá đắp trồng lên nhau nên tạo ra những cái hình hù rất là thú vị và độc đáo Bây giờ thì mình sẽ cùng đi vào bên trong hang để xem lý do mà được gọi là động kim cương.,1,0.001145
động kim cương nằm kế bên hòn phụ tử phía sau chùa hang qua kiến tạo địa chất núi đá vôi cùng với nước biển sâm thực xói mòn nhiều thiên niên kỹ đã tạo nên động đá này vô số thạch nhủ với những hình thù vô cùng ngoạn mục giống như là các loài thú đại bang rắn hổ mang voi con bạch tuộc rất sinh động độc đáo nhất là ở giữa lòng có những tảng thạch nhủ phản chiếu ánh sáng như hàng ngàn viên kim cương lấp lánh một ngày thăm thú chùa chiền hang động chiều muộn là lúc mà chúng ta thả bộ trên bã biển hàng dương để hưởng gió trời và ngắm hoàng hôn tuyệt đẹp nằm trong cụm danh thắng hòn chong bãi dương chạy dài khoảng hai cây số nửa bãi có hàng cây dương xanh dành cho du khách tắm biển khi thủy triều xuống nửa bãi còn lại có hàng dầu cổ thủ tuyệt đẹp và thơ mộng là nơi chúng ta có thể ngồi thưa thả hóng gió biển hay là chụp những bức hình lưu niệm.,Động kim cương nằm kế bên Hòn Phụ Tử phía sau Chùa Hang qua Kiến Tạo địa chất núi đá vôi cùng với nước biển sâm thực xói mòn nhiều thiên niên kỹ đã tạo nên động đá này vô số Thạch nhủ với những hình thù vô cùng ngoạn mục giống như là các loài thú đại bang rắn hổ mang voi con bạch tuộc rất sinh động độc đáo nhất là ở giữa lòng có những tảng Thạch nhủ phản chiếu ánh sáng như hàng ngàn viên kim cương lấp lánh một ngày thăm thú chùa chiền hang động chiều muộn là lúc mà chúng ta thả bộ trên bã biển Hàng Dương để hưởng gió trời và ngắm hoàng hôn tuyệt đẹp nằm trong cụm danh thắng hòn chong bãi Dương chạy dài khoảng hai cây số nửa bãi có hàng cây dương xanh dành cho du khách tắm biển khi thủy triều xuống nửa bãi còn lại có hàng Dầu cổ thủ tuyệt đẹp và thơ mộng là nơi chúng ta có thể ngồi thưa thả hóng gió biển hay là chụp những bức hình lưu niệm.,1,0.001145
hôm nay tất cả quý vị và các bạn chúng ta cùng nhau trải nghiệm ngã bẫy một địa danh nổi tiếng được,Hôm nay tất cả quý vị và các bạn chúng ta cùng nhau trải nghiệm Ngã bẫy một địa danh nổi tiếng được,1,0.001145
nhiều người biết đến qua bài ca tình anh bán chiếu là một trong những địa phương của tỉnh hậu giang,nhiều người biết đến qua bài ca Tình Anh Bán Chiếu là một trong những địa phương của tỉnh Hậu Giang,1,0.001145
có nhiều vườn cây ăn trái và các địa điểm du lịch sinh thái miệt vườn khá hấp dẫn với các loại trái,có nhiều vườn cây ăn trái và các địa điểm du lịch sinh thái miệt vườn khá hấp dẫn với các loại trái,1,0.001145
cây nhiệt đới vô cùng phong phú ở góc nhìn trên cao ngã bảy là nơi tù thủy của bảy nhánh kinh tạo,cây nhiệt đới vô cùng phong phú ở góc nhìn trên cao Ngã bảy là nơi tù thủy của Bảy Nhánh kinh tạo,1,0.001145
thành một giáo lộ sông nước trong thật ngoạn mục và kỳ vĩ càng kỳ vĩ hơn khi đây lại là những dòng,thành một giáo lộ sông nước trong thật ngoạn mục và kỳ vĩ càng kỳ vĩ hơn khi đây lại là những dòng,1,0.001145
kinh do bàn tay con người khai thông dòng chảy đã hơn trăm năm qua trong lịch sử khẩn hoan miền nam,kinh do bàn tay con người khai thông dòng chảy đã hơn trăm năm qua trong lịch sử khẩn hoan miền Nam,1,0.001145
nhà văn sơn nam từng viết về vùng đất này giữa cần thơ sóc trăng và ranh tĩnh rạch giá có một cánh đồng bát ngát nước ngọt không quá thấp và sình lầy như đồng tháp 10 và nếu có dịp dừng chân tại đây các bạn cũng đừng quá ngạc nhiên khi lạc bước vào những vườn cây ăn trái rộng đến vài hecta ở miền sông nước như thế này.,Nhà văn Sơn Nam từng viết về vùng đất này giữa Cần Thơ Sóc Trăng và ranh Tĩnh Rạch Giá có một cánh đồng bát ngát nước ngọt không quá thấp và sình lầy như Đồng Tháp 10 và nếu có dịp dừng chân tại đây các bạn cũng đừng quá ngạc nhiên khi lạc bước vào những vườn cây ăn trái rộng đến vài hecta ở miền sông nước như thế này.,1,0.001145
đây là khu vườn trái cây mà bà con lối xóm thường gọi là chú mười tâm tọa lạc tại khu phố bả phường ngã bảy thuộc thành phố ngã bảy của tỉnh hậu giang trên khu vườn rộng mênh mông chú 10 tâm trồng nhiều loại cây ăn trái nhiệt đới nhưng chú lại đặc biệt yêu thích sưu tầm và trồng nhiều giống dâu quý hiện tại khu vườn của chú 10 có trên 1000 gốc dâu cho cành trỉu quả.,Đây là khu vườn trái cây mà bà con lối xóm thường gọi là chú Mười Tâm tọa lạc tại khu phố bả phường ngã bảy thuộc thành phố Ngã Bảy của tỉnh Hậu Giang trên khu vườn rộng mênh mông chú 10 tâm trồng nhiều loại cây ăn trái nhiệt đới nhưng chú lại đặc biệt yêu thích sưu tầm và trồng nhiều giống dâu quý hiện tại khu vườn của chú 10 có trên 1000 gốc dâu cho cành trỉu quả.,1,0.001145
vào thời điểm này quý vị đến du lịch tại hậu giang thì tha hồ chụp hình tha hồ selfie,Vào thời điểm này quý vị đến du lịch tại Hậu Giang thì tha hồ chụp hình tha hồ selfie,1,0.001145
bởi vì lúc đó thì cây sẽ trịu quả nhiều màu sắc cũng sẽ đẹp hơn rất là lung linh rất là đẹp.,Bởi vì lúc đó thì cây sẽ trịu quả nhiều màu sắc cũng sẽ đẹp hơn rất là lung linh rất là đẹp.,1,0.001145
thưa quý vị trên tay,thưa quý vị trên tay,1,0.001145
"vị thuỷ là một huyện của tỉnh hậu giang, nằm ở miền tây nam bộ của việt nam. làng trầu vị thuỷ nằm trong huyện này và có những đặc điểm sau:","Vị Thuỷ là một huyện của tỉnh Hậu Giang, nằm ở miền Tây Nam Bộ của Việt Nam. Làng trầu Vị Thuỷ nằm trong huyện này và có những đặc điểm sau:",1,0.001145
"sản xuất trầu cau: làng có nhiều vườn trầu cau độc đáo, với các giống trầu đặc trưng của vùng. sản lượng trầu cau hàng năm rất cao.","Sản xuất trầu cau: Làng có nhiều vườn trầu cau độc đáo, với các giống trầu đặc trưng của vùng. Sản lượng trầu cau hàng năm rất cao.",1,0.001145
"chế biến truyền thống: người dân làng có kỹ thuật chế biến trầu cau rất tinh xảo, từ những công đoạn như tách lá, uốn lá đến tạo ra những viên trầu hoàn chỉnh.","Chế biến truyền thống: Người dân làng có kỹ thuật chế biến trầu cau rất tinh xảo, từ những công đoạn như tách lá, uốn lá đến tạo ra những viên trầu hoàn chỉnh.",1,0.001145
"nghề truyền thống: sản xuất và chế biến trầu cau đã trở thành nghề truyền thống của người dân ở đây, được gìn giữ và phát triển qua nhiều thế hệ.","Nghề truyền thống: Sản xuất và chế biến trầu cau đã trở thành nghề truyền thống của người dân ở đây, được gìn giữ và phát triển qua nhiều thế hệ.",1,0.001145
"văn hóa trầu cau: trầu cau là một phần quan trọng trong văn hóa truyền thống của địa phương, thể hiện qua các lễ hội, phong tục tập quán.","Văn hóa trầu cau: Trầu cau là một phần quan trọng trong văn hóa truyền thống của địa phương, thể hiện qua các lễ hội, phong tục tập quán.",1,0.001145
"làng trầu vị thuỷ đã trở thành một điểm đến văn hóa nổi tiếng, thu hút nhiều du khách tìm hiểu về nghề truyền thống và giá trị văn hóa độc đáo của vùng.","Làng trầu Vị Thuỷ đã trở thành một điểm đến văn hóa nổi tiếng, thu hút nhiều du khách tìm hiểu về nghề truyền thống và giá trị văn hóa độc đáo của vùng.",1,0.001145
tại vùng đất hậu giang từ những năm 1930 của thế kỷ trước và ngày hôm nay á thì chăm sóc làm sao để có một trái khóm thật là thơm ngon.,Tại vùng đất Hậu Giang Từ những năm 1930 của thế kỷ trước và ngày hôm nay á thì chăm sóc làm sao để có một trái khóm thật là thơm ngon.,1,0.001145
cây khóm xuất hiện trên vùng đất hậu giang gần 100 năm qua từ những,Cây khóm xuất hiện trên vùng đất Hậu Giang gần 100 năm qua từ những,1,0.001145
năm 1930 của thế kỷ trước người dân vùng vị thanh nhận thấy đây là một,năm 1930 của thế kỷ trước người dân vùng Vị Thanh nhận thấy đây là một,1,0.001145
loại trái ngon ăn bổ dưỡng nên đã nhân giống trong hai bên bờ sông cái lớn xóm cầu đúc có nhiều bà con trồng chuyên canh loại trái cây này nên từ đó làng khóm cầu đúc cho tới nay,loại trái ngon ăn bổ dưỡng nên đã nhân giống trong hai bên bờ sông cái lớn xóm Cầu Đúc có nhiều bà con trồng chuyên canh loại trái cây này nên từ đó làng khóm Cầu Đúc cho tới nay,1,0.001145
"xưa nay của khóm cầu đúc đó là vị ngọt thanh, thịt màu vàng tươi xã hóa tiếng hiện có khoảng 1000 ha diện tích trong khóm đây là một loại cây","Xưa nay của khóm Cầu Đúc đó là vị ngọt thanh, thịt màu vàng tươi xã Hóa Tiếng hiện có khoảng 1000 ha diện tích trong khóm đây là một loại cây",1,0.001145
ăn trái mang lại nguồn thu nhập chính cho nhiều hộ gia đình địa phương đã,ăn trái mang lại nguồn thu nhập chính cho nhiều hộ gia đình địa phương đã,1,0.001145
thành lập hợp tác xã hoạt động trong lĩnh vực trồng kinh doanh chế biến các sản phẩm từ khóm nơi đây cũng đã hình thành nên làng du lịch cánh,thành lập hợp tác xã hoạt động trong lĩnh vực trồng kinh doanh chế biến các sản phẩm từ khóm nơi đây cũng đã hình thành nên làng du lịch cánh,1,0.001145
đồng khóm cầu đúc thu hút nhiều du khách đến tham quan vào mùa thu hoạch về thâm làng khóm cầu đúc chúng ta dễ dàng bắt gặp những chiếc xuồng đang chở đây những trái khóm từ ngoài rẫy vào là những ụ chòi với những người phụ nữ đang phụ nhanh tay chặt cuốn khóm,đồng khóm Cầu Đúc thu hút nhiều du khách đến tham quan vào mùa thu hoạch về thâm làng khóm Cầu Đúc chúng ta dễ dàng bắt gặp những chiếc xuồng đang chở đây những trái khóm từ ngoài rẫy vào là những ụ chòi với những người phụ nữ đang phụ nhanh tay chặt cuốn khóm,1,0.001145
như thế này bắt đầu từ trồng khóm tới thu hoạch trái này là 16 tháng.,như thế này bắt đầu từ trồng khóm tới thu hoạch trái này là 16 tháng.,1,0.001145
"chương trình việt nam đi là ghiền tạm chia tay với đường tràm u minh hạ, với món khô bổi nổi tiếng cà mau thì ngày hôm nay trong chương trình này sẽ dẫn quý vị chúng ta cùng khám phá hậu giang là một tỉnh của miền tây nam bộ. đây không chỉ là xứ sở của lúa gạo, khóm rượu, khóm mía mà còn để lại ấn tượng trong lòng của du khách phương xa bởi hệ thống sông rạch của miền tây sông nước.","Chương trình Việt Nam đi là ghiền tạm chia tay với đường tràm U Minh Hạ, với món khô bổi nổi tiếng Cà Mau thì ngày hôm nay trong chương trình này sẽ dẫn quý vị chúng ta cùng khám phá Hậu Giang là một tỉnh của miền Tây Nam Bộ. Đây không chỉ là xứ sở của lúa gạo, khóm rượu, khóm mía mà còn để lại ấn tượng trong lòng của du khách phương xa bởi hệ thống sông rạch của miền Tây sông nước.",1,0.001145
vậy thì ngày hôm nay hãy cùng chúng ta khám phá hậu giang huyện châu thành a được xem là cửa ngõ của tỉnh hậu giang nằm cách thành phố vị thanh khoảng 25 km cách thành phố cần thơ khoảng 10km nơi đây bên đôi bờ kinh sáng là những làng quê thôn xóm quanh năm được phủ một màu xanh tươi mát của những vườn cây ăn trái vườn nối tiếp vườn được bao quanh.,Vậy thì ngày hôm nay hãy cùng chúng ta khám phá Hậu Giang huyện Châu Thành A được xem là cửa ngõ của tỉnh Hậu Giang nằm cách thành phố Vị Thanh khoảng 25 km cách thành phố Cần Thơ khoảng 10km nơi đây bên đôi bờ kinh sáng là những làng quê thôn xóm quanh năm được phủ một màu xanh tươi mát của những vườn cây ăn trái vườn nối tiếp vườn được bao quanh.,1,0.001145
chính điều này đã thôi thúc thảo uyên háo hức muốn được một lần ghé thăm được hòa mình với không gian miền quê với đời sống miệt vườn nam bộ trong hành trình du lịch khám phá vùng đất hậu,Chính điều này đã thôi thúc Thảo Uyên háo hức muốn được một lần ghé thăm được hòa mình với không gian miền quê với đời sống miệt vườn Nam Bộ trong hành trình du lịch khám phá vùng đất Hậu,1,0.001145
giang.,Giang.,1,0.001145
"tiếp tục series việt nam đi là ghiền khám phá nét đẹp phong phú, ẩm thực đa dạng và văn hoá đặc. sản các vùng miền của đất nước.","Tiếp tục series Việt Nam đi là ghiền khám phá nét đẹp phong phú, ẩm thực đa dạng và văn hoá đặc. sản các vùng miền của đất nước.",1,0.001145
"*""tản mạn mê kông, đến và ở lại"" phát sóng lúc 222g45 thứ năm hàng tuần trên kênh htv7.","*""Tản mạn Mê Kông, đến và ở lại"" phát sóng lúc 222g45 thứ Năm hàng tuần trên kênh HTV7.",1,0.001145
"nghề đan lát tại cà mau không chỉ là một công việc, mà còn là câu chuyện đầy cảm xúc của những chị em phụ nữ khuyết tật. họ đã vượt lên số phận, tìm cho mình một sinh kế và hoà nhập vào xã hội, xoá bỏ những mặc cảm về khuyết tật.","Nghề đan lát tại Cà Mau không chỉ là một công việc, mà còn là câu chuyện đầy cảm xúc của những chị em phụ nữ khuyết tật. Họ đã vượt lên số phận, tìm cho mình một sinh kế và hoà nhập vào xã hội, xoá bỏ những mặc cảm về khuyết tật.",1,0.001145
"những người phụ nữ này đã biến nghề đan lát thành cơ hội để tự lập, tạo ra thu nhập và tự tin trong cuộc sống. bằng sự khéo léo và lòng nhiệt huyết, họ tạo ra những sản phẩm đẹp mắt và chất lượng, làm giàu thêm văn hóa và nghệ thuật của địa phương.","Những người phụ nữ này đã biến nghề đan lát thành cơ hội để tự lập, tạo ra thu nhập và tự tin trong cuộc sống. Bằng sự khéo léo và lòng nhiệt huyết, họ tạo ra những sản phẩm đẹp mắt và chất lượng, làm giàu thêm văn hóa và nghệ thuật của địa phương.",1,0.001145
"hãy cùng tôi chia sẻ và ủng hộ những nỗ lực và tâm huyết của những người phụ nữ này, giúp họ trở thành một phần không thể thiếu của cộng đồng và góp phần vào sự phát triển của xã hội.","Hãy cùng tôi chia sẻ và ủng hộ những nỗ lực và tâm huyết của những người phụ nữ này, giúp họ trở thành một phần không thể thiếu của cộng đồng và góp phần vào sự phát triển của xã hội.",1,0.001145
#nghềđanlát #càmau #phụnữ #khuyếttật #tựlập #sinhkế #hoànhậpxãhội #nghệthuật #empowerment #inclusion #artisans #community #htv,#NghềĐanLát #CàMau #PhụNữ #KhuyếtTật #TựLập #SinhKế #HoàNhậpXãHội #NghệThuật #Empowerment #Inclusion #Artisans #Community #HTV,1,0.001145
"hợp tác xã cua năm căn là một ví dụ tiêu biểu về mô hình nuôi cua thiên nhiên thành công tại cà mau, đã tạo nên thương hiệu cua cà mau vươn ra tầm thế giới. nhờ vào việc khai thác hiệu quả hệ sinh thái nước mặn của rừng đước và hệ sinh vật nước mặn cộng sinh, hợp tác xã đã phát triển quy mô nuôi cua thiên nhiên tại năm căn, tỉnh cà mau. việc này không chỉ giúp bảo tồn môi trường mà còn tạo ra nguồn thức ăn sạch chất lượng và phát triển kinh tế cho địa phương.","Hợp tác xã Cua Năm Căn là một ví dụ tiêu biểu về mô hình nuôi cua thiên nhiên thành công tại Cà Mau, đã tạo nên thương hiệu cua Cà Mau vươn ra tầm thế giới. Nhờ vào việc khai thác hiệu quả hệ sinh thái nước mặn của rừng Đước và hệ sinh vật nước mặn cộng sinh, hợp tác xã đã phát triển quy mô nuôi cua thiên nhiên tại Năm Căn, tỉnh Cà Mau. Việc này không chỉ giúp bảo tồn môi trường mà còn tạo ra nguồn thức ăn sạch chất lượng và phát triển kinh tế cho địa phương.",1,0.001145
"bên cạnh đó, việc bảo tồn và phát triển hệ sinh thái rừng tại u minh hạ, kết hợp với kinh nghiệm lâu năm của người dân địa phương về nghề gác kèo ong, đã tạo ra một hệ sinh thái rừng đa dạng và giúp nghề gác kèo ong trở thành một sinh kế mang giá trị kinh tế cao. hiện nay, đây cũng là một trong những loại hình trải nghiệm dịch vụ du lịch được du khách ưa chuộng tại địa phương.","Bên cạnh đó, việc bảo tồn và phát triển hệ sinh thái rừng tại U Minh hạ, kết hợp với kinh nghiệm lâu năm của người dân địa phương về nghề gác kèo ong, đã tạo ra một hệ sinh thái rừng đa dạng và giúp nghề gác kèo ong trở thành một sinh kế mang giá trị kinh tế cao. Hiện nay, đây cũng là một trong những loại hình trải nghiệm dịch vụ du lịch được du khách ưa chuộng tại địa phương.",1,0.001145
"hãy cùng tôi khám phá những thành công đầy cảm hứng của hợp tác xã cua năm căn và hệ sinh thái rừng u minh hạ, nơi kết hợp giữa bảo tồn môi trường và phát triển kinh tế địa phương.","Hãy cùng tôi khám phá những thành công đầy cảm hứng của Hợp tác xã Cua Năm Căn và hệ sinh thái rừng U Minh hạ, nơi kết hợp giữa bảo tồn môi trường và phát triển kinh tế địa phương.",1,0.001145
#cuanămcăn #càmau #hợptácxã #bảotồnmôitrường #nuôicuathiênnhiên #u minh hạ #dulịch #sustainabledevelopment #ecosystem #community #localeconomy #conservation #htv,#CuaNămCăn #CàMau #HợpTácXã #BảoTồnMôiTrường #NuôiCuaThiênNhiên #U Minh Hạ #DuLịch #SustainableDevelopment #Ecosystem #Community #LocalEconomy #Conservation #HTV,1,0.001145
"bạn đã từng nghe về vườn cò tư sự chưa? năm 1992, đất đai của nó được chuyển đổi thành một khu vực trồng cây, và từ năm 2000, nó chính thức trở thành một khu bảo tồn thiên nhiên. với hơn 100.000 con cò, vườn cò tư sự nổi bật với sự đa dạng loài và là một trong những khu vườn quan trọng nhất, đang thu hút sự quan tâm của cả cộng đồng và các cơ quan chính phủ.","Bạn đã từng nghe về Vườn Cò Tư Sự chưa? Năm 1992, đất đai của nó được chuyển đổi thành một khu vực trồng cây, và từ năm 2000, nó chính thức trở thành một khu bảo tồn thiên nhiên. Với hơn 100.000 con cò, Vườn Cò Tư Sự nổi bật với sự đa dạng loài và là một trong những khu vườn quan trọng nhất, đang thu hút sự quan tâm của cả cộng đồng và các cơ quan chính phủ.",1,0.001145
hãy cùng tôi đến với một hành trình thú vị khám phá về cách mà vườn cò tư sự đã trở thành một điểm nóng đối với bảo tồn môi trường và sự đa dạng sinh học. hãy cùng nhau tìm hiểu về những nỗ lực bảo vệ loài chim đặc biệt này và khám phá vẻ đẹp của thiên nhiên nguyên sơ.,Hãy cùng tôi đến với một hành trình thú vị khám phá về cách mà Vườn Cò Tư Sự đã trở thành một điểm nóng đối với bảo tồn môi trường và sự đa dạng sinh học. Hãy cùng nhau tìm hiểu về những nỗ lực bảo vệ loài chim đặc biệt này và khám phá vẻ đẹp của thiên nhiên nguyên sơ.,1,0.001145
#vườncòtưsự #bảotồnthiênnhiên #đadạngsinhhọc #bảovệmôitrường #loàichim #khámphá #naturelover #environment #wildlife #conservation #discover #htv,#VườnCòTưSự #BảoTồnThiênNhiên #ĐaDạngSinhHọc #BảoVệMôiTrường #LoàiChim #KhámPhá #NatureLover #Environment #Wildlife #Conservation #Discover #HTV,1,0.001145
********,********,1,0.001145
"trong căn phòng trọ chưa đầy 25m2 của anh ngô chiến thắng (31 tuổi, ngụ tp thủ đức, tp.hcm) đầy ắp xe đạp cũ và phụ tùng.","Trong căn phòng trọ chưa đầy 25m2 của anh Ngô Chiến Thắng (31 tuổi, ngụ TP Thủ Đức, TP.HCM) đầy ắp xe đạp cũ và phụ tùng.",1,0.001145
"có một người phụ nữ đặc biệt, hằng ngày mải miết trên khắp các con hẻm của tp thủ dầu một, tỉnh bình dương bán từng tờ vé số, tích góp tiền lo con chữ cho học trò nghèo ở lớp học tình thương.","Có một người phụ nữ đặc biệt, hằng ngày mải miết trên khắp các con hẻm của TP Thủ Dầu Một, tỉnh Bình Dương bán từng tờ vé số, tích góp tiền lo con chữ cho học trò nghèo ở lớp học tình thương.",1,0.001145
"hơn 8 năm qua với tinh thần chủ động tự học, luôn có mục tiêu, nhiều năm liền nguyễn đăng bảo (học sinh trường thcs ban mai, hà đông, hà nội) là chủ nhân của hàng loạt những huy chương, giải thưởng.","Hơn 8 năm qua với tinh thần chủ động tự học, luôn có mục tiêu, nhiều năm liền Nguyễn Đăng Bảo (học sinh Trường THCS Ban Mai, Hà Đông, Hà Nội) là chủ nhân của hàng loạt những huy chương, giải thưởng.",1,0.001145
#lantoannangluongtichcuc #baotuoitre,#lantoannangluongtichcuc #baotuoitre,1,0.001145
"mình tên là triệu tử dương, sinh viên năm 2 của trường đại học y dược, đại học huế. mình xin phép được gửi gắm câu chuyện của mình để truyền cảm hứng sống và năng lượng tích cực đến với mọi người.","Mình tên là Triệu Tử Dương, sinh viên năm 2 của Trường đại học Y Dược, Đại học Huế. Mình xin phép được gửi gắm câu chuyện của mình để truyền cảm hứng sống và năng lượng tích cực đến với mọi người.",1,0.001145
"nhiều năm qua, hiến máu tình nguyện đã trở thành hoạt động thường xuyên thể hiện tinh thần tuổi trẻ vì cộng đồng. thông điệp về 'một giọt máu cho đi, một cuộc đời ở lại' đã thôi thúc nhiều người trẻ thực hiện nghĩa cử tốt đẹp.","Nhiều năm qua, hiến máu tình nguyện đã trở thành hoạt động thường xuyên thể hiện tinh thần tuổi trẻ vì cộng đồng. Thông điệp về 'Một giọt máu cho đi, một cuộc đời ở lại' đã thôi thúc nhiều người trẻ thực hiện nghĩa cử tốt đẹp.",1,0.001145
#tinnong #hienmau #lantoanthongdieptichcuc,#tinnong #hienmau #lantoanthongdieptichcuc,1,0.001145
"hơn 2 năm qua, một nhóm học sinh trường thpt chuyên nguyễn quang diêu (tp cao lãnh, tỉnh đồng tháp) đã thành lập ban nhạc rock để thỏa sức đam mê với những câu hát nhưng vẫn đạt nhiều thành tích tốt trong học tập.","Hơn 2 năm qua, một nhóm học sinh Trường THPT chuyên Nguyễn Quang Diêu (TP Cao Lãnh, tỉnh Đồng Tháp) đã thành lập ban nhạc rock để thỏa sức đam mê với những câu hát nhưng vẫn đạt nhiều thành tích tốt trong học tập.",1,0.001145
"nhận thấy nhiều bạn bè gặp phải những vấn đề tâm lý, nên hai nữ sinh là trần ngọc thanh trúc và nguyễn thị thanh vy (lớp 12a3, trường thpt nguyễn thị minh khai, quận 3, tp.hcm) đã xây dựng hòm thư để bạn học có thể viết thư tâm sự.","Nhận thấy nhiều bạn bè gặp phải những vấn đề tâm lý, nên hai nữ sinh là Trần Ngọc Thanh Trúc và Nguyễn Thị Thanh Vy (lớp 12A3, Trường THPT Nguyễn Thị Minh Khai, quận 3, TP.HCM) đã xây dựng hòm thư để bạn học có thể viết thư tâm sự.",1,0.001145
"trong một lần vô tình bắt gặp thuật ngữ về pháp lam, anh trương thanh tùng (ngụ huyện hóc môn, tp.hcm) cảm thấy tò mò và bắt đầu nghiên cứu về môn nghệ thuật này.","Trong một lần vô tình bắt gặp thuật ngữ về pháp lam, anh Trương Thanh Tùng (ngụ huyện Hóc Môn, TP.HCM) cảm thấy tò mò và bắt đầu nghiên cứu về môn nghệ thuật này.",1,0.001145
"với kênh truyền thông trên các nền tảng mạng xã hội khác nhau, nhiều bác sĩ đã dành thời gian để tạo ra những nội dung đáng tin cậy về kiến thức y khoa cho cộng đồng.","Với kênh truyền thông trên các nền tảng mạng xã hội khác nhau, nhiều bác sĩ đã dành thời gian để tạo ra những nội dung đáng tin cậy về kiến thức y khoa cho cộng đồng.",1,0.001145
"gần 22 năm nay, lớp học tình thương dành cho trẻ em tại huyện thuận bắc, tỉnh ninh thuận luôn ê a tiếng đánh vần vào mỗi buổi chiều tối. nhờ đó, nhiều em học sinh ở vùng sâu, vùng xa đã biết đọc, biết viết.","Gần 22 năm nay, lớp học tình thương dành cho trẻ em tại huyện Thuận Bắc, tỉnh Ninh Thuận luôn ê a tiếng đánh vần vào mỗi buổi chiều tối. Nhờ đó, nhiều em học sinh ở vùng sâu, vùng xa đã biết đọc, biết viết.",1,0.001145
"là một trong những vườn thú lâu đời nhất trên thế giới và lớn nhất việt nam, thảo cầm viên sài gòn luôn chứa đựng nhiều điều độc đáo.","Là một trong những vườn thú lâu đời nhất trên thế giới và lớn nhất Việt Nam, Thảo cầm viên Sài Gòn luôn chứa đựng nhiều điều độc đáo.",1,0.001145
mang trong mình căn bệnh xương thủy tinh nhưng chị huỳnh thanh thảo luôn có một năng lượng sống đặc biệt.,Mang trong mình căn bệnh xương thủy tinh nhưng chị Huỳnh Thanh Thảo luôn có một năng lượng sống đặc biệt.,1,0.001145
"ông quách công thanh (ngụ huyện bình chánh, tp.hcm) đầu tư gần 300 triệu đồng để đắp ruộng thành ao nuôi cá, trang trại này rộng 3.000m2.","Ông Quách Công Thanh (ngụ huyện Bình Chánh, TP.HCM) đầu tư gần 300 triệu đồng để đắp ruộng thành ao nuôi cá, trang trại này rộng 3.000m².",1,0.001145
"không đặt cọc, không biên nhận và không bắt buộc trả lại, nhưng tiệm sách miễn phí của ông nguyễn ngọc cần đã tồn tại hơn 10 năm, với số đầu sách ngày một tăng.","Không đặt cọc, không biên nhận và không bắt buộc trả lại, nhưng tiệm sách miễn phí của ông Nguyễn Ngọc Cần đã tồn tại hơn 10 năm, với số đầu sách ngày một tăng.",1,0.001145
"có niềm yêu thích đặc biệt với việc móc len, lưu nguyễn trâm anh (23 tuổi, ngụ quận bình thạnh, tp.hcm) đã tự làm cho mình bộ trang phục nhật bình bắt mắt.","Có niềm yêu thích đặc biệt với việc móc len, Lưu Nguyễn Trâm Anh (23 tuổi, ngụ quận Bình Thạnh, TP.HCM) đã tự làm cho mình bộ trang phục Nhật Bình bắt mắt.",1,0.001145
"bão số 3 đi qua, để lại nhiều đau thương, mất mát với bà con các tỉnh phía bắc. khi xem những hình ảnh về mưa lũ, không chỉ người lớn mà đến các em nhỏ cũng thấy thương những người đang khổ sở vì bão lũ, sạt lở.","Bão số 3 đi qua, để lại nhiều đau thương, mất mát với bà con các tỉnh phía Bắc. Khi xem những hình ảnh về mưa lũ, không chỉ người lớn mà đến các em nhỏ cũng thấy thương những người đang khổ sở vì bão lũ, sạt lở.",1,0.001145
"với ước mơ mang thanh âm từ trống hang-drum đến gần hơn với người việt nam, chàng trai 9x mạc thăng long đã thành lập câu lạc bộ hang-drum việt nam vào năm 2020.","Với ước mơ mang thanh âm từ trống Hang-drum đến gần hơn với người Việt Nam, chàng trai 9x Mạc Thăng Long đã thành lập Câu lạc bộ Hang-drum Việt Nam vào năm 2020.",1,0.001145
#tinnong #hangdrummusic #amnhac,#tinnong #hangdrummusic #amnhac,1,0.001145
"nghề y từ lâu đã được dân tộc ta xem là một nghề cao quý. chính vì lẽ đó, sự tiếp nối truyền thống trong gia đình có các thế hệ là y, bác sĩ luôn được coi trọng.","Nghề y từ lâu đã được dân tộc ta xem là một nghề cao quý. Chính vì lẽ đó, sự tiếp nối truyền thống trong gia đình có các thế hệ là y, bác sĩ luôn được coi trọng.",1,0.001145
"những ngày qua phú quốc có mưa nhiều và kéo dài nên một số tuyến đường ở nội ô phường dương đông, khu vực phường an thới, dương tơ, hàm ninh và cửa dương bị ngập nước. có chỗ ngập sâu nên người dân đi lại khó khăn.","Những ngày qua Phú Quốc có mưa nhiều và kéo dài nên một số tuyến đường ở nội ô phường Dương Đông, khu vực phường An Thới, Dương Tơ, Hàm Ninh và Cửa Dương bị ngập nước. Có chỗ ngập sâu nên người dân đi lại khó khăn.",1,0.001145
"hỗ trợ tiền ăn cho bệnh nhân nghèo là một nghĩa cử đầy cao đẹp của đội ngũ y, bác sĩ trung tâm y tế huyện bình sơn, tỉnh quảng ngãi.","Hỗ trợ tiền ăn cho bệnh nhân nghèo là một nghĩa cử đầy cao đẹp của đội ngũ y, bác sĩ Trung tâm Y tế huyện Bình Sơn, tỉnh Quảng Ngãi.",1,0.001145
#lantoanangluongtichcuc #quangngai,#lantoanangluongtichcuc #QuangNgai,1,0.001145
"mỗi tháng, nhóm phước duyên sẽ đến thăm và trao quà cho mái ấm nuôi dưỡng trẻ mồ côi, khuyết tật, người già neo đơn và cả những bệnh nhân nghèo không có tiền đóng viện phí.","Mỗi tháng, nhóm Phước Duyên sẽ đến thăm và trao quà cho mái ấm nuôi dưỡng trẻ mồ côi, khuyết tật, người già neo đơn và cả những bệnh nhân nghèo không có tiền đóng viện phí.",1,0.001145
"nhằm động viên tinh thần cho các em thiếu nhi có một mùa trung thu thật ý nghĩa, clb sân khấu x drama phối hợp với các mạnh thường quân tổ chức chương trình trăng bên em tại huyện hóc môn, tp.hcm.","Nhằm động viên tinh thần cho các em thiếu nhi có một mùa Trung thu thật ý nghĩa, CLB Sân khấu X DRAMA phối hợp với các mạnh thường quân tổ chức chương trình Trăng bên em tại huyện Hóc Môn, TP.HCM.",1,0.001145
"ngoài tiền và hàng chục tấn hàng gồm quần áo và nhu yếu phẩm thì người dân tp phú quốc, tỉnh kiên giang còn tự tay chuẩn bị nếp, thịt và đậu để gói hơn 1.000 đòn bánh tét nghĩa tình gửi ra bà con ngoài bắc.","Ngoài tiền và hàng chục tấn hàng gồm quần áo và nhu yếu phẩm thì người dân TP Phú Quốc, tỉnh Kiên Giang còn tự tay chuẩn bị nếp, thịt và đậu để gói hơn 1.000 đòn bánh tét nghĩa tình gửi ra bà con ngoài Bắc.",1,0.001145
"từ niềm đam mê làm bánh, chị võ thị hà hải, ngụ quận 7, tp.hcm đã tìm tòi và phát huy tối đa sự sáng tạo của người làm bánh để tạo nên bộ sưu tập những chiếc bánh, mô phỏng các bộ sưu tập thời trang.","Từ niềm đam mê làm bánh, chị Võ Thị Hà Hải, ngụ quận 7, TP.HCM đã tìm tòi và phát huy tối đa sự sáng tạo của người làm bánh để tạo nên bộ sưu tập những chiếc bánh, mô phỏng các bộ sưu tập thời trang.",1,0.001145
#nănglượngtíchcực,#nănglượngtíchcực,1,0.001145
"trong dòng chảy của nhịp sống hiện đại, con người vừa bận rộn, nhưng cũng lại vừa cô đơn. khi đời sống công nghệ và trí tuệ nhân tạo càng phát triển, thì chỉ số cảm xúc càng cần được quan tâm, chăm sóc hơn bao giờ hết.","Trong dòng chảy của nhịp sống hiện đại, con người vừa bận rộn, nhưng cũng lại vừa cô đơn. Khi đời sống công nghệ và trí tuệ nhân tạo càng phát triển, thì chỉ số cảm xúc càng cần được quan tâm, chăm sóc hơn bao giờ hết.",1,0.001145
"với mong muốn mang việt phục đến gần hơn tới người trẻ và để cho mọi người hiểu được ý nghĩa riêng của từng bộ việt phục, nhóm sinh viên trường đại học văn lang đã dựng lên một vở kịch nói có lồng ghép trình diễn việt phục.","Với mong muốn mang Việt phục đến gần hơn tới người trẻ và để cho mọi người hiểu được ý nghĩa riêng của từng bộ Việt phục, nhóm sinh viên Trường đại học Văn Lang đã dựng lên một vở kịch nói có lồng ghép trình diễn Việt phục.",1,0.001145
"ở tuổi xế chiều, bà nguyễn thị cẩm hồng (cựu thanh niên xung phong, sống ở tp.hcm) có một gia tài vô giá. đó là chiếc áo thanh niên xung phong kỷ vật và 15 tập nhật ký viết về những kỷ niệm không thể quên.","Ở tuổi xế chiều, bà Nguyễn Thị Cẩm Hồng (cựu Thanh niên xung phong, sống ở TP.HCM) có một gia tài vô giá. Đó là chiếc áo Thanh niên xung phong kỷ vật và 15 tập nhật ký viết về những kỷ niệm không thể quên.",1,0.001145
"nhớ nhung tiếng động cơ xe máy 2 thì nhưng không có điều kiện để sưu tầm, ông tạ tuấn hoàng đã tự chế xe từ động cơ máy phát cỏ. dù có bị vợ cằn nhằn nhưng ông hoàng vẫn rất vui vẻ với 'chiến mã' tự chế của mình.","Nhớ nhung tiếng động cơ xe máy 2 thì nhưng không có điều kiện để sưu tầm, ông Tạ Tuấn Hoàng đã tự chế xe từ động cơ máy phát cỏ. Dù có bị vợ cằn nhằn nhưng ông Hoàng vẫn rất vui vẻ với 'chiến mã' tự chế của mình.",1,0.001145
#tinnong #lantoanthongdieptichcuc,#tinnong #lantoanthongdieptichcuc,1,0.001145
"với dự án khóa luận tốt nghiệp là chế tạo sản phẩm bọt rửa mặt chiết xuất từ lá đu đủ, nhóm sinh viên đã thành công thương mại hóa sản phẩm ra thị trường.","Với dự án khóa luận tốt nghiệp là chế tạo sản phẩm bọt rửa mặt chiết xuất từ lá đu đủ, nhóm sinh viên đã thành công thương mại hóa sản phẩm ra thị trường.",1,0.001145
#lantoanangluongtich #baotuoitre,#Lantoanangluongtich #baotuoitre,1,0.001145
"thầy giáo lê tấn phát (27 tuổi, ở tp.hcm) là giáo viên dạy văn khối 12 trường trung học thực hành. thầy cũng là giáo viên chính của lớp học tình thương ánh sáng xanh.","Thầy giáo Lê Tấn Phát (27 tuổi, ở TP.HCM) là giáo viên dạy văn khối 12 Trường Trung học Thực hành. Thầy cũng là giáo viên chính của lớp học tình thương Ánh sáng Xanh.",1,0.001145
"với mong muốn chia sẻ, xoa dịu phần nào những thiệt hại mà đồng bào miền bắc đang phải gánh chịu, người dân tại tỉnh đắk lắk nói riêng và khu vực tây nguyên đã chung tay đóng góp bằng cả tấm lòng.","Với mong muốn chia sẻ, xoa dịu phần nào những thiệt hại mà đồng bào miền Bắc đang phải gánh chịu, người dân tại tỉnh Đắk Lắk nói riêng và khu vực Tây Nguyên đã chung tay đóng góp bằng cả tấm lòng.",1,0.001145
"ngày nhận tin báo trúng tuyển 3 trường đại học, nguyễn tiến (ở tỉnh thừa thiên huế) vẫn đang nằm trong phòng phẫu thuật.","Ngày nhận tin báo trúng tuyển 3 trường đại học, Nguyễn Tiến (ở tỉnh Thừa Thiên Huế) vẫn đang nằm trong phòng phẫu thuật.",1,0.001145
"rừng, thác là nơi chứa đựng những bí ẩn sâu thẳm của tự nhiên, là biểu tượng của sự bền vững, cân bằng và hài hòa. chỉ khi con người biết trân trọng, bảo vệ thiên nhiên, chúng ta mới có thể duy trì, hòa nhịp và tận hưởng vẻ đẹp ấy.","Rừng, thác là nơi chứa đựng những bí ẩn sâu thẳm của tự nhiên, là biểu tượng của sự bền vững, cân bằng và hài hòa. Chỉ khi con người biết trân trọng, bảo vệ thiên nhiên, chúng ta mới có thể duy trì, hòa nhịp và tận hưởng vẻ đẹp ấy.",1,0.001145
"ở quận tân phú, tp.hcm có một lớp học đặc biệt dành cho các em nhỏ có hoàn cảnh khó khăn do câu lạc bộ lửa việt lập nên. trải qua 10 năm, lớp học đã giúp cho hàng trăm em học sinh thoát khỏi cảnh mù chữ.","Ở quận Tân Phú, TP.HCM có một lớp học đặc biệt dành cho các em nhỏ có hoàn cảnh khó khăn do câu lạc bộ Lửa Việt lập nên. Trải qua 10 năm, lớp học đã giúp cho hàng trăm em học sinh thoát khỏi cảnh mù chữ.",1,0.001145
"nói đến chiếu, người dân nam bộ thường nghĩ đến chiếu cà mau với bài vọng cổ đi vào lòng người nhiều thế hệ tình anh bán chiếu.","Nói đến chiếu, người dân Nam Bộ thường nghĩ đến chiếu Cà Mau với bài vọng cổ đi vào lòng người nhiều thế hệ Tình anh bán chiếu.",1,0.001145
"nằm giữa dòng sông tiền, cù lao tam hiệp là một xã thuộc địa phận huyện bình đại, tỉnh bến tre. vùng đất này được thiên nhiên ưu ái với cảnh quan sông nước nên thơ, hữu tình.","Nằm giữa dòng sông Tiền, Cù lao Tam Hiệp là một xã thuộc địa phận huyện Bình Đại, tỉnh Bến Tre. Vùng đất này được thiên nhiên ưu ái với cảnh quan sông nước nên thơ, hữu tình.",1,0.001145
"ngô văn hiếu (25 tuổi, huyện điện bàn, tỉnh quảng nam) đã không may gặp bạo bệnh khi mới 2 tuổi. hiếu cùng lúc bị động kinh, bại liệt, cơ thể co rút, não bị ảnh hưởng...","Ngô Văn Hiếu (25 tuổi, huyện Điện Bàn, tỉnh Quảng Nam) đã không may gặp bạo bệnh khi mới 2 tuổi. Hiếu cùng lúc bị động kinh, bại liệt, cơ thể co rút, não bị ảnh hưởng…",1,0.001145
"chúng tôi là một nhóm sinh viên ở tp.hcm. lần này nhóm đem đến dự án 'hoa tay nhân ái', chúng tôi cùng nhau góp lại, mỗi người một ít để dành tặng tới các cô chú ngoài kia đang gặp khó khăn trong cuộc sống.","Chúng tôi là một nhóm sinh viên ở TP.HCM. Lần này nhóm đem đến dự án 'Hoa tay nhân ái', chúng tôi cùng nhau góp lại, mỗi người một ít để dành tặng tới các cô chú ngoài kia đang gặp khó khăn trong cuộc sống.",1,0.001145
"gần 14 năm qua, người dân trong hẻm số 15, đường 22, phường phước long b, tp thủ đức, tp.hcm đã quá quen với tiếng giảng bài, tiếng đọc chữ phát ra từ căn nhà trọ của anh hoàng trọng khánh.","Gần 14 năm qua, người dân trong hẻm số 15, đường 22, phường Phước Long B, TP Thủ Đức, TP.HCM đã quá quen với tiếng giảng bài, tiếng đọc chữ phát ra từ căn nhà trọ của anh Hoàng Trọng Khánh.",1,0.001145
"4 năm trước, trên đường đi làm về, ngô đình vân khanh (25 tuổi, ngụ tại tp.hcm) cùng bạn trai đỗ dương trúc lâm tình cờ nhặt được 4 con mèo. từ đó mối duyên của cặp đôi với những bạn bốn chân đã hình thành.","4 năm trước, trên đường đi làm về, Ngô Đình Vân Khanh (25 tuổi, ngụ tại TP.HCM) cùng bạn trai Đỗ Dương Trúc Lâm tình cờ nhặt được 4 con mèo. Từ đó mối duyên của cặp đôi với những bạn bốn chân đã hình thành.",1,0.001145
"trong ký ức tuổi thơ của những đứa trẻ lớn lên ở vùng quê, chắc hẳn đã từng có sự xuất hiện của đom đóm. khung cảnh đèn dầu chập chờn ấy có cả những đàn đom đóm vào ngõ xóm và nếp sống.","Trong ký ức tuổi thơ của những đứa trẻ lớn lên ở vùng quê, chắc hẳn đã từng có sự xuất hiện của đom đóm. Khung cảnh đèn dầu chập chờn ấy có cả những đàn đom đóm vào ngõ xóm và nếp sống.",1,0.001145
"chùa lá nằm ở quận gò vấp, tp.hcm, ở ngôi chùa đặc biệt này suốt 10 năm nay có một trung tâm ngoại ngữ miễn phí dạy tới sáu thứ tiếng cho mọi người.","Chùa Lá nằm ở quận Gò Vấp, TP.HCM, ở ngôi chùa đặc biệt này suốt 10 năm nay có một trung tâm ngoại ngữ miễn phí dạy tới sáu thứ tiếng cho mọi người.",1,0.001145
"quán trọ tp.hcm bao dung chính thức hoạt động từ năm 2020 và trở thành địa chỉ quen thuộc cho những người cao tuổi cơ nhỡ khó khăn tá túc, có cuộc sống tốt hơn.","Quán trọ TP.HCM bao dung chính thức hoạt động từ năm 2020 và trở thành địa chỉ quen thuộc cho những người cao tuổi cơ nhỡ khó khăn tá túc, có cuộc sống tốt hơn.",1,0.001145
"có một quán cà phê đặc biệt ở xã hố nai 3 (huyện trảng bom, tỉnh đồng nai) mà các nhân viên tại quán đều là những người khuyết tật.","Có một quán cà phê đặc biệt ở xã Hố Nai 3 (huyện Trảng Bom, tỉnh Đồng Nai) mà các nhân viên tại quán đều là những người khuyết tật.",1,0.001145
chàng trai 9x huỳnh xuân huỳnh (tỉnh bình dương) đã và đang gìn giữ nghệ thuật làm gốm lái thiêu. xuân huỳnh yêu thích gốm lái thiêu vì nét vẽ mộc mạc và tinh thần tự nhiên.,Chàng trai 9X Huỳnh Xuân Huỳnh (tỉnh Bình Dương) đã và đang gìn giữ nghệ thuật làm gốm Lái Thiêu. Xuân Huỳnh yêu thích gốm Lái Thiêu vì nét vẽ mộc mạc và tinh thần tự nhiên.,1,0.001145
"bằng trái tim ấm áp và sự thấu cảm với những thiệt thòi cả về thể chất và tinh thần của những người khuyết tật, anh trịnh công luận đã mở ra lớp dạy thể dục miễn phí cho các em.","Bằng trái tim ấm áp và sự thấu cảm với những thiệt thòi cả về thể chất và tinh thần của những người khuyết tật, anh Trịnh Công Luận đã mở ra lớp dạy thể dục miễn phí cho các em.",1,0.001145
"để rèn luyện kỹ năng sinh tồn cho trẻ vùng sông nước, trường tiểu học lý nhơn (huyện cần giờ, tp.hcm) đã tổ chức dạy bơi miễn phí cho các học sinh ở khu vực này.","Để rèn luyện kỹ năng sinh tồn cho trẻ vùng sông nước, Trường tiểu học Lý Nhơn (huyện Cần Giờ, TP.HCM) đã tổ chức dạy bơi miễn phí cho các học sinh ở khu vực này.",1,0.001145
"khi trùng tu thánh địa mỹ sơn (ở huyện duy xuyên, tỉnh quảng nam), vấn đề đau đầu nhất đối với cơ quan quản lý là tìm ra nơi sản xuất loại gạch cổ từng được dùng.","Khi trùng tu Thánh địa Mỹ Sơn (ở huyện Duy Xuyên, tỉnh Quảng Nam), vấn đề đau đầu nhất đối với cơ quan quản lý là tìm ra nơi sản xuất loại gạch cổ từng được dùng.",1,0.001145
"nhằm trang bị kỹ năng bơi lội giúp hạn chế nguy cơ xảy ra đuối nước ở trẻ, đặc biệt là đối với trẻ có hoàn cảnh khó khăn ở tp.hcm, một lớp dạy bơi miễn phí đã được mở ra.","Nhằm trang bị kỹ năng bơi lội giúp hạn chế nguy cơ xảy ra đuối nước ở trẻ, đặc biệt là đối với trẻ có hoàn cảnh khó khăn ở TP.HCM, một lớp dạy bơi miễn phí đã được mở ra.",1,0.001145
"gần 2 năm qua, một lớp học xóa mù chữ đặc biệt giữa rừng đăk sơmei, huyện đăk đoa, tỉnh gia lai vẫn sáng đèn. người đứng lớp là các giáo viên trường tiểu học đăk sơmei, còn học viên là những phụ nữ ba na đã lớn tuổi.","Gần 2 năm qua, một lớp học xóa mù chữ đặc biệt giữa rừng Đăk Sơmei, huyện Đăk Đoa, tỉnh Gia Lai vẫn sáng đèn. Người đứng lớp là các giáo viên Trường tiểu học Đăk Sơmei, còn học viên là những phụ nữ Ba Na đã lớn tuổi.",1,0.001145
"thời gian gần đây trên mạng xã hội xuất hiện video về gánh hàng rong độc lạ và trở nên nổi tiếng vì bà chủ đêm nào cũng ngủ quên, khách đến mua phải tự trộn bánh tráng.","Thời gian gần đây trên mạng xã hội xuất hiện video về gánh hàng rong độc lạ và trở nên nổi tiếng vì bà chủ đêm nào cũng ngủ quên, khách đến mua phải tự trộn bánh tráng.",1,0.001145
"vốn học ngành điện tử công nghiệp, chàng trai trịnh hán quang (25 tuổi, ngụ quận tân bình, tp.hcm) lại bén duyên với công việc phục chế sách.","Vốn học ngành điện tử công nghiệp, chàng trai Trịnh Hán Quang (25 tuổi, ngụ quận Tân Bình, TP.HCM) lại bén duyên với công việc phục chế sách.",1,0.001145
"hơn 3 tháng qua, những người khó khăn có thể ghé vào lấy một phần cơm miễn phí tại một quán cơm nằm trên đường nguyễn ảnh thủ, xã bà điểm, huyện hóc môn, tp.hcm.","Hơn 3 tháng qua, những người khó khăn có thể ghé vào lấy một phần cơm miễn phí tại một quán cơm nằm trên đường Nguyễn Ảnh Thủ, xã Bà Điểm, huyện Hóc Môn, TP.HCM.",1,0.001145
bệnh vảy nến - một căn bệnh gieo rắc nỗi kinh hoàng cho nhiều người. hành trình chống chọi với căn bệnh này chưa bao giờ là dễ dàng.,Bệnh vảy nến - một căn bệnh gieo rắc nỗi kinh hoàng cho nhiều người. Hành trình chống chọi với căn bệnh này chưa bao giờ là dễ dàng.,1,0.001145
"cứ hơn 20h mỗi tối thứ sáu và thứ bảy hằng tuần tại phố ẩm thực vĩnh khánh (quận 4, tp.hcm) lại xuất hiện nhóm bạn trẻ có tên 'hát để sẻ chia - singing for sharing', mang tiếng hát kêu gọi sự chung tay cùng giúp đỡ bệnh nhi khó khăn.","Cứ hơn 20h mỗi tối thứ sáu và thứ bảy hằng tuần tại phố ẩm thực Vĩnh Khánh (quận 4, TP.HCM) lại xuất hiện nhóm bạn trẻ có tên 'Hát để sẻ chia - Singing For Sharing', mang tiếng hát kêu gọi sự chung tay cùng giúp đỡ bệnh nhi khó khăn.",1,0.001145
"xơ mướp - một thứ tưởng chừng như bỏ đi nhưng qua bàn tay khéo léo của anh mạc như nhân (quận 12, tp.hcm) lại biến thành những vật dụng hữu ích, vừa thân thiện với môi trường vừa giúp nâng tầm giá trị của nông sản việt.","Xơ mướp - một thứ tưởng chừng như bỏ đi nhưng qua bàn tay khéo léo của anh Mạc Như Nhân (quận 12, TP.HCM) lại biến thành những vật dụng hữu ích, vừa thân thiện với môi trường vừa giúp nâng tầm giá trị của nông sản Việt.",1,0.001145
"chỉ bằng những mảnh bìa giấy thùng carton, huỳnh minh hưng (25 tuổi, tp vĩnh long, tỉnh vĩnh long) đã xé nhỏ ra, cố định bằng keo và những thanh tăm tre rồi dùng đèn chiếu tạo thành những bức chân dung chân thực.","Chỉ bằng những mảnh bìa giấy thùng carton, Huỳnh Minh Hưng (25 tuổi, TP Vĩnh Long, tỉnh Vĩnh Long) đã xé nhỏ ra, cố định bằng keo và những thanh tăm tre rồi dùng đèn chiếu tạo thành những bức chân dung chân thực.",1,0.001145
anh châu thành toàn (ngụ ở tp.hcm) đã có hơn 22 năm gắn bó với thể thao người khuyết tật. sự quan tâm của anh dành cho các vận động viên thể thao người khuyết tật truyền đi thông điệp đầy ý nghĩa.,Anh Châu Thành Toàn (ngụ ở TP.HCM) đã có hơn 22 năm gắn bó với thể thao người khuyết tật. Sự quan tâm của anh dành cho các vận động viên thể thao người khuyết tật truyền đi thông điệp đầy ý nghĩa.,1,0.001145
"có mặt hơn 200 năm, nước mắm truyền thống phú quốc trải qua nhiều giai đoạn thăng trầm. đặc biệt, kể từ lúc ảnh hưởng dịch covid-19, nước mắm truyền thống phú quốc rơi vào giai đoạn khó khăn nhất, nước mắm nguyên liệu tồn đọng nhiều.","Có mặt hơn 200 năm, nước mắm truyền thống Phú Quốc trải qua nhiều giai đoạn thăng trầm. Đặc biệt, kể từ lúc ảnh hưởng dịch COVID-19, nước mắm truyền thống Phú Quốc rơi vào giai đoạn khó khăn nhất, nước mắm nguyên liệu tồn đọng nhiều.",1,0.001145
"từ niềm đam mê với cây xương rồng, chàng trai 9x ở tp phan rang - tháp chàm, tỉnh ninh thuận đã lai tạo thành công giống xương rồng có nguồn gốc từ thái lan, cho ra gần 300 màu sắc khác nhau.","Từ niềm đam mê với cây xương rồng, chàng trai 9X ở TP Phan Rang - Tháp Chàm, tỉnh Ninh Thuận đã lai tạo thành công giống xương rồng có nguồn gốc từ Thái Lan, cho ra gần 300 màu sắc khác nhau.",1,0.001145
"khởi nghiệp thường được bắt nguồn từ những ý tưởng có tính đột phá và khác biệt trong nhiều lĩnh vực. tuy nhiên, để khởi nghiệp thành công và mang lại những giá trị cho cuộc sống là một điều càng đáng trân quý.","Khởi nghiệp thường được bắt nguồn từ những ý tưởng có tính đột phá và khác biệt trong nhiều lĩnh vực. Tuy nhiên, để khởi nghiệp thành công và mang lại những giá trị cho cuộc sống là một điều càng đáng trân quý.",1,0.001145
"thương những chú mèo hoang bữa đói, bữa no, hoàng anh tú (24 tuổi, quê lâm đồng, đang làm việc tại tỉnh bình dương) đã tạo ra một số sản phẩm gốm bán để kiếm thêm ít tiền mua thức ăn cho chúng.","Thương những chú mèo hoang bữa đói, bữa no, Hoàng Anh Tú (24 tuổi, quê Lâm Đồng, đang làm việc tại tỉnh Bình Dương) đã tạo ra một số sản phẩm gốm bán để kiếm thêm ít tiền mua thức ăn cho chúng.",1,0.001145
"vốn xuất thân từ ngành du lịch, sau khi tốt nghiệp đại học, thạch ngọc phúc yên chọn làm việc cho một trung tâm anh ngữ tại tp.hcm nhưng lại trúng vào thời điểm dịch covid-19 bùng phát.","Vốn xuất thân từ ngành du lịch, sau khi tốt nghiệp đại học, Thạch Ngọc Phúc Yên chọn làm việc cho một trung tâm Anh ngữ tại TP.HCM nhưng lại trúng vào thời điểm dịch COVID-19 bùng phát.",1,0.001145
"một chủ quán phở ở tp sa đéc, tỉnh đồng tháp đã có một việc làm ý nghĩa là mỗi tháng dành riêng một ngày phục vụ phở 0 đồng cho bà con nghèo.","Một chủ quán phở ở TP Sa Đéc, tỉnh Đồng Tháp đã có một việc làm ý nghĩa là mỗi tháng dành riêng một ngày phục vụ phở 0 đồng cho bà con nghèo.",1,0.001145
#baotuoitre #lantoanangluongtichcuc,#baotuoitre #lantoanangluongtichcuc,1,0.001145
"mảnh đất tây nguyên - nơi đồng bào các dân tộc thiểu số từ quá trình lao động, sản xuất của mình đã sáng tạo ra những di sản âm nhạc dân gian rất đặc sắc và độc đáo, không chỉ mang giá trị về nghệ thuật mà còn về văn hóa, lịch sử.","Mảnh đất Tây Nguyên - nơi đồng bào các dân tộc thiểu số từ quá trình lao động, sản xuất của mình đã sáng tạo ra những di sản âm nhạc dân gian rất đặc sắc và độc đáo, không chỉ mang giá trị về nghệ thuật mà còn về văn hóa, lịch sử.",1,0.001145
"với mong muốn chia sẻ cùng những người khó khăn, hơn 8 năm qua, anh nguyễn thanh xong (tên thường gọi là phong) vẫn miệt mài đóng góp và là thành viên thường trực của ban điều hành bếp ăn tình thương bệnh viện đa khoa sa đéc, đồng tháp.","Với mong muốn chia sẻ cùng những người khó khăn, hơn 8 năm qua, anh Nguyễn Thanh Xong (tên thường gọi là Phong) vẫn miệt mài đóng góp và là thành viên thường trực của ban điều hành bếp ăn tình thương Bệnh viện Đa khoa Sa Đéc, Đồng Tháp.",1,0.001145
"chỉ với 2.000 đồng, người lao động nghèo có thể mua được bánh mì và với 5.000 đồng mua được 1 suất cơm trưa. đây là cách hỗ trợ những hoàn cảnh khó khăn của một bếp cơm xã hội ở tp buôn ma thuột, tỉnh đắk lắk.","Chỉ với 2.000 đồng, người lao động nghèo có thể mua được bánh mì và với 5.000 đồng mua được 1 suất cơm trưa. Đây là cách hỗ trợ những hoàn cảnh khó khăn của một bếp cơm xã hội ở TP Buôn Ma Thuột, tỉnh Đắk Lắk.",1,0.001145
"dưới những tán cây xanh mát, 30 mái nhà sàn mộc mạc ở làng thái hải, tp thái nguyên hiện lên trong làn sương sớm. nơi đây còn được nhiều người gọi bằng cái tên 'bản làng hạnh phúc'.","Dưới những tán cây xanh mát, 30 mái nhà sàn mộc mạc ở làng Thái Hải, TP Thái Nguyên hiện lên trong làn sương sớm. Nơi đây còn được nhiều người gọi bằng cái tên 'bản làng hạnh phúc'.",1,0.001145
"hơn 12 năm sau khi hệ thống rải và đùa lúa trong lò sấy đạt giải nhì tại hội thi sáng tạo kỹ thuật tỉnh an giang được ứng dụng rộng rãi, thì nay ông nguyễn hoàng phong lại tiếp tục có những ứng dụng góp phần cơ giới hóa sản xuất nông nghiệp.","Hơn 12 năm sau khi Hệ thống rải và đùa lúa trong lò sấy đạt giải nhì tại Hội thi sáng tạo kỹ thuật tỉnh An Giang được ứng dụng rộng rãi, thì nay ông Nguyễn Hoàng Phong lại tiếp tục có những ứng dụng góp phần cơ giới hóa sản xuất nông nghiệp.",1,0.001145
"gần 10 năm qua, có một lớp dạy đàn piano đặc biệt, miễn phí cho người cao tuổi được tổ chức đều đặn tại tp thủ đức (tp.hcm). đó là trung tâm âm nhạc upponia.","Gần 10 năm qua, có một lớp dạy đàn piano đặc biệt, miễn phí cho người cao tuổi được tổ chức đều đặn tại TP Thủ Đức (TP.HCM). Đó là Trung tâm âm nhạc Upponia.",1,0.001145
#lantoanangluongtichcuc #baotuoitre #piano,#lantoanangluongtichcuc #baotuoitre #piano,1,0.001145
"nông trại người giữ rừng tọa lạc tại ấp phước hòa, xã thạnh phước, huyện bình đại, tỉnh bến tre được biết đến là nơi tiên phong xây dựng mô hình giữ và trồng rừng, nuôi trồng thủy sản kết hợp khai thác du lịch.","Nông trại Người giữ rừng tọa lạc tại ấp Phước Hòa, xã Thạnh Phước, huyện Bình Đại, tỉnh Bến Tre được biết đến là nơi tiên phong xây dựng mô hình giữ và trồng rừng, nuôi trồng thủy sản kết hợp khai thác du lịch.",1,0.001145
"ra đời từ năm 2012, câu lạc bộ fana do chị phùng thị hồng muội thành lập, với mục đích lan tỏa yêu thương đến những hoàn cảnh khó khăn. fana là tên viết tắt của family are nắng ấm.","Ra đời từ năm 2012, câu lạc bộ FANA do chị Phùng Thị Hồng Muội thành lập, với mục đích lan tỏa yêu thương đến những hoàn cảnh khó khăn. FANA là tên viết tắt của Family are Nắng Ấm.",1,0.001145
"ngày chưa lập gia đình, tôi hăng hái tham gia khám bệnh thiện nguyện, chỉ cần thấy thông báo có chuyến đi là tôi đăng ký. giờ có gia đình, những chuyến thiện nguyện tham gia ít lại.","Ngày chưa lập gia đình, tôi hăng hái tham gia khám bệnh thiện nguyện, chỉ cần thấy thông báo có chuyến đi là tôi đăng ký. Giờ có gia đình, những chuyến thiện nguyện tham gia ít lại.",1,0.001145
"ký ức về tuổi học trò là khoảng ký ức khó quên đối với mỗi người. trong 15 năm qua anh nguyễn văn đương (tp thuận an, tỉnh bình dương) đã sưu tầm những bộ sách giáo khoa, vở học sinh và những quyển lưu bút để lưu giữ lại những kỷ niệm học trò.","Ký ức về tuổi học trò là khoảng ký ức khó quên đối với mỗi người. Trong 15 năm qua anh Nguyễn Văn Đương (TP Thuận An, tỉnh Bình Dương) đã sưu tầm những bộ sách giáo khoa, vở học sinh và những quyển lưu bút để lưu giữ lại những kỷ niệm học trò.",1,0.001145
"có niềm đam mê với tinh thể từ những năm học cấp 2 thông qua những bộ sách khoa học, những trò chơi điện tử. theo năm tháng niềm đam mê ấy lớn dần, chàng trai nguyễn bá tuyên ở quận bình thạnh, tp.hcm bắt đầu nghiên cứu nuôi và sưu tầm tinh thể.","Có niềm đam mê với tinh thể từ những năm học cấp 2 thông qua những bộ sách khoa học, những trò chơi điện tử. Theo năm tháng niềm đam mê ấy lớn dần, chàng trai Nguyễn Bá Tuyên ở quận Bình Thạnh, TP.HCM bắt đầu nghiên cứu nuôi và sưu tầm tinh thể.",1,0.001145
"hàng chục năm qua, lương y nguyễn văn long (79 tuổi, thôn vĩnh trung, xã cam an nam, huyện cam lâm, tỉnh khánh hòa) vẫn miệt mài khám, chữa bệnh miễn phí cho người dân có hoàn cảnh khó khăn trên địa bàn.","Hàng chục năm qua, lương y Nguyễn Văn Long (79 tuổi, thôn Vĩnh Trung, xã Cam An Nam, huyện Cam Lâm, tỉnh Khánh Hòa) vẫn miệt mài khám, chữa bệnh miễn phí cho người dân có hoàn cảnh khó khăn trên địa bàn.",1,0.001145
"gian hàng 0 đồng của bà bùi thị thu uyên ở cư xá thanh đa, quận bình thạnh, tp.hcm được ra đời vào ngày 28-10-2023 với mục đích chia sẻ và kết nối yêu thương.","Gian hàng 0 đồng của bà Bùi Thị Thu Uyên ở cư xá Thanh Đa, quận Bình Thạnh, TP.HCM được ra đời vào ngày 28-10-2023 với mục đích chia sẻ và kết nối yêu thương.",1,0.001145
"nằm sâu trong một con hẻm trên đường hoàng hoa thám, quận bình thạnh, tp.hcm có một lớp học làm bánh miễn phí của cô nguyễn thị hồng hạnh được rất nhiều người yêu thích bộ môn làm bánh biết đến.","Nằm sâu trong một con hẻm trên đường Hoàng Hoa Thám, quận Bình Thạnh, TP.HCM có một lớp học làm bánh miễn phí của cô Nguyễn Thị Hồng Hạnh được rất nhiều người yêu thích bộ môn làm bánh biết đến.",1,0.001145
"'sửa xe ngày và đêm: có tiền cũng vá, không tiền cũng vá. tự bơm miễn phí. gọi đừng ngại', đó là những dòng chữ được in trên tấm bảng dễ thương ở một tiệm sửa xe tại tp.hcm.","'Sửa xe ngày và đêm: Có tiền cũng vá, không tiền cũng vá. Tự bơm miễn phí. Gọi đừng ngại', đó là những dòng chữ được in trên tấm bảng dễ thương ở một tiệm sửa xe tại TP.HCM.",1,0.001145
"trên bàn, trên tường, trong tủ... những chiếc kèn đồng đủ các kích thước được treo, trưng bày là cả gia tài của nghệ nhân nguyễn văn cường - người dành cả đời cho những chiếc kèn tây.","Trên bàn, trên tường, trong tủ… những chiếc kèn đồng đủ các kích thước được treo, trưng bày là cả gia tài của nghệ nhân Nguyễn Văn Cường - người dành cả đời cho những chiếc kèn Tây.",1,0.001145
"cách đây 2 năm, đội cứu hộ giao thông của hội cựu chiến binh xã tân hòa, huyện lai vung, tỉnh đồng tháp được thành lập với mục đích hỗ trợ những trường hợp người dân đi đường không may gặp sự cố giao thông.","Cách đây 2 năm, Đội cứu hộ giao thông của Hội Cựu chiến binh xã Tân Hòa, huyện Lai Vung, tỉnh Đồng Tháp được thành lập với mục đích hỗ trợ những trường hợp người dân đi đường không may gặp sự cố giao thông.",1,0.001145
"sinh ra với đôi chân khoèo, những đứa trẻ sẽ đối diện một cuộc đời buồn nếu không có những tấm lòng tốt. một dự án nghĩa tình 'tìm lại' đôi chân cho trẻ em vùng cao đã mang đến nụ cười từ những trẻ không may mắn.","Sinh ra với đôi chân khoèo, những đứa trẻ sẽ đối diện một cuộc đời buồn nếu không có những tấm lòng tốt. Một dự án nghĩa tình 'tìm lại' đôi chân cho trẻ em vùng cao đã mang đến nụ cười từ những trẻ không may mắn.",1,0.001145
'không có đấng sinh thành nào muốn con mình không hoàn hảo. không một ai muốn mình mãi mãi chỉ là một kẻ để người khác phải cõng trên vai...'.,'Không có đấng sinh thành nào muốn con mình không hoàn hảo. Không một ai muốn mình mãi mãi chỉ là một kẻ để người khác phải cõng trên vai...'.,1,0.001145
"gần 2 tháng qua, căn nhà trên đường phan chu trinh, khu phố đông nhì, phường lái thiêu, tp thuận an (tỉnh bình dương) được anh trần văn tuấn thuê để thực hiện mong muốn của cả gia đình. đó là mở bếp cơm nghĩa tình.","Gần 2 tháng qua, căn nhà trên đường Phan Chu Trinh, khu phố Đông Nhì, phường Lái Thiêu, TP Thuận An (tỉnh Bình Dương) được anh Trần Văn Tuấn thuê để thực hiện mong muốn của cả gia đình. Đó là mở Bếp cơm nghĩa tình.",1,0.001145
#lantoanangluongtichcuc #cho_đi_là_còn_mãi,#lantoanangluongtichcuc #cho_đi_là_còn_mãi,1,0.001145
"với mong muốn tạo ra nhiều nguồn giống cây trồng chất lượng ngay trên quê hương mình, chị nguyễn phượng hằng (huyện lấp vò, tỉnh đồng tháp) đã quyết định khởi nghiệp với mô hình sản xuất và cung cấp cây giống bằng phương pháp nuôi cấy mô.","Với mong muốn tạo ra nhiều nguồn giống cây trồng chất lượng ngay trên quê hương mình, chị Nguyễn Phượng Hằng (huyện Lấp Vò, tỉnh Đồng Tháp) đã quyết định khởi nghiệp với mô hình sản xuất và cung cấp cây giống bằng phương pháp nuôi cấy mô.",1,0.001145
"đam mê với bộ môn làm bánh và lại có năng khiếu về hội họa, chàng trai 25 tuổi nguyễn hữu thiên ân (quận phú nhuận, tp.hcm) đã sáng tạo ra những chiếc bánh vẽ chân dung, điêu khắc kiến trúc đầy tính nghệ thuật.","Đam mê với bộ môn làm bánh và lại có năng khiếu về hội họa, chàng trai 25 tuổi Nguyễn Hữu Thiên Ân (quận Phú Nhuận, TP.HCM) đã sáng tạo ra những chiếc bánh vẽ chân dung, điêu khắc kiến trúc đầy tính nghệ thuật.",1,0.001145
đọc sách không chỉ là cách thu thập tri thức mà còn là hành trình khám phá thế giới qua từng trang sách. sách mở ra những chân trời mới và giúp chúng ta hiểu biết về những nền văn hóa khác nhau.,Đọc sách không chỉ là cách thu thập tri thức mà còn là hành trình khám phá thế giới qua từng trang sách. Sách mở ra những chân trời mới và giúp chúng ta hiểu biết về những nền văn hóa khác nhau.,1,0.001145
"ở xã thống nhất, huyện bù đăng, tỉnh bình phước của chúng tôi có hơn 50 nóc nhà cao tầng nuôi yến. nhưng chỉ có độ hơn mười nhà có yến đến làm tổ.","Ở xã Thống Nhất, huyện Bù Đăng, tỉnh Bình Phước của chúng tôi có hơn 50 nóc nhà cao tầng nuôi yến. Nhưng chỉ có độ hơn mười nhà có yến đến làm tổ.",1,0.001145
"thời gian gần đây, tranh sinh học được người trẻ rất quan tâm. xuất phát từ xu thế sống xanh, nhóm sinh viên trường đại học văn lang quyết định khởi nghiệp với dòng tranh sinh học có tên gọi biopicture.","Thời gian gần đây, tranh sinh học được người trẻ rất quan tâm. Xuất phát từ xu thế sống xanh, nhóm sinh viên Trường đại học Văn Lang quyết định khởi nghiệp với dòng tranh sinh học có tên gọi BioPicture.",1,0.001145
"cách đây một năm, từng có những lúc tôi chìm trong tâm trạng tự ti, cảm thấy bản thân vô dụng. sự phủ nhận bản thân dần bào mòn năng lượng của tôi, khiến tôi kiệt sức đến mức cả cơ thể như 'sập nguồn'.","Cách đây một năm, từng có những lúc tôi chìm trong tâm trạng tự ti, cảm thấy bản thân vô dụng. Sự phủ nhận bản thân dần bào mòn năng lượng của tôi, khiến tôi kiệt sức đến mức cả cơ thể như 'sập nguồn'.",1,0.001145
#tinnong #lantoanangluongtichcuc #baotuoitre,#tinnong #lantoanangluongtichcuc #baotuoitre,1,0.001145
"trong những năm qua, cô huỳnh thị thy hải (67 tuổi, ở khu phố trung hòa, thị trấn củng sơn, huyện sơn hòa, tỉnh phú yên) luôn hết mình với hoạt động từ thiện, nhân đạo.","Trong những năm qua, cô Huỳnh Thị Thy Hải (67 tuổi, ở khu phố Trung Hòa, thị trấn Củng Sơn, huyện Sơn Hòa, tỉnh Phú Yên) luôn hết mình với hoạt động từ thiện, nhân đạo.",1,0.001145
"nhiều năm qua, bệnh viện lê văn thịnh (tp.hcm) thường xuyên tổ chức phiên chợ 0 đồng. chương trình dành tặng nhiều phần quà ý nghĩa đến bệnh nhân và nhân viên y tế của bệnh viện.","Nhiều năm qua, Bệnh viện Lê Văn Thịnh (TP.HCM) thường xuyên tổ chức phiên chợ 0 đồng. Chương trình dành tặng nhiều phần quà ý nghĩa đến bệnh nhân và nhân viên y tế của bệnh viện.",1,0.001145
#cuocthi #bệnhviện,#cuocthi #bệnhviện,1,0.001145
"họ là cha mẹ của những đứa trẻ đặc biệt - mắc chứng tự kỷ. họ từng có những năm tháng mệt mỏi và cạn kiệt sức lực, tưởng như rơi xuống đáy tận cùng của cuộc đời, thậm chí từng có những ý định từ bỏ thế giới này để được giải thoát.","Họ là cha mẹ của những đứa trẻ đặc biệt - mắc chứng tự kỷ. Họ từng có những năm tháng mệt mỏi và cạn kiệt sức lực, tưởng như rơi xuống đáy tận cùng của cuộc đời, thậm chí từng có những ý định từ bỏ thế giới này để được giải thoát.",1,0.001145
"với mong muốn giúp người nông dân tưới tiêu hiệu quả, tiết kiệm thời gian, nhóm 3 bạn sinh viên của trường cao đẳng kỹ thuật cao thắng đã nghiên cứu và chế tạo thành công hệ thống bơm nước tự động điều khiển qua app trên điện thoại.","Với mong muốn giúp người nông dân tưới tiêu hiệu quả, tiết kiệm thời gian, nhóm 3 bạn sinh viên của Trường cao đẳng Kỹ thuật Cao Thắng đã nghiên cứu và chế tạo thành công hệ thống bơm nước tự động điều khiển qua app trên điện thoại.",1,0.001145
biến đam mê máy ảnh thành cơ hội trải nghiệm và kiếm thêm thu nhập là cách mà một số bạn trẻ thích chụp ảnh hướng đến. 'điều gì xuất phát từ trái tim sẽ gặt hái được quả ngọt' - đây là thông điệp mà hai bạn trẻ tại tp.hcm muốn lan tỏa đến cuộc thi.,Biến đam mê máy ảnh thành cơ hội trải nghiệm và kiếm thêm thu nhập là cách mà một số bạn trẻ thích chụp ảnh hướng đến. 'Điều gì xuất phát từ trái tim sẽ gặt hái được quả ngọt' - đây là thông điệp mà hai bạn trẻ tại TP.HCM muốn lan tỏa đến cuộc thi.,1,0.001145
"cuộc thi lan tỏa năng lượng tích cực lần 5 - năm 2024 đã quay trở lại! mới mẻ, hấp dẫn với chủ đề 'từ trái tim đến trái tim', diễn ra từ ngày 1-8 đến 31-10.","Cuộc thi Lan tỏa năng lượng tích cực lần 5 - năm 2024 đã quay trở lại! Mới mẻ, hấp dẫn với chủ đề 'Từ trái tim đến trái tim', diễn ra từ ngày 1-8 đến 31-10.",1,0.001145
